ISO-10303-21;
HEADER;
FILE_DESCRIPTION (( 'STEP AP214' ),
    '1' );
FILE_NAME ('NPPC221LFBN-RC.STEP',
    '2024-10-30T12:15:17',
    ( '' ),
    ( '' ),
    'SwSTEP 2.0',
    'SolidWorks 2021',
    '' );
FILE_SCHEMA (( 'AUTOMOTIVE_DESIGN' ));
ENDSEC;

DATA;
#1 = CARTESIAN_POINT ( 'NONE',  ( -12.70000000000000462, -1.925929944387235853E-31, 0.8889999999999991243 ) ) ;
#2 = VERTEX_POINT ( 'NONE', #2299 ) ;
#3 = PRESENTATION_LAYER_ASSIGNMENT (  '', '', ( #5420 ) ) ;
#4 = EDGE_CURVE ( 'NONE', #4658, #1486, #475, .T. ) ;
#5 = LINE ( 'NONE', #7134, #9226 ) ;
#6 = DIRECTION ( 'NONE',  ( 0.000000000000000000, -1.000000000000000000, -2.548365665731588345E-16 ) ) ;
#7 = CARTESIAN_POINT ( 'NONE',  ( 17.77999999999999758, 0.5080000000000000071, 0.7528818102449925664 ) ) ;
#8 = DIRECTION ( 'NONE',  ( 0.000000000000000000, -0.9659258262890700886, 0.2588190451025140781 ) ) ;
#9 = DIRECTION ( 'NONE',  ( 0.000000000000000000, -1.733406087350420004E-16, 1.000000000000000000 ) ) ;
#10 = ORIENTED_EDGE ( 'NONE', *, *, #1105, .T. ) ;
#11 = DIRECTION ( 'NONE',  ( 0.000000000000000000, 1.000000000000000000, 2.548365665731588345E-16 ) ) ;
#12 = LINE ( 'NONE', #9859, #3163 ) ;
#13 = LINE ( 'NONE', #9084, #9724 ) ;
#14 = CARTESIAN_POINT ( 'NONE',  ( -25.84450000000000713, 8.509000000000000341, -1.270000000000001128 ) ) ;
#15 = ORIENTED_EDGE ( 'NONE', *, *, #8284, .T. ) ;
#16 = FACE_OUTER_BOUND ( 'NONE', #8741, .T. ) ;
#17 = DIRECTION ( 'NONE',  ( -1.000000000000000000, -0.000000000000000000, -0.000000000000000000 ) ) ;
#18 = ORIENTED_EDGE ( 'NONE', *, *, #8202, .F. ) ;
#19 = EDGE_CURVE ( 'NONE', #7633, #3508, #10237, .T. ) ;
#20 = CARTESIAN_POINT ( 'NONE',  ( -5.080000000000004512, 2.177422008883992879E-16, -0.8890000000000013447 ) ) ;
#21 = ORIENTED_EDGE ( 'NONE', *, *, #8296, .T. ) ;
#22 = CARTESIAN_POINT ( 'NONE',  ( -12.70000000000000462, 2.177422008883992879E-16, -0.8890000000000013447 ) ) ;
#23 = DIRECTION ( 'NONE',  ( 0.000000000000000000, -1.440069553722777377E-16, 1.000000000000000000 ) ) ;
#24 = LINE ( 'NONE', #6297, #4459 ) ;
#25 = VECTOR ( 'NONE', #3897, 1000.000000000000000 ) ;
#26 = PLANE ( 'NONE',  #12748 ) ;
#27 = CARTESIAN_POINT ( 'NONE',  ( -14.35100000000000442, 7.239000000000000767, 0.3809999999999962861 ) ) ;
#28 = ORIENTED_EDGE ( 'NONE', *, *, #11923, .T. ) ;
#29 = ADVANCED_FACE ( 'NONE', ( #12471 ), #7463, .F. ) ;
#30 = DIRECTION ( 'NONE',  ( 1.000000000000000000, 0.000000000000000000, 0.000000000000000000 ) ) ;
#31 = LINE ( 'NONE', #6179, #7193 ) ;
#32 = VERTEX_POINT ( 'NONE', #6426 ) ;
#33 = VECTOR ( 'NONE', #10635, 1000.000000000000000 ) ;
#34 = EDGE_CURVE ( 'NONE', #3431, #1081, #5310, .T. ) ;
#35 = DIRECTION ( 'NONE',  ( 0.000000000000000000, 0.000000000000000000, 1.000000000000000000 ) ) ;
#36 = EDGE_LOOP ( 'NONE', ( #594, #8425, #2964, #9413 ) ) ;
#37 = DIRECTION ( 'NONE',  ( -1.000000000000000000, -0.000000000000000000, -0.000000000000000000 ) ) ;
#38 = DIRECTION ( 'NONE',  ( 0.000000000000000000, -0.7071067811865484609, 0.7071067811865465735 ) ) ;
#39 = DIRECTION ( 'NONE',  ( -1.000000000000000000, 0.000000000000000000, -0.000000000000000000 ) ) ;
#40 = DIRECTION ( 'NONE',  ( 0.000000000000000000, -0.9659258262890699775, -0.2588190451025145222 ) ) ;
#41 = ORIENTED_EDGE ( 'NONE', *, *, #119, .F. ) ;
#42 = VECTOR ( 'NONE', #11302, 1000.000000000000000 ) ;
#43 = VECTOR ( 'NONE', #6001, 1000.000000000000000 ) ;
#44 = VERTEX_POINT ( 'NONE', #3534 ) ;
#45 = VERTEX_POINT ( 'NONE', #9285 ) ;
#46 = DIRECTION ( 'NONE',  ( 0.000000000000000000, 0.000000000000000000, 1.000000000000000000 ) ) ;
#47 = CARTESIAN_POINT ( 'NONE',  ( 20.31999999999999673, 0.000000000000000000, 0.000000000000000000 ) ) ;
#48 = VECTOR ( 'NONE', #4788, 999.9999999999998863 ) ;
#49 = DIRECTION ( 'NONE',  ( 0.000000000000000000, -0.9659258262890699775, -0.2588190451025145222 ) ) ;
#50 = PRESENTATION_STYLE_ASSIGNMENT (( #5210 ) ) ;
#51 = ORIENTED_EDGE ( 'NONE', *, *, #5658, .T. ) ;
#52 = LINE ( 'NONE', #11010, #12371 ) ;
#53 = FACE_OUTER_BOUND ( 'NONE', #8699, .T. ) ;
#54 = EDGE_CURVE ( 'NONE', #4441, #10587, #9344, .T. ) ;
#55 = DIRECTION ( 'NONE',  ( 0.000000000000000000, 0.000000000000000000, -1.000000000000000000 ) ) ;
#56 = ORIENTED_EDGE ( 'NONE', *, *, #3261, .F. ) ;
#57 = DIRECTION ( 'NONE',  ( 0.000000000000000000, 0.9659258262890700886, -0.2588190451025140781 ) ) ;
#58 = ORIENTED_EDGE ( 'NONE', *, *, #8795, .T. ) ;
#59 = PLANE ( 'NONE',  #5111 ) ;
#60 = AXIS2_PLACEMENT_3D ( 'NONE', #6987, #4158, #1289 ) ;
#61 = CARTESIAN_POINT ( 'NONE',  ( 26.28900000000000148, 8.064500000000000668, 0.3809999999999964526 ) ) ;
#62 = VERTEX_POINT ( 'NONE', #8429 ) ;
#63 = ADVANCED_FACE ( 'NONE', ( #1512 ), #5238, .F. ) ;
#64 = EDGE_CURVE ( 'NONE', #6470, #2923, #11673, .T. ) ;
#65 = VECTOR ( 'NONE', #11771, 1000.000000000000000 ) ;
#66 = EDGE_CURVE ( 'NONE', #10551, #2454, #10696, .T. ) ;
#67 = DIRECTION ( 'NONE',  ( 0.000000000000000000, 1.440069553722777130E-16, -1.000000000000000000 ) ) ;
#68 = ORIENTED_EDGE ( 'NONE', *, *, #2695, .T. ) ;
#69 = AXIS2_PLACEMENT_3D ( 'NONE', #1999, #5987, #9105 ) ;
#70 = CARTESIAN_POINT ( 'NONE',  ( -22.41550000000000509, 8.509000000000000341, 0.8254999999999981242 ) ) ;
#71 =( REPRESENTATION_RELATIONSHIP ('NONE','NONE', #7825, #3815 ) REPRESENTATION_RELATIONSHIP_WITH_TRANSFORMATION ( #3047 )SHAPE_REPRESENTATION_RELATIONSHIP( ) );
#72 = DIRECTION ( 'NONE',  ( 0.5773502691896253980, 0.5773502691896253980, -0.5773502691896265082 ) ) ;
#73 = CARTESIAN_POINT ( 'NONE',  ( -23.74900000000000588, 7.239000000000000767, -0.3810000000000025033 ) ) ;
#74 = FACE_OUTER_BOUND ( 'NONE', #4407, .T. ) ;
#75 = CARTESIAN_POINT ( 'NONE',  ( 11.04899999999999594, 8.064500000000000668, 0.3809999999999962861 ) ) ;
#76 = DIRECTION ( 'NONE',  ( -0.000000000000000000, 0.000000000000000000, -1.000000000000000000 ) ) ;
#77 = ADVANCED_FACE ( 'NONE', ( #9539 ), #10770, .F. ) ;
#78 = ORIENTED_EDGE ( 'NONE', *, *, #9869, .T. ) ;
#79 = LINE ( 'NONE', #1059, #555 ) ;
#80 = DIRECTION ( 'NONE',  ( 0.000000000000000000, -0.000000000000000000, 1.000000000000000000 ) ) ;
#81 = AXIS2_PLACEMENT_3D ( 'NONE', #6233, #4272, #5123 ) ;
#82 = DIRECTION ( 'NONE',  ( 0.000000000000000000, 2.449293598294710852E-16, -1.000000000000000000 ) ) ;
#83 = VECTOR ( 'NONE', #1744, 1000.000000000000000 ) ;
#84 = VECTOR ( 'NONE', #11926, 1000.000000000000000 ) ;
#85 = EDGE_CURVE ( 'NONE', #10876, #2918, #4781, .T. ) ;
#86 = VECTOR ( 'NONE', #5717, 1000.000000000000000 ) ;
#87 = CARTESIAN_POINT ( 'NONE',  ( 22.85999999999999943, -1.925929944387235853E-31, 0.8889999999999991243 ) ) ;
#88 = DIRECTION ( 'NONE',  ( -0.000000000000000000, 1.000000000000000000, 2.449293598294710852E-16 ) ) ;
#89 = ORIENTED_EDGE ( 'NONE', *, *, #5814, .F. ) ;
#90 = CARTESIAN_POINT ( 'NONE',  ( -0.8890000000000043423, 7.239000000000000767, 0.3809999999999962861 ) ) ;
#91 = ORIENTED_EDGE ( 'NONE', *, *, #3029, .F. ) ;
#92 = VECTOR ( 'NONE', #6617, 1000.000000000000000 ) ;
#93 = VECTOR ( 'NONE', #12069, 1000.000000000000000 ) ;
#94 = PLANE ( 'NONE',  #8396 ) ;
#95 = VECTOR ( 'NONE', #10067, 1000.000000000000000 ) ;
#96 = CARTESIAN_POINT ( 'NONE',  ( 15.23999999999999666, 8.509000000000000341, -1.270000000000001128 ) ) ;
#97 = DIRECTION ( 'NONE',  ( 0.000000000000000000, -5.054934237236841843E-31, -1.000000000000000000 ) ) ;
#98 = DIRECTION ( 'NONE',  ( 1.000000000000000000, 0.000000000000000000, 0.000000000000000000 ) ) ;
#99 = PLANE ( 'NONE',  #4130 ) ;
#100 = FACE_OUTER_BOUND ( 'NONE', #3605, .T. ) ;
#101 = VECTOR ( 'NONE', #7915, 1000.000000000000000 ) ;
#102 = ORIENTED_EDGE ( 'NONE', *, *, #1336, .T. ) ;
#103 = DIRECTION ( 'NONE',  ( 0.000000000000000000, 0.9659258262890699775, 0.2588190451025145222 ) ) ;
#104 = CARTESIAN_POINT ( 'NONE',  ( -12.70000000000000462, 8.509000000000000341, -1.270000000000001128 ) ) ;
#105 = VECTOR ( 'NONE', #8355, 1000.000000000000000 ) ;
#106 = ORIENTED_EDGE ( 'NONE', *, *, #8324, .F. ) ;
#107 = VECTOR ( 'NONE', #10094, 1000.000000000000000 ) ;
#108 = AXIS2_PLACEMENT_3D ( 'NONE', #7758, #4962, #7895 ) ;
#109 = PLANE ( 'NONE',  #4462 ) ;
#110 = AXIS2_PLACEMENT_3D ( 'NONE', #12660, #11738, #1581 ) ;
#111 = VERTEX_POINT ( 'NONE', #10501 ) ;
#112 = EDGE_CURVE ( 'NONE', #7676, #11195, #10568, .T. ) ;
#113 = CARTESIAN_POINT ( 'NONE',  ( 9.270999999999993690, 7.239000000000000767, 0.3809999999999962861 ) ) ;
#114 = CARTESIAN_POINT ( 'NONE',  ( 8.762999999999996348, 7.810500000000000220, -0.1270000000000020557 ) ) ;
#115 = CARTESIAN_POINT ( 'NONE',  ( -4.191000000000003389, 8.064500000000000668, -0.3810000000000023368 ) ) ;
#116 = VERTEX_POINT ( 'NONE', #5619 ) ;
#117 = ORIENTED_EDGE ( 'NONE', *, *, #8672, .T. ) ;
#118 = VECTOR ( 'NONE', #8211, 1000.000000000000114 ) ;
#119 = EDGE_CURVE ( 'NONE', #12794, #8991, #12716, .T. ) ;
#120 = ORIENTED_EDGE ( 'NONE', *, *, #1699, .F. ) ;
#121 = ORIENTED_EDGE ( 'NONE', *, *, #6118, .F. ) ;
#122 = PLANE ( 'NONE',  #4228 ) ;
#123 = DIRECTION ( 'NONE',  ( -0.000000000000000000, 0.000000000000000000, -1.000000000000000000 ) ) ;
#124 = DIRECTION ( 'NONE',  ( 0.000000000000000000, 0.9659258262890700886, -0.2588190451025140781 ) ) ;
#125 = ADVANCED_FACE ( 'NONE', ( #8617 ), #11614, .F. ) ;
#126 = DIRECTION ( 'NONE',  ( 0.000000000000000000, 1.440069553722777130E-16, -1.000000000000000000 ) ) ;
#127 = CARTESIAN_POINT ( 'NONE',  ( -10.16000000000000547, 2.177422008883992879E-16, -0.8890000000000013447 ) ) ;
#128 = ORIENTED_EDGE ( 'NONE', *, *, #11790, .T. ) ;
#129 = CARTESIAN_POINT ( 'NONE',  ( -0.8890000000000043423, 8.064500000000000668, 0.3809999999999964526 ) ) ;
#130 = PLANE ( 'NONE',  #11462 ) ;
#131 = ORIENTED_EDGE ( 'NONE', *, *, #11254, .F. ) ;
#132 = CARTESIAN_POINT ( 'NONE',  ( -17.78000000000000469, 0.5080000000000002292, -0.7528818102449945648 ) ) ;
#133 = EDGE_LOOP ( 'NONE', ( #136, #2450, #1523, #730 ) ) ;
#134 = VECTOR ( 'NONE', #2724, 1000.000000000000114 ) ;
#135 = CARTESIAN_POINT ( 'NONE',  ( 25.39999999999999858, 0.5080000000000002292, -0.7528818102449945648 ) ) ;
#136 = ORIENTED_EDGE ( 'NONE', *, *, #3499, .T. ) ;
#137 = ADVANCED_FACE ( 'NONE', ( #8683 ), #12531, .F. ) ;
#138 = ADVANCED_FACE ( 'NONE', ( #9595, #6675 ), #741, .F. ) ;
#139 = DIRECTION ( 'NONE',  ( -0.000000000000000000, 1.000000000000000000, 1.733406087350420004E-16 ) ) ;
#140 = VERTEX_POINT ( 'NONE', #2564 ) ;
#141 = CARTESIAN_POINT ( 'NONE',  ( -28.19400000000000617, 3.110602869834277161E-16, -1.270000000000001128 ) ) ;
#142 = VECTOR ( 'NONE', #8109, 1000.000000000000000 ) ;
#143 = CARTESIAN_POINT ( 'NONE',  ( -5.080000000000004512, 0.000000000000000000, 1.269999999999998908 ) ) ;
#144 = DIRECTION ( 'NONE',  ( 0.000000000000000000, -1.000000000000000000, 0.000000000000000000 ) ) ;
#145 = DIRECTION ( 'NONE',  ( 0.000000000000000000, -1.000000000000000000, -2.548365665731588345E-16 ) ) ;
#146 = CARTESIAN_POINT ( 'NONE',  ( -20.32000000000000384, 8.509000000000000341, 1.270000000000001128 ) ) ;
#147 = LINE ( 'NONE', #3139, #7113 ) ;
#148 = EDGE_CURVE ( 'NONE', #12496, #9626, #2694, .T. ) ;
#149 = ORIENTED_EDGE ( 'NONE', *, *, #7770, .T. ) ;
#150 = LINE ( 'NONE', #6086, #12410 ) ;
#151 = DIRECTION ( 'NONE',  ( 1.000000000000000000, 0.000000000000000000, 0.000000000000000000 ) ) ;
#152 = CARTESIAN_POINT ( 'NONE',  ( -19.87550000000000594, 8.509000000000000341, -0.8255000000000036753 ) ) ;
#153 = ADVANCED_FACE ( 'NONE', ( #859 ), #3854, .F. ) ;
#154 = DIRECTION ( 'NONE',  ( 0.000000000000000000, 0.000000000000000000, -1.000000000000000000 ) ) ;
#155 = ADVANCED_FACE ( 'NONE', ( #806 ), #5683, .F. ) ;
#156 = EDGE_CURVE ( 'NONE', #2895, #4885, #1768, .T. ) ;
#157 = VECTOR ( 'NONE', #9795, 1000.000000000000000 ) ;
#158 = CARTESIAN_POINT ( 'NONE',  ( 10.15999999999999481, 0.5080000000000002292, -0.7528818102449945648 ) ) ;
#159 = FACE_OUTER_BOUND ( 'NONE', #3969, .T. ) ;
#160 = DIRECTION ( 'NONE',  ( 0.000000000000000000, -1.000000000000000000, -2.548365665731588345E-16 ) ) ;
#161 = ORIENTED_EDGE ( 'NONE', *, *, #6619, .T. ) ;
#162 = DIRECTION ( 'NONE',  ( 1.000000000000000000, 0.000000000000000000, -0.000000000000000000 ) ) ;
#163 = ORIENTED_EDGE ( 'NONE', *, *, #8809, .T. ) ;
#164 = PLANE ( 'NONE',  #6735 ) ;
#165 = ADVANCED_FACE ( 'NONE', ( #5755 ), #3784, .F. ) ;
#166 = DIRECTION ( 'NONE',  ( 0.000000000000000000, 1.000000000000000000, 1.440069553722777377E-16 ) ) ;
#167 = CARTESIAN_POINT ( 'NONE',  ( 0.8889999999999974589, 7.239000000000000767, 0.3809999999999962861 ) ) ;
#168 = DIRECTION ( 'NONE',  ( 0.000000000000000000, 0.000000000000000000, 1.000000000000000000 ) ) ;
#169 = FACE_BOUND ( 'NONE', #8347, .T. ) ;
#170 = CARTESIAN_POINT ( 'NONE',  ( -13.58900000000000574, 7.239000000000000767, -0.3810000000000025033 ) ) ;
#171 = ORIENTED_EDGE ( 'NONE', *, *, #4932, .F. ) ;
#172 = CARTESIAN_POINT ( 'NONE',  ( 22.85999999999999943, 3.110602869834277161E-16, -1.270000000000001128 ) ) ;
#173 = LINE ( 'NONE', #11375, #11542 ) ;
#174 = ORIENTED_EDGE ( 'NONE', *, *, #12160, .F. ) ;
#175 = CARTESIAN_POINT ( 'NONE',  ( -0.3810000000000000053, 0.000000000000000000, 0.000000000000000000 ) ) ;
#176 = CONTEXT_DEPENDENT_SHAPE_REPRESENTATION ( #7181, #570 ) ;
#177 = ORIENTED_EDGE ( 'NONE', *, *, #860, .F. ) ;
#178 = LINE ( 'NONE', #307, #12717 ) ;
#179 = DIRECTION ( 'NONE',  ( -0.5773502691896253980, 0.5773502691896253980, -0.5773502691896265082 ) ) ;
#180 = CARTESIAN_POINT ( 'NONE',  ( 17.77999999999999758, 8.509000000000000341, -1.270000000000001128 ) ) ;
#181 = EDGE_CURVE ( 'NONE', #5399, #7258, #6807, .T. ) ;
#182 = ORIENTED_EDGE ( 'NONE', *, *, #10153, .F. ) ;
#183 = ORIENTED_EDGE ( 'NONE', *, *, #10694, .F. ) ;
#184 = EDGE_CURVE ( 'NONE', #4441, #3739, #9781, .T. ) ;
#185 = VECTOR ( 'NONE', #11234, 1000.000000000000000 ) ;
#186 = VERTEX_POINT ( 'NONE', #4969 ) ;
#187 = CARTESIAN_POINT ( 'NONE',  ( -24.51100000000000634, 7.239000000000000767, 0.3809999999999962861 ) ) ;
#188 = CARTESIAN_POINT ( 'NONE',  ( 40.64000000000000057, 7.239000000000000767, -2.201425730935033664E-16 ) ) ;
#189 = CLOSED_SHELL ( 'NONE', ( #6597, #1399, #11781, #1270, #1489, #715, #490, #8035, #9232, #204, #9670, #5952, #2580, #8336, #8583, #8879, #10215, #10939, #670 ) ) ;
#190 = FACE_BOUND ( 'NONE', #6454, .T. ) ;
#191 = ADVANCED_FACE ( 'NONE', ( #2752 ), #12778, .F. ) ;
#192 = PLANE ( 'NONE',  #1973 ) ;
#193 = EDGE_CURVE ( 'NONE', #284, #10689, #8872, .T. ) ;
#194 = DIRECTION ( 'NONE',  ( -1.000000000000000000, 0.000000000000000000, 0.000000000000000000 ) ) ;
#195 = CARTESIAN_POINT ( 'NONE',  ( -26.28900000000000858, 7.239000000000000767, 0.3809999999999962861 ) ) ;
#196 = EDGE_LOOP ( 'NONE', ( #216, #9578, #10653, #9879 ) ) ;
#197 = SURFACE_SIDE_STYLE ('',( #2216 ) ) ;
#198 = ORIENTED_EDGE ( 'NONE', *, *, #3535, .T. ) ;
#199 = EDGE_LOOP ( 'NONE', ( #5285, #3002, #2986, #658 ) ) ;
#200 = EDGE_CURVE ( 'NONE', #5120, #9618, #12841, .T. ) ;
#201 = CARTESIAN_POINT ( 'NONE',  ( 14.35099999999999554, 7.239000000000000767, -0.3810000000000025033 ) ) ;
#202 = DIRECTION ( 'NONE',  ( -0.000000000000000000, 1.000000000000000000, 1.733406087350420004E-16 ) ) ;
#203 = VERTEX_POINT ( 'NONE', #2818 ) ;
#204 = ADVANCED_FACE ( 'NONE', ( #9844 ), #59, .F. ) ;
#205 = LINE ( 'NONE', #11211, #2408 ) ;
#206 = ORIENTED_EDGE ( 'NONE', *, *, #12331, .F. ) ;
#207 = DIRECTION ( 'NONE',  ( 1.000000000000000000, 0.000000000000000000, 0.000000000000000000 ) ) ;
#208 = CARTESIAN_POINT ( 'NONE',  ( -2.540000000000004032, 8.509000000000000341, -1.270000000000001128 ) ) ;
#209 = CARTESIAN_POINT ( 'NONE',  ( -3.469446951953614189E-15, 0.000000000000000000, 1.269999999999998908 ) ) ;
#210 = DIRECTION ( 'NONE',  ( -0.000000000000000000, -0.000000000000000000, 1.000000000000000000 ) ) ;
#211 = LINE ( 'NONE', #10166, #2452 ) ;
#212 = FACE_OUTER_BOUND ( 'NONE', #4010, .T. ) ;
#213 = VERTEX_POINT ( 'NONE', #4778 ) ;
#214 = LINE ( 'NONE', #3086, #11991 ) ;
#215 = FACE_OUTER_BOUND ( 'NONE', #5453, .T. ) ;
#216 = ORIENTED_EDGE ( 'NONE', *, *, #778, .T. ) ;
#217 = DIRECTION ( 'NONE',  ( -0.000000000000000000, 0.2588190451025140781, 0.9659258262890700886 ) ) ;
#218 = LINE ( 'NONE', #4192, #10723 ) ;
#219 = EDGE_CURVE ( 'NONE', #610, #8147, #9910, .T. ) ;
#220 = CARTESIAN_POINT ( 'NONE',  ( -20.32000000000000384, 8.509000000000000341, -1.270000000000001128 ) ) ;
#221 = ADVANCED_FACE ( 'NONE', ( #11865 ), #7961, .F. ) ;
#222 = ORIENTED_EDGE ( 'NONE', *, *, #2835, .F. ) ;
#223 = DIRECTION ( 'NONE',  ( -0.000000000000000000, -0.7071067811865482389, -0.7071067811865469066 ) ) ;
#224 = ORIENTED_EDGE ( 'NONE', *, *, #10177, .T. ) ;
#225 = LINE ( 'NONE', #2041, #3593 ) ;
#226 = CARTESIAN_POINT ( 'NONE',  ( -5.080000000000004512, 8.509000000000000341, -1.270000000000001128 ) ) ;
#227 = DIRECTION ( 'NONE',  ( 0.000000000000000000, 0.000000000000000000, 1.000000000000000000 ) ) ;
#228 = PLANE ( 'NONE',  #7536 ) ;
#229 = EDGE_CURVE ( 'NONE', #1085, #464, #8029, .T. ) ;
#230 = LINE ( 'NONE', #7094, #5139 ) ;
#231 = DIRECTION ( 'NONE',  ( 0.000000000000000000, -2.449293598294710852E-16, 1.000000000000000000 ) ) ;
#232 = VERTEX_POINT ( 'NONE', #3921 ) ;
#233 = MECHANICAL_DESIGN_GEOMETRIC_PRESENTATION_REPRESENTATION (  '', ( #3133 ), #11674 ) ;
#234 = LINE ( 'NONE', #7287, #4309 ) ;
#235 = ORIENTED_EDGE ( 'NONE', *, *, #7025, .F. ) ;
#236 = FACE_OUTER_BOUND ( 'NONE', #6269, .T. ) ;
#237 = EDGE_CURVE ( 'NONE', #11981, #4157, #2881, .T. ) ;
#238 = ORIENTED_EDGE ( 'NONE', *, *, #5896, .T. ) ;
#239 = EDGE_CURVE ( 'NONE', #4075, #453, #6733, .T. ) ;
#240 = AXIS2_PLACEMENT_3D ( 'NONE', #1158, #8009, #374 ) ;
#241 = DIRECTION ( 'NONE',  ( 0.000000000000000000, 5.054934237236841843E-31, 1.000000000000000000 ) ) ;
#242 = DIRECTION ( 'NONE',  ( 0.000000000000000000, 1.000000000000000000, 0.000000000000000000 ) ) ;
#243 = CARTESIAN_POINT ( 'NONE',  ( 20.31999999999999673, 8.509000000000000341, 1.270000000000001128 ) ) ;
#244 = EDGE_CURVE ( 'NONE', #1558, #3390, #1889, .T. ) ;
#245 = ORIENTED_EDGE ( 'NONE', *, *, #7884, .F. ) ;
#246 = PLANE ( 'NONE',  #3342 ) ;
#247 = ORIENTED_EDGE ( 'NONE', *, *, #1042, .T. ) ;
#248 = AXIS2_PLACEMENT_3D ( 'NONE', #12665, #8687, #2698 ) ;
#249 = ORIENTED_EDGE ( 'NONE', *, *, #1699, .T. ) ;
#250 = DIRECTION ( 'NONE',  ( 0.000000000000000000, 0.000000000000000000, 1.000000000000000000 ) ) ;
#251 =( REPRESENTATION_RELATIONSHIP ('NONE','NONE', #7825, #3815 ) REPRESENTATION_RELATIONSHIP_WITH_TRANSFORMATION ( #4022 )SHAPE_REPRESENTATION_RELATIONSHIP( ) );
#252 = DIRECTION ( 'NONE',  ( 0.000000000000000000, -1.000000000000000000, 0.000000000000000000 ) ) ;
#253 = CARTESIAN_POINT ( 'NONE',  ( 15.23999999999999666, 3.110602869834277161E-16, -1.270000000000001128 ) ) ;
#254 = VECTOR ( 'NONE', #3701, 999.9999999999998863 ) ;
#255 = VECTOR ( 'NONE', #2875, 1000.000000000000000 ) ;
#256 = LINE ( 'NONE', #4232, #8769 ) ;
#257 = EDGE_LOOP ( 'NONE', ( #11370, #4371, #12042, #7278 ) ) ;
#258 = LINE ( 'NONE', #9323, #6344 ) ;
#259 = VERTEX_POINT ( 'NONE', #10825 ) ;
#260 = ORIENTED_EDGE ( 'NONE', *, *, #3800, .T. ) ;
#261 = DIRECTION ( 'NONE',  ( 0.000000000000000000, 1.440069553722777130E-16, -1.000000000000000000 ) ) ;
#262 = ORIENTED_EDGE ( 'NONE', *, *, #9473, .T. ) ;
#263 = AXIS2_PLACEMENT_3D ( 'NONE', #4671, #1713, #9677 ) ;
#264 = EDGE_CURVE ( 'NONE', #8096, #7858, #11928, .T. ) ;
#265 = AXIS2_PLACEMENT_3D ( 'NONE', #865, #4850, #8818 ) ;
#266 = EDGE_LOOP ( 'NONE', ( #2636, #12565, #2874, #10677 ) ) ;
#267 = CARTESIAN_POINT ( 'NONE',  ( 0.1961031209927693308, -3.200400000000000134, 0.2032000000000001583 ) ) ;
#268 = ORIENTED_EDGE ( 'NONE', *, *, #11767, .T. ) ;
#269 = LINE ( 'NONE', #6078, #3156 ) ;
#270 = DIRECTION ( 'NONE',  ( 0.7071067811865475727, -0.7071067811865475727, 0.000000000000000000 ) ) ;
#271 = VERTEX_POINT ( 'NONE', #10886 ) ;
#272 = CARTESIAN_POINT ( 'NONE',  ( -6.731000000000004313, 8.064500000000000668, -0.3810000000000023368 ) ) ;
#273 = FACE_OUTER_BOUND ( 'NONE', #4746, .T. ) ;
#274 = VECTOR ( 'NONE', #1513, 1000.000000000000000 ) ;
#275 = DIRECTION ( 'NONE',  ( -0.000000000000000000, 1.000000000000000000, 1.733406087350420004E-16 ) ) ;
#276 = CARTESIAN_POINT ( 'NONE',  ( -11.04900000000000659, 7.239000000000000767, 0.3809999999999962861 ) ) ;
#277 = ORIENTED_EDGE ( 'NONE', *, *, #6178, .F. ) ;
#278 = CARTESIAN_POINT ( 'NONE',  ( -10.60450000000000692, 8.509000000000000341, 0.8254999999999981242 ) ) ;
#279 = DIRECTION ( 'NONE',  ( -1.000000000000000000, -0.000000000000000000, -0.000000000000000000 ) ) ;
#280 =( NAMED_UNIT ( * ) SI_UNIT ( $, .STERADIAN. ) SOLID_ANGLE_UNIT ( ) );
#281 = EDGE_CURVE ( 'NONE', #5783, #9714, #1955, .T. ) ;
#282 = PLANE ( 'NONE',  #6192 ) ;
#283 = AXIS2_PLACEMENT_3D ( 'NONE', #5589, #3622, #7610 ) ;
#284 = VERTEX_POINT ( 'NONE', #10767 ) ;
#285 = DIRECTION ( 'NONE',  ( -0.000000000000000000, 1.000000000000000000, 1.733406087350420004E-16 ) ) ;
#286 = AXIS2_PLACEMENT_3D ( 'NONE', #3375, #2336, #519 ) ;
#287 = CARTESIAN_POINT ( 'NONE',  ( 10.15999999999999481, 0.000000000000000000, 0.000000000000000000 ) ) ;
#288 = ORIENTED_EDGE ( 'NONE', *, *, #3970, .T. ) ;
#289 = CARTESIAN_POINT ( 'NONE',  ( -7.620000000000005436, 0.5080000000000000071, 0.7528818102449925664 ) ) ;
#290 = FACE_OUTER_BOUND ( 'NONE', #3612, .T. ) ;
#291 = LINE ( 'NONE', #2444, #3433 ) ;
#292 = CARTESIAN_POINT ( 'NONE',  ( 11.04899999999999594, 7.239000000000000767, 0.3809999999999962861 ) ) ;
#293 = DIRECTION ( 'NONE',  ( -1.000000000000000000, 0.000000000000000000, 0.000000000000000000 ) ) ;
#294 = FACE_OUTER_BOUND ( 'NONE', #5595, .T. ) ;
#295 = LINE ( 'NONE', #11236, #6088 ) ;
#296 = ORIENTED_EDGE ( 'NONE', *, *, #4210, .F. ) ;
#297 = VECTOR ( 'NONE', #9162, 1000.000000000000000 ) ;
#298 = LINE ( 'NONE', #3425, #8271 ) ;
#299 = SURFACE_STYLE_FILL_AREA ( #10255 ) ;
#300 = EDGE_LOOP ( 'NONE', ( #5622, #5243, #4165, #1380 ) ) ;
#301 = LINE ( 'NONE', #3358, #2578 ) ;
#302 = EDGE_CURVE ( 'NONE', #10761, #4157, #5946, .T. ) ;
#303 = ORIENTED_EDGE ( 'NONE', *, *, #6306, .F. ) ;
#304 = AXIS2_PLACEMENT_3D ( 'NONE', #61, #8031, #7066 ) ;
#305 = VECTOR ( 'NONE', #10834, 1000.000000000000000 ) ;
#306 = VECTOR ( 'NONE', #12288, 1000.000000000000000 ) ;
#307 = CARTESIAN_POINT ( 'NONE',  ( 4.190999999999993619, 8.064500000000000668, 0.3809999999999962861 ) ) ;
#308 = EDGE_CURVE ( 'NONE', #1793, #8056, #1045, .T. ) ;
#309 = FACE_OUTER_BOUND ( 'NONE', #7981, .T. ) ;
#310 = LINE ( 'NONE', #2124, #3464 ) ;
#311 = EDGE_LOOP ( 'NONE', ( #727, #11267, #4288, #585 ) ) ;
#312 = SURFACE_SIDE_STYLE ('',( #5454 ) ) ;
#313 = ORIENTED_EDGE ( 'NONE', *, *, #788, .T. ) ;
#314 = CARTESIAN_POINT ( 'NONE',  ( 1.396999999999995357, 7.810500000000000220, -0.1270000000000020557 ) ) ;
#315 = EDGE_CURVE ( 'NONE', #10876, #12627, #8930, .T. ) ;
#316 = VECTOR ( 'NONE', #6867, 1000.000000000000000 ) ;
#317 = EDGE_CURVE ( 'NONE', #7454, #4259, #1372, .T. ) ;
#318 = VECTOR ( 'NONE', #729, 1000.000000000000000 ) ;
#319 = VECTOR ( 'NONE', #6737, 1000.000000000000114 ) ;
#320 = VECTOR ( 'NONE', #8884, 1000.000000000000000 ) ;
#321 = ORIENTED_EDGE ( 'NONE', *, *, #1942, .T. ) ;
#322 = EDGE_CURVE ( 'NONE', #7970, #3902, #7065, .T. ) ;
#323 = DIRECTION ( 'NONE',  ( 1.000000000000000000, 0.000000000000000000, 0.000000000000000000 ) ) ;
#324 = DIRECTION ( 'NONE',  ( 0.000000000000000000, 0.2588190451025145222, -0.9659258262890699775 ) ) ;
#325 = EDGE_CURVE ( 'NONE', #5323, #3005, #4563, .T. ) ;
#326 = VECTOR ( 'NONE', #6194, 1000.000000000000000 ) ;
#327 = AXIS2_PLACEMENT_3D ( 'NONE', #1469, #2521, #501 ) ;
#328 = DIRECTION ( 'NONE',  ( -1.000000000000000000, 0.000000000000000000, 0.000000000000000000 ) ) ;
#329 = VECTOR ( 'NONE', #9005, 1000.000000000000000 ) ;
#330 = DIRECTION ( 'NONE',  ( -1.000000000000000000, -0.000000000000000000, -0.000000000000000000 ) ) ;
#331 = ORIENTED_EDGE ( 'NONE', *, *, #8547, .T. ) ;
#332 = DIRECTION ( 'NONE',  ( 0.000000000000000000, 1.000000000000000000, -5.054934237236841843E-31 ) ) ;
#333 = ORIENTED_EDGE ( 'NONE', *, *, #3743, .T. ) ;
#334 = ORIENTED_EDGE ( 'NONE', *, *, #10745, .F. ) ;
#335 =( REPRESENTATION_RELATIONSHIP ('NONE','NONE', #7825, #3815 ) REPRESENTATION_RELATIONSHIP_WITH_TRANSFORMATION ( #6383 )SHAPE_REPRESENTATION_RELATIONSHIP( ) );
#336 = LINE ( 'NONE', #1180, #12781 ) ;
#337 = AXIS2_PLACEMENT_3D ( 'NONE', #5534, #5723, #6595 ) ;
#338 = ORIENTED_EDGE ( 'NONE', *, *, #9715, .T. ) ;
#339 = PRODUCT_DEFINITION_SHAPE ( 'NONE', 'NONE',  #12900 ) ;
#340 = ORIENTED_EDGE ( 'NONE', *, *, #12091, .T. ) ;
#341 = DIRECTION ( 'NONE',  ( 0.7071067811865475727, -0.7071067811865475727, 0.000000000000000000 ) ) ;
#342 = ORIENTED_EDGE ( 'NONE', *, *, #10408, .T. ) ;
#343 = CARTESIAN_POINT ( 'NONE',  ( -8.509000000000005670, 7.239000000000000767, 0.3809999999999962861 ) ) ;
#344 = AXIS2_PLACEMENT_3D ( 'NONE', #1365, #2539, #7366 ) ;
#345 = CARTESIAN_POINT ( 'NONE',  ( -5.080000000000004512, 0.5080000000000000071, 0.7528818102449925664 ) ) ;
#346 = VERTEX_POINT ( 'NONE', #11444 ) ;
#347 = CARTESIAN_POINT ( 'NONE',  ( 10.15999999999999481, 8.509000000000000341, 1.270000000000001128 ) ) ;
#348 = DIRECTION ( 'NONE',  ( -1.000000000000000000, 0.000000000000000000, 0.000000000000000000 ) ) ;
#349 = DIRECTION ( 'NONE',  ( 0.000000000000000000, 0.000000000000000000, 1.000000000000000000 ) ) ;
#350 = VECTOR ( 'NONE', #4753, 1000.000000000000000 ) ;
#351 = VECTOR ( 'NONE', #9126, 1000.000000000000000 ) ;
#352 = ORIENTED_EDGE ( 'NONE', *, *, #4762, .F. ) ;
#353 = DIRECTION ( 'NONE',  ( 0.000000000000000000, 0.000000000000000000, 1.000000000000000000 ) ) ;
#354 = DIRECTION ( 'NONE',  ( 0.000000000000000000, -0.000000000000000000, -1.000000000000000000 ) ) ;
#355 = LINE ( 'NONE', #8426, #12644 ) ;
#356 = VERTEX_POINT ( 'NONE', #10341 ) ;
#357 = CARTESIAN_POINT ( 'NONE',  ( -3.469446951953614189E-15, 8.509000000000000341, 1.270000000000001128 ) ) ;
#358 = VERTEX_POINT ( 'NONE', #5339 ) ;
#359 = PLANE ( 'NONE',  #7166 ) ;
#360 = DIRECTION ( 'NONE',  ( 0.000000000000000000, -2.449293598294710852E-16, 1.000000000000000000 ) ) ;
#361 = LINE ( 'NONE', #8496, #6971 ) ;
#362 = CARTESIAN_POINT ( 'NONE',  ( 28.19400000000000617, -1.925929944387235853E-31, 0.8889999999999991243 ) ) ;
#363 = LINE ( 'NONE', #3158, #4351 ) ;
#364 = DIRECTION ( 'NONE',  ( 0.000000000000000000, 2.449293598294710852E-16, -1.000000000000000000 ) ) ;
#365 = ORIENTED_EDGE ( 'NONE', *, *, #12455, .F. ) ;
#366 = LINE ( 'NONE', #12352, #6615 ) ;
#367 = AXIS2_PLACEMENT_3D ( 'NONE', #7270, #9275, #12270 ) ;
#368 = EDGE_CURVE ( 'NONE', #6721, #11237, #10271, .T. ) ;
#369 = CARTESIAN_POINT ( 'NONE',  ( -19.43100000000000449, 8.064500000000000668, 0.3809999999999964526 ) ) ;
#370 = ORIENTED_EDGE ( 'NONE', *, *, #3738, .F. ) ;
#371 = CARTESIAN_POINT ( 'NONE',  ( 0.3810000000000000053, 0.5079999999999998961, -0.2031999999999997419 ) ) ;
#372 = CONTEXT_DEPENDENT_SHAPE_REPRESENTATION ( #1170, #6268 ) ;
#373 = ORIENTED_EDGE ( 'NONE', *, *, #998, .T. ) ;
#374 = DIRECTION ( 'NONE',  ( 0.000000000000000000, 0.000000000000000000, 1.000000000000000000 ) ) ;
#375 = ADVANCED_FACE ( 'NONE', ( #9371 ), #2398, .F. ) ;
#376 = VECTOR ( 'NONE', #11301, 1000.000000000000000 ) ;
#377 = DIRECTION ( 'NONE',  ( 0.000000000000000000, -1.440069553722777130E-16, 1.000000000000000000 ) ) ;
#378 = CARTESIAN_POINT ( 'NONE',  ( -3.429000000000005155, 7.239000000000000767, -0.3810000000000025033 ) ) ;
#379 = ORIENTED_EDGE ( 'NONE', *, *, #10916, .F. ) ;
#380 = ORIENTED_EDGE ( 'NONE', *, *, #10506, .F. ) ;
#381 = DIRECTION ( 'NONE',  ( -1.000000000000000000, -0.000000000000000000, -0.000000000000000000 ) ) ;
#382 = ORIENTED_EDGE ( 'NONE', *, *, #11210, .F. ) ;
#383 = DIRECTION ( 'NONE',  ( 0.000000000000000000, 1.440069553722777130E-16, -1.000000000000000000 ) ) ;
#384 = CARTESIAN_POINT ( 'NONE',  ( -26.67000000000000526, 0.000000000000000000, 0.000000000000000000 ) ) ;
#385 = DIRECTION ( 'NONE',  ( 0.000000000000000000, 0.9659258262890700886, -0.2588190451025140781 ) ) ;
#386 = EDGE_CURVE ( 'NONE', #12774, #975, #9507, .T. ) ;
#387 = EDGE_CURVE ( 'NONE', #3181, #8606, #2076, .T. ) ;
#388 = DIRECTION ( 'NONE',  ( 0.000000000000000000, 2.449293598294710852E-16, -1.000000000000000000 ) ) ;
#389 = ORIENTED_EDGE ( 'NONE', *, *, #6548, .F. ) ;
#390 = DIRECTION ( 'NONE',  ( 0.000000000000000000, 0.000000000000000000, -1.000000000000000000 ) ) ;
#391 = EDGE_LOOP ( 'NONE', ( #8669, #2441, #7049, #8995 ) ) ;
#392 = ORIENTED_EDGE ( 'NONE', *, *, #8753, .F. ) ;
#393 = DIRECTION ( 'NONE',  ( 1.000000000000000000, 0.000000000000000000, 0.000000000000000000 ) ) ;
#394 = ORIENTED_EDGE ( 'NONE', *, *, #1262, .F. ) ;
#395 = ORIENTED_EDGE ( 'NONE', *, *, #1225, .F. ) ;
#396 = CARTESIAN_POINT ( 'NONE',  ( 22.85999999999999943, 0.000000000000000000, 1.269999999999998908 ) ) ;
#397 = EDGE_LOOP ( 'NONE', ( #5052, #6532, #4324, #5467 ) ) ;
#398 = EDGE_CURVE ( 'NONE', #356, #10582, #4359, .T. ) ;
#399 = CARTESIAN_POINT ( 'NONE',  ( 2.539999999999996927, 3.110602869834277161E-16, -1.270000000000001128 ) ) ;
#400 = LINE ( 'NONE', #11472, #11099 ) ;
#401 = ORIENTED_EDGE ( 'NONE', *, *, #12864, .T. ) ;
#402 = CARTESIAN_POINT ( 'NONE',  ( -3.429000000000005155, 8.064500000000000668, 0.3809999999999964526 ) ) ;
#403 = CARTESIAN_POINT ( 'NONE',  ( 20.31999999999999673, 8.509000000000000341, -1.270000000000001128 ) ) ;
#404 = DIRECTION ( 'NONE',  ( 0.000000000000000000, 2.449293598294710852E-16, -1.000000000000000000 ) ) ;
#405 =( REPRESENTATION_RELATIONSHIP ('NONE','NONE', #7825, #9648 ) REPRESENTATION_RELATIONSHIP_WITH_TRANSFORMATION ( #3954 )SHAPE_REPRESENTATION_RELATIONSHIP( ) );
#406 = EDGE_CURVE ( 'NONE', #12869, #5544, #3443, .T. ) ;
#407 = ORIENTED_EDGE ( 'NONE', *, *, #3072, .F. ) ;
#408 = DIRECTION ( 'NONE',  ( -0.000000000000000000, 0.000000000000000000, -1.000000000000000000 ) ) ;
#409 = CARTESIAN_POINT ( 'NONE',  ( 26.28900000000000148, 8.064500000000000668, -0.3810000000000023368 ) ) ;
#410 = PRESENTATION_STYLE_ASSIGNMENT (( #9140 ) ) ;
#411 = DIRECTION ( 'NONE',  ( 0.000000000000000000, -0.9659258262890699775, -0.2588190451025145222 ) ) ;
#412 = ORIENTED_EDGE ( 'NONE', *, *, #4780, .T. ) ;
#413 = LINE ( 'NONE', #4390, #11974 ) ;
#414 = ADVANCED_FACE ( 'NONE', ( #8275 ), #7432, .F. ) ;
#415 = DIRECTION ( 'NONE',  ( -0.000000000000000000, 0.000000000000000000, -1.000000000000000000 ) ) ;
#416 = ORIENTED_EDGE ( 'NONE', *, *, #9661, .T. ) ;
#417 = CARTESIAN_POINT ( 'NONE',  ( -17.78000000000000469, 8.509000000000000341, 1.270000000000001128 ) ) ;
#418 = PLANE ( 'NONE',  #7393 ) ;
#419 = FACE_OUTER_BOUND ( 'NONE', #2031, .T. ) ;
#420 = PLANE ( 'NONE',  #9192 ) ;
#421 = DIRECTION ( 'NONE',  ( 0.000000000000000000, 2.548365665731588345E-16, -1.000000000000000000 ) ) ;
#422 = DIRECTION ( 'NONE',  ( 1.000000000000000000, 0.000000000000000000, -0.000000000000000000 ) ) ;
#423 = ORIENTED_EDGE ( 'NONE', *, *, #8445, .F. ) ;
#424 = DIRECTION ( 'NONE',  ( 0.000000000000000000, 5.054934237236841843E-31, 1.000000000000000000 ) ) ;
#425 = VECTOR ( 'NONE', #3051, 1000.000000000000000 ) ;
#426 = ORIENTED_EDGE ( 'NONE', *, *, #9526, .F. ) ;
#427 = ADVANCED_FACE ( 'NONE', ( #6457 ), #1286, .F. ) ;
#428 = EDGE_CURVE ( 'NONE', #6249, #3455, #9240, .T. ) ;
#429 = DIRECTION ( 'NONE',  ( -0.000000000000000000, 1.000000000000000000, 1.733406087350420004E-16 ) ) ;
#430 = VERTEX_POINT ( 'NONE', #3311 ) ;
#431 = DIRECTION ( 'NONE',  ( 0.000000000000000000, 0.2588190451025145222, -0.9659258262890699775 ) ) ;
#432 = VERTEX_POINT ( 'NONE', #4293 ) ;
#433 = DIRECTION ( 'NONE',  ( 0.000000000000000000, -5.054934237236841843E-31, -1.000000000000000000 ) ) ;
#434 = LINE ( 'NONE', #10394, #9421 ) ;
#435 = PLANE ( 'NONE',  #9069 ) ;
#436 = LINE ( 'NONE', #12433, #10261 ) ;
#437 = MECHANICAL_DESIGN_GEOMETRIC_PRESENTATION_REPRESENTATION (  '', ( #6056 ), #9173 ) ;
#438 = EDGE_CURVE ( 'NONE', #3181, #12650, #5398, .T. ) ;
#439 = ORIENTED_EDGE ( 'NONE', *, *, #807, .T. ) ;
#440 = VERTEX_POINT ( 'NONE', #2529 ) ;
#441 = CARTESIAN_POINT ( 'NONE',  ( -27.94000000000000483, 8.509000000000000341, 1.270000000000001128 ) ) ;
#442 = UNCERTAINTY_MEASURE_WITH_UNIT (LENGTH_MEASURE( 1.000000000000000082E-05 ), #2191, 'distance_accuracy_value', 'NONE');
#443 = EDGE_CURVE ( 'NONE', #8478, #7708, #9311, .T. ) ;
#444 = ORIENTED_EDGE ( 'NONE', *, *, #12555, .T. ) ;
#445 = VECTOR ( 'NONE', #49, 1000.000000000000000 ) ;
#446 = FACE_OUTER_BOUND ( 'NONE', #8169, .T. ) ;
#447 = VECTOR ( 'NONE', #5078, 1000.000000000000000 ) ;
#448 = CARTESIAN_POINT ( 'NONE',  ( 17.77999999999999758, 0.000000000000000000, 0.000000000000000000 ) ) ;
#449 = CARTESIAN_POINT ( 'NONE',  ( -12.70000000000000639, 0.5080000000000002292, -0.7528818102449945648 ) ) ;
#450 = VERTEX_POINT ( 'NONE', #1541 ) ;
#451 = DIRECTION ( 'NONE',  ( 1.000000000000000000, 0.000000000000000000, 0.000000000000000000 ) ) ;
#452 = AXIS2_PLACEMENT_3D ( 'NONE', #3241, #5200, #6184 ) ;
#453 = VERTEX_POINT ( 'NONE', #12247 ) ;
#454 = EDGE_LOOP ( 'NONE', ( #6421, #801, #12545, #1571 ) ) ;
#455 = FACE_OUTER_BOUND ( 'NONE', #1058, .T. ) ;
#456 = ORIENTED_EDGE ( 'NONE', *, *, #12026, .F. ) ;
#457 = ORIENTED_EDGE ( 'NONE', *, *, #10332, .T. ) ;
#458 = VECTOR ( 'NONE', #12278, 1000.000000000000000 ) ;
#459 = EDGE_CURVE ( 'NONE', #8172, #3697, #6320, .T. ) ;
#460 = DIRECTION ( 'NONE',  ( 1.000000000000000000, 0.000000000000000000, 0.000000000000000000 ) ) ;
#461 = EDGE_LOOP ( 'NONE', ( #2943, #12876, #4716, #3436 ) ) ;
#462 = CARTESIAN_POINT ( 'NONE',  ( 27.05099999999999838, 8.064500000000000668, 0.3809999999999964526 ) ) ;
#463 = DIRECTION ( 'NONE',  ( 0.000000000000000000, 0.000000000000000000, 1.000000000000000000 ) ) ;
#464 = VERTEX_POINT ( 'NONE', #441 ) ;
#465 = LINE ( 'NONE', #11347, #4484 ) ;
#466 = DIRECTION ( 'NONE',  ( 0.000000000000000000, 2.449293598294710852E-16, -1.000000000000000000 ) ) ;
#467 = CARTESIAN_POINT ( 'NONE',  ( -0.4445000000000038920, 8.509000000000000341, -0.8255000000000036753 ) ) ;
#468 = VERTEX_POINT ( 'NONE', #8462 ) ;
#469 = LINE ( 'NONE', #10369, #2333 ) ;
#470 = AXIS2_PLACEMENT_3D ( 'NONE', #9550, #9737, #624 ) ;
#471 = EDGE_CURVE ( 'NONE', #11362, #7858, #12440, .T. ) ;
#472 = VECTOR ( 'NONE', #5521, 999.9999999999998863 ) ;
#473 = LINE ( 'NONE', #10118, #6428 ) ;
#474 = ADVANCED_FACE ( 'NONE', ( #10460 ), #10599, .F. ) ;
#475 = LINE ( 'NONE', #6360, #10805 ) ;
#476 = ADVANCED_FACE ( 'NONE', ( #9570 ), #3750, .F. ) ;
#477 =( NAMED_UNIT ( * ) PLANE_ANGLE_UNIT ( ) SI_UNIT ( $, .RADIAN. ) );
#478 = CARTESIAN_POINT ( 'NONE',  ( 5.079999999999993854, 3.110602869834277161E-16, -1.270000000000001128 ) ) ;
#479 = EDGE_LOOP ( 'NONE', ( #2774, #9511, #668, #10731, #12443, #4632, #9572, #803 ) ) ;
#480 = VECTOR ( 'NONE', #3723, 1000.000000000000000 ) ;
#481 = EDGE_CURVE ( 'NONE', #1864, #12181, #4623, .T. ) ;
#482 = CARTESIAN_POINT ( 'NONE',  ( 2.539999999999996927, 0.5080000000000002292, -0.7528818102449945648 ) ) ;
#483 = CARTESIAN_POINT ( 'NONE',  ( -27.94000000000000483, -1.925929944387235853E-31, 0.8889999999999991243 ) ) ;
#484 = CARTESIAN_POINT ( 'NONE',  ( 2.539999999999996927, 2.177422008883992879E-16, -0.8890000000000013447 ) ) ;
#485 = DIRECTION ( 'NONE',  ( 0.000000000000000000, 1.440069553722777130E-16, -1.000000000000000000 ) ) ;
#486 = ORIENTED_EDGE ( 'NONE', *, *, #9831, .F. ) ;
#487 = LINE ( 'NONE', #6629, #5370 ) ;
#488 = CARTESIAN_POINT ( 'NONE',  ( 13.58899999999999686, 8.064500000000000668, -0.3810000000000023368 ) ) ;
#489 = EDGE_LOOP ( 'NONE', ( #4097, #4622, #10284, #8292 ) ) ;
#490 = ADVANCED_FACE ( 'NONE', ( #12688 ), #9628, .F. ) ;
#491 = LINE ( 'NONE', #4344, #5983 ) ;
#492 = VECTOR ( 'NONE', #1169, 1000.000000000000000 ) ;
#493 = DIRECTION ( 'NONE',  ( 0.5773502691896253980, 0.5773502691896253980, -0.5773502691896265082 ) ) ;
#494 = ORIENTED_EDGE ( 'NONE', *, *, #5460, .F. ) ;
#495 = FACE_OUTER_BOUND ( 'NONE', #12115, .T. ) ;
#496 = CONTEXT_DEPENDENT_SHAPE_REPRESENTATION ( #12067, #10201 ) ;
#497 = ORIENTED_EDGE ( 'NONE', *, *, #6858, .T. ) ;
#498 = VECTOR ( 'NONE', #6453, 1000.000000000000000 ) ;
#499 = DIRECTION ( 'NONE',  ( 0.000000000000000000, 0.000000000000000000, 1.000000000000000000 ) ) ;
#500 = ORIENTED_EDGE ( 'NONE', *, *, #3928, .F. ) ;
#501 = DIRECTION ( 'NONE',  ( 0.000000000000000000, 0.000000000000000000, -1.000000000000000000 ) ) ;
#502 = DIRECTION ( 'NONE',  ( -1.000000000000000000, -0.000000000000000000, -0.000000000000000000 ) ) ;
#503 = VECTOR ( 'NONE', #12633, 1000.000000000000000 ) ;
#504 = CARTESIAN_POINT ( 'NONE',  ( -23.74900000000000588, 8.064500000000000668, 0.3809999999999962861 ) ) ;
#505 = LINE ( 'NONE', #635, #9602 ) ;
#506 = APPLICATION_CONTEXT ( 'automotive_design' ) ;
#507 = EDGE_CURVE ( 'NONE', #7379, #7320, #6768, .T. ) ;
#508 = EDGE_LOOP ( 'NONE', ( #5855, #2883, #8334, #2915 ) ) ;
#509 = DIRECTION ( 'NONE',  ( -0.000000000000000000, 0.000000000000000000, 1.000000000000000000 ) ) ;
#510 = ORIENTED_EDGE ( 'NONE', *, *, #5459, .T. ) ;
#511 = EDGE_CURVE ( 'NONE', #10387, #7832, #3626, .T. ) ;
#512 = DIRECTION ( 'NONE',  ( 0.000000000000000000, -1.000000000000000000, -2.548365665731588345E-16 ) ) ;
#513 = ADVANCED_FACE ( 'NONE', ( #1801 ), #2661, .F. ) ;
#514 = VECTOR ( 'NONE', #7515, 1000.000000000000000 ) ;
#515 = VECTOR ( 'NONE', #12029, 1000.000000000000114 ) ;
#516 = ORIENTED_EDGE ( 'NONE', *, *, #10011, .F. ) ;
#517 = VECTOR ( 'NONE', #7959, 1000.000000000000000 ) ;
#518 = COLOUR_RGB ( '',0.2509803921568627416, 0.2509803921568627416, 0.2509803921568627416 ) ;
#519 = DIRECTION ( 'NONE',  ( -0.000000000000000000, 0.000000000000000000, -1.000000000000000000 ) ) ;
#520 = SHAPE_REPRESENTATION_RELATIONSHIP ( 'NONE' , 'NONE' ,  #3815, #11075 ) ;
#521 = VECTOR ( 'NONE', #3727, 1000.000000000000000 ) ;
#522 = CARTESIAN_POINT ( 'NONE',  ( 7.619999999999994778, 2.177422008883992879E-16, -0.8890000000000013447 ) ) ;
#523 = ADVANCED_FACE ( 'NONE', ( #4808 ), #1612, .F. ) ;
#524 = PRESENTATION_LAYER_ASSIGNMENT (  '', '', ( #1552 ) ) ;
#525 = VECTOR ( 'NONE', #3010, 1000.000000000000000 ) ;
#526 = FACE_OUTER_BOUND ( 'NONE', #10613, .T. ) ;
#527 = ORIENTED_EDGE ( 'NONE', *, *, #6769, .T. ) ;
#528 = COLOUR_RGB ( '',1.000000000000000000, 0.8117647058823529438, 0.5019607843137254832 ) ;
#529 = ORIENTED_EDGE ( 'NONE', *, *, #11942, .F. ) ;
#530 = ORIENTED_EDGE ( 'NONE', *, *, #511, .F. ) ;
#531 = CARTESIAN_POINT ( 'NONE',  ( -7.620000000000005436, 0.5080000000000002292, -0.7528818102449945648 ) ) ;
#532 = ORIENTED_EDGE ( 'NONE', *, *, #10745, .T. ) ;
#533 = ADVANCED_FACE ( 'NONE', ( #10732 ), #7733, .F. ) ;
#534 = ORIENTED_EDGE ( 'NONE', *, *, #9880, .F. ) ;
#535 = AXIS2_PLACEMENT_3D ( 'NONE', #2884, #7907, #5684 ) ;
#536 =( GEOMETRIC_REPRESENTATION_CONTEXT ( 3 ) GLOBAL_UNCERTAINTY_ASSIGNED_CONTEXT ( ( #1478 ) ) GLOBAL_UNIT_ASSIGNED_CONTEXT ( ( #5803, #9901, #12769 ) ) REPRESENTATION_CONTEXT ( 'NONE', 'WORKASPACE' ) );
#537 = VECTOR ( 'NONE', #7839, 1000.000000000000000 ) ;
#538 = DIRECTION ( 'NONE',  ( -1.000000000000000000, -0.000000000000000000, -0.000000000000000000 ) ) ;
#539 = ORIENTED_EDGE ( 'NONE', *, *, #7841, .T. ) ;
#540 = CARTESIAN_POINT ( 'NONE',  ( 14.35099999999999554, 8.064500000000000668, 0.3809999999999964526 ) ) ;
#541 = LINE ( 'NONE', #4519, #5899 ) ;
#542 = ORIENTED_EDGE ( 'NONE', *, *, #9873, .T. ) ;
#543 = DIRECTION ( 'NONE',  ( -0.7071067811865475727, -0.7071067811865475727, 0.000000000000000000 ) ) ;
#544 = LINE ( 'NONE', #11610, #8698 ) ;
#545 = VERTEX_POINT ( 'NONE', #10660 ) ;
#546 = AXIS2_PLACEMENT_3D ( 'NONE', #12064, #6146, #10104 ) ;
#547 = FACE_OUTER_BOUND ( 'NONE', #6998, .T. ) ;
#548 = VECTOR ( 'NONE', #2002, 1000.000000000000000 ) ;
#549 = LINE ( 'NONE', #11479, #12172 ) ;
#550 = EDGE_LOOP ( 'NONE', ( #10782, #7551, #9522, #4386 ) ) ;
#551 = EDGE_CURVE ( 'NONE', #4891, #10100, #3692, .T. ) ;
#552 = DIRECTION ( 'NONE',  ( 0.000000000000000000, -1.000000000000000000, 0.000000000000000000 ) ) ;
#553 = ORIENTED_EDGE ( 'NONE', *, *, #6353, .T. ) ;
#554 = PRODUCT_DEFINITION_FORMATION_WITH_SPECIFIED_SOURCE ( 'ANY', '', #11260, .NOT_KNOWN. ) ;
#555 = VECTOR ( 'NONE', #10115, 1000.000000000000000 ) ;
#556 = EDGE_CURVE ( 'NONE', #2949, #12099, #8771, .T. ) ;
#557 = DIRECTION ( 'NONE',  ( 0.000000000000000000, 0.000000000000000000, 1.000000000000000000 ) ) ;
#558 = EDGE_CURVE ( 'NONE', #7429, #45, #2594, .T. ) ;
#559 = LINE ( 'NONE', #7522, #3836 ) ;
#560 = CARTESIAN_POINT ( 'NONE',  ( 15.23999999999999666, 0.000000000000000000, 1.269999999999998908 ) ) ;
#561 = CARTESIAN_POINT ( 'NONE',  ( -25.40000000000000568, 0.5080000000000000071, 0.7528818102449925664 ) ) ;
#562 = LINE ( 'NONE', #12349, #10764 ) ;
#563 = FACE_OUTER_BOUND ( 'NONE', #3169, .T. ) ;
#564 = VERTEX_POINT ( 'NONE', #12747 ) ;
#565 = EDGE_CURVE ( 'NONE', #11773, #10713, #6704, .T. ) ;
#566 = EDGE_CURVE ( 'NONE', #3617, #7946, #5714, .T. ) ;
#567 = CARTESIAN_POINT ( 'NONE',  ( -21.20900000000000674, 7.239000000000000767, 0.3809999999999962861 ) ) ;
#568 = VECTOR ( 'NONE', #6895, 1000.000000000000000 ) ;
#569 = CARTESIAN_POINT ( 'NONE',  ( -28.19400000000000617, 8.509000000000000341, -1.270000000000001128 ) ) ;
#570 = PRODUCT_DEFINITION_SHAPE ( 'NONE', 'NONE',  #12881 ) ;
#571 = ORIENTED_EDGE ( 'NONE', *, *, #12023, .T. ) ;
#572 = CARTESIAN_POINT ( 'NONE',  ( -12.70000000000000639, 2.177422008883992879E-16, -0.8890000000000013447 ) ) ;
#573 = ORIENTED_EDGE ( 'NONE', *, *, #4980, .F. ) ;
#574 = DIRECTION ( 'NONE',  ( -0.000000000000000000, 1.000000000000000000, 2.449293598294710852E-16 ) ) ;
#575 = EDGE_LOOP ( 'NONE', ( #4247, #12361, #7864, #11823 ) ) ;
#576 = CARTESIAN_POINT ( 'NONE',  ( -21.20900000000000674, 7.239000000000000767, -0.3810000000000025033 ) ) ;
#577 = DIRECTION ( 'NONE',  ( 0.000000000000000000, 2.449293598294710852E-16, -1.000000000000000000 ) ) ;
#578 = FACE_OUTER_BOUND ( 'NONE', #5704, .T. ) ;
#579 = AXIS2_PLACEMENT_3D ( 'NONE', #10175, #2436, #11222 ) ;
#580 = ORIENTED_EDGE ( 'NONE', *, *, #368, .T. ) ;
#581 = DIRECTION ( 'NONE',  ( 0.000000000000000000, -1.000000000000000000, -1.733406087350420004E-16 ) ) ;
#582 = ORIENTED_EDGE ( 'NONE', *, *, #4160, .T. ) ;
#583 = CARTESIAN_POINT ( 'NONE',  ( 23.74899999999999878, 8.064500000000000668, 0.3809999999999962861 ) ) ;
#584 = UNCERTAINTY_MEASURE_WITH_UNIT (LENGTH_MEASURE( 1.000000000000000082E-05 ), #12341, 'distance_accuracy_value', 'NONE');
#585 = ORIENTED_EDGE ( 'NONE', *, *, #12689, .T. ) ;
#586 = LINE ( 'NONE', #5533, #11732 ) ;
#587 = DIRECTION ( 'NONE',  ( 0.000000000000000000, 0.000000000000000000, 1.000000000000000000 ) ) ;
#588 = ORIENTED_EDGE ( 'NONE', *, *, #5089, .T. ) ;
#589 = DIRECTION ( 'NONE',  ( 0.000000000000000000, 0.000000000000000000, -1.000000000000000000 ) ) ;
#590 = EDGE_CURVE ( 'NONE', #8415, #12108, #6834, .T. ) ;
#591 = LINE ( 'NONE', #10746, #1460 ) ;
#592 = ORIENTED_EDGE ( 'NONE', *, *, #1986, .T. ) ;
#593 = PLANE ( 'NONE',  #9824 ) ;
#594 = ORIENTED_EDGE ( 'NONE', *, *, #1450, .F. ) ;
#595 = EDGE_LOOP ( 'NONE', ( #198, #1222, #5601, #6253 ) ) ;
#596 = DIRECTION ( 'NONE',  ( -1.000000000000000000, 0.000000000000000000, 0.000000000000000000 ) ) ;
#597 = ORIENTED_EDGE ( 'NONE', *, *, #6787, .T. ) ;
#598 = EDGE_CURVE ( 'NONE', #10713, #1814, #892, .T. ) ;
#599 = VERTEX_POINT ( 'NONE', #6586 ) ;
#600 = ADVANCED_FACE ( 'NONE', ( #5593 ), #3889, .F. ) ;
#601 = CLOSED_SHELL ( 'NONE', ( #2316, #4300, #2858, #5554, #8813, #7221, #2417, #2862, #5922, #6703, #704, #4555, #926, #4911, #3509, #191, #474, #5721, #3412 ) ) ;
#602 = LINE ( 'NONE', #396, #10307 ) ;
#603 = ORIENTED_EDGE ( 'NONE', *, *, #4215, .T. ) ;
#604 = LINE ( 'NONE', #10423, #5458 ) ;
#605 = CARTESIAN_POINT ( 'NONE',  ( -25.40000000000000568, 0.5080000000000002292, -0.7528818102449945648 ) ) ;
#606 = ORIENTED_EDGE ( 'NONE', *, *, #244, .T. ) ;
#607 = CARTESIAN_POINT ( 'NONE',  ( 5.079999999999993854, 0.000000000000000000, 1.269999999999998908 ) ) ;
#608 = CARTESIAN_POINT ( 'NONE',  ( 12.69999999999999574, 8.509000000000000341, -1.270000000000001128 ) ) ;
#609 = EDGE_CURVE ( 'NONE', #453, #2787, #12096, .T. ) ;
#610 = VERTEX_POINT ( 'NONE', #172 ) ;
#611 = CARTESIAN_POINT ( 'NONE',  ( 26.28900000000000148, 8.064500000000000668, -0.3810000000000023368 ) ) ;
#612 = DIRECTION ( 'NONE',  ( -1.000000000000000000, -0.000000000000000000, -0.000000000000000000 ) ) ;
#613 = FACE_OUTER_BOUND ( 'NONE', #4672, .T. ) ;
#614 = DIRECTION ( 'NONE',  ( -1.000000000000000000, -0.000000000000000000, -0.000000000000000000 ) ) ;
#615 = EDGE_CURVE ( 'NONE', #7832, #6470, #11116, .T. ) ;
#616 = PLANE ( 'NONE',  #5517 ) ;
#617 = CARTESIAN_POINT ( 'NONE',  ( -27.94000000000000483, -1.925929944387235853E-31, 0.8889999999999991243 ) ) ;
#618 = ORIENTED_EDGE ( 'NONE', *, *, #3800, .F. ) ;
#619 = DIRECTION ( 'NONE',  ( -0.000000000000000000, 0.000000000000000000, -1.000000000000000000 ) ) ;
#620 = LINE ( 'NONE', #8690, #9252 ) ;
#621 = CARTESIAN_POINT ( 'NONE',  ( 2.540000000000000036, 7.239000000000000767, -2.201425730935033664E-16 ) ) ;
#622 = DIRECTION ( 'NONE',  ( 0.000000000000000000, 1.000000000000000000, -5.054934237236841843E-31 ) ) ;
#623 = DIRECTION ( 'NONE',  ( 1.000000000000000000, 0.000000000000000000, 0.000000000000000000 ) ) ;
#624 = DIRECTION ( 'NONE',  ( 0.000000000000000000, -1.440069553722777130E-16, 1.000000000000000000 ) ) ;
#625 = ORIENTED_EDGE ( 'NONE', *, *, #7303, .T. ) ;
#626 = CARTESIAN_POINT ( 'NONE',  ( 20.31999999999999673, 8.509000000000000341, -1.270000000000001128 ) ) ;
#627 = CARTESIAN_POINT ( 'NONE',  ( 0.1961031209927693864, -3.200400000000000134, -0.2032000000000001583 ) ) ;
#628 = ORIENTED_EDGE ( 'NONE', *, *, #2094, .F. ) ;
#629 = LINE ( 'NONE', #11693, #2379 ) ;
#630 = ORIENTED_EDGE ( 'NONE', *, *, #862, .T. ) ;
#631 = FACE_OUTER_BOUND ( 'NONE', #3297, .T. ) ;
#632 = EDGE_CURVE ( 'NONE', #4837, #1728, #12877, .T. ) ;
#633 = DIRECTION ( 'NONE',  ( -1.000000000000000000, -0.000000000000000000, -0.000000000000000000 ) ) ;
#634 = LINE ( 'NONE', #9365, #1775 ) ;
#635 = CARTESIAN_POINT ( 'NONE',  ( 5.079999999999993854, 3.110602869834277161E-16, -1.270000000000001128 ) ) ;
#636 = DIRECTION ( 'NONE',  ( 0.000000000000000000, 1.733406087350420004E-16, -1.000000000000000000 ) ) ;
#637 = ORIENTED_EDGE ( 'NONE', *, *, #3890, .T. ) ;
#638 = DIRECTION ( 'NONE',  ( -1.000000000000000000, 0.000000000000000000, 0.000000000000000000 ) ) ;
#639 = EDGE_CURVE ( 'NONE', #9451, #284, #3042, .T. ) ;
#640 = EDGE_CURVE ( 'NONE', #5120, #12642, #2115, .T. ) ;
#641 = CARTESIAN_POINT ( 'NONE',  ( 22.85999999999999943, 2.177422008883992879E-16, -0.8890000000000013447 ) ) ;
#642 = ORIENTED_EDGE ( 'NONE', *, *, #10270, .T. ) ;
#643 = EDGE_CURVE ( 'NONE', #10072, #3770, #4875, .T. ) ;
#644 = CARTESIAN_POINT ( 'NONE',  ( -10.16000000000000547, 0.5080000000000000071, 0.7528818102449925664 ) ) ;
#645 = DIRECTION ( 'NONE',  ( 1.000000000000000000, 0.000000000000000000, 0.000000000000000000 ) ) ;
#646 = ORIENTED_EDGE ( 'NONE', *, *, #1292, .T. ) ;
#647 = PRESENTATION_LAYER_ASSIGNMENT (  '', '', ( #12080 ) ) ;
#648 = LINE ( 'NONE', #7623, #8975 ) ;
#649 = ADVANCED_FACE ( 'NONE', ( #10858 ), #6969, .F. ) ;
#650 = DIRECTION ( 'NONE',  ( 0.000000000000000000, 0.000000000000000000, 1.000000000000000000 ) ) ;
#651 = VERTEX_POINT ( 'NONE', #2972 ) ;
#652 = CARTESIAN_POINT ( 'NONE',  ( 25.84450000000000003, 8.509000000000000341, -1.270000000000001128 ) ) ;
#653 = EDGE_LOOP ( 'NONE', ( #1998, #7867, #11205, #9637 ) ) ;
#654 = ORIENTED_EDGE ( 'NONE', *, *, #11445, .T. ) ;
#655 = EDGE_CURVE ( 'NONE', #4101, #12153, #4998, .T. ) ;
#656 = AXIS2_PLACEMENT_3D ( 'NONE', #12250, #252, #5072 ) ;
#657 = PLANE ( 'NONE',  #4692 ) ;
#658 = ORIENTED_EDGE ( 'NONE', *, *, #8210, .F. ) ;
#659 = ORIENTED_EDGE ( 'NONE', *, *, #264, .F. ) ;
#660 = CARTESIAN_POINT ( 'NONE',  ( 17.77999999999999758, 8.509000000000000341, -1.270000000000001128 ) ) ;
#661 = ORIENTED_EDGE ( 'NONE', *, *, #8602, .T. ) ;
#662 = STYLED_ITEM ( 'NONE', ( #12595 ), #1908 ) ;
#663 = VECTOR ( 'NONE', #5136, 1000.000000000000000 ) ;
#664 = LINE ( 'NONE', #7833, #8579 ) ;
#665 = LINE ( 'NONE', #851, #12353 ) ;
#666 = ORIENTED_EDGE ( 'NONE', *, *, #8435, .T. ) ;
#667 = LINE ( 'NONE', #11668, #10354 ) ;
#668 = ORIENTED_EDGE ( 'NONE', *, *, #2985, .T. ) ;
#669 = DIRECTION ( 'NONE',  ( 0.000000000000000000, 0.000000000000000000, 1.000000000000000000 ) ) ;
#670 = ADVANCED_FACE ( 'NONE', ( #7877 ), #4147, .F. ) ;
#671 = DIRECTION ( 'NONE',  ( 0.000000000000000000, 5.054934237236841843E-31, 1.000000000000000000 ) ) ;
#672 = CARTESIAN_POINT ( 'NONE',  ( 3.428999999999994497, 7.239000000000000767, -0.3810000000000025033 ) ) ;
#673 = AXIS2_PLACEMENT_3D ( 'NONE', #1664, #8327, #12428 ) ;
#674 = DIRECTION ( 'NONE',  ( 0.000000000000000000, 1.000000000000000000, 1.733406087350420004E-16 ) ) ;
#675 = ORIENTED_EDGE ( 'NONE', *, *, #1358, .F. ) ;
#676 = FACE_OUTER_BOUND ( 'NONE', #10268, .T. ) ;
#677 = DIRECTION ( 'NONE',  ( -1.000000000000000000, -0.000000000000000000, -0.000000000000000000 ) ) ;
#678 = VECTOR ( 'NONE', #2797, 1000.000000000000000 ) ;
#679 = CARTESIAN_POINT ( 'NONE',  ( 0.8889999999999974589, 8.064500000000000668, 0.3809999999999962861 ) ) ;
#680 = DIRECTION ( 'NONE',  ( -1.000000000000000000, -0.000000000000000000, -0.000000000000000000 ) ) ;
#681 = VECTOR ( 'NONE', #3393, 1000.000000000000000 ) ;
#682 = DIRECTION ( 'NONE',  ( 1.000000000000000000, 0.000000000000000000, 0.000000000000000000 ) ) ;
#683 = EDGE_CURVE ( 'NONE', #4971, #8861, #2909, .T. ) ;
#684 = ORIENTED_EDGE ( 'NONE', *, *, #842, .T. ) ;
#685 = EDGE_CURVE ( 'NONE', #10617, #7379, #9881, .T. ) ;
#686 = LINE ( 'NONE', #11496, #2242 ) ;
#687 = CARTESIAN_POINT ( 'NONE',  ( -17.78000000000000469, 2.177422008883992879E-16, -0.8890000000000013447 ) ) ;
#688 = VERTEX_POINT ( 'NONE', #6037 ) ;
#689 = LINE ( 'NONE', #8754, #11386 ) ;
#690 = VERTEX_POINT ( 'NONE', #1020 ) ;
#691 = VECTOR ( 'NONE', #9732, 1000.000000000000000 ) ;
#692 = ADVANCED_FACE ( 'NONE', ( #4941 ), #4018, .F. ) ;
#693 = LINE ( 'NONE', #3805, #1546 ) ;
#694 = ORIENTED_EDGE ( 'NONE', *, *, #1762, .T. ) ;
#695 = DIRECTION ( 'NONE',  ( 1.000000000000000000, 0.000000000000000000, 0.000000000000000000 ) ) ;
#696 = ORIENTED_EDGE ( 'NONE', *, *, #3651, .F. ) ;
#697 = LINE ( 'NONE', #8456, #2772 ) ;
#698 = CARTESIAN_POINT ( 'NONE',  ( 0.8889999999999974589, 8.064500000000000668, 0.3809999999999964526 ) ) ;
#699 = CARTESIAN_POINT ( 'NONE',  ( -13.58900000000000574, 7.239000000000000767, 0.3809999999999962861 ) ) ;
#700 =( LENGTH_UNIT ( ) NAMED_UNIT ( * ) SI_UNIT ( .MILLI., .METRE. ) );
#701 = VERTEX_POINT ( 'NONE', #3950 ) ;
#702 = VECTOR ( 'NONE', #2554, 1000.000000000000000 ) ;
#703 = DIRECTION ( 'NONE',  ( 0.000000000000000000, 1.733406087350420004E-16, -1.000000000000000000 ) ) ;
#704 = ADVANCED_FACE ( 'NONE', ( #11897 ), #1150, .F. ) ;
#705 = DIRECTION ( 'NONE',  ( 0.000000000000000000, -1.000000000000000000, -2.548365665731588345E-16 ) ) ;
#706 = ORIENTED_EDGE ( 'NONE', *, *, #5188, .F. ) ;
#707 = AXIS2_PLACEMENT_3D ( 'NONE', #12744, #4749, #9876 ) ;
#708 = ADVANCED_FACE ( 'NONE', ( #7998 ), #11969, .F. ) ;
#709 = DIRECTION ( 'NONE',  ( 0.000000000000000000, -1.733406087350420004E-16, 1.000000000000000000 ) ) ;
#710 = DIRECTION ( 'NONE',  ( 1.000000000000000000, 0.000000000000000000, 0.000000000000000000 ) ) ;
#711 = ORIENTED_EDGE ( 'NONE', *, *, #3101, .F. ) ;
#712 = VECTOR ( 'NONE', #10192, 1000.000000000000000 ) ;
#713 = DIRECTION ( 'NONE',  ( 0.000000000000000000, -5.054934237236841843E-31, -1.000000000000000000 ) ) ;
#714 = DIRECTION ( 'NONE',  ( 0.000000000000000000, -1.000000000000000000, -2.548365665731588345E-16 ) ) ;
#715 = ADVANCED_FACE ( 'NONE', ( #9102 ), #3162, .F. ) ;
#716 = CARTESIAN_POINT ( 'NONE',  ( 24.25699999999999790, 7.810500000000001108, 0.1269999999999965878 ) ) ;
#717 = LINE ( 'NONE', #11785, #7934 ) ;
#718 = AXIS2_PLACEMENT_3D ( 'NONE', #8440, #7403, #11365 ) ;
#719 = EDGE_LOOP ( 'NONE', ( #3406, #11567, #771, #4184, #9443, #2145 ) ) ;
#720 = EDGE_CURVE ( 'NONE', #2503, #1985, #366, .T. ) ;
#721 = CARTESIAN_POINT ( 'NONE',  ( 17.77999999999999758, 8.509000000000000341, 1.270000000000001128 ) ) ;
#722 = ORIENTED_EDGE ( 'NONE', *, *, #471, .T. ) ;
#723 = ORIENTED_EDGE ( 'NONE', *, *, #184, .F. ) ;
#724 = VECTOR ( 'NONE', #12750, 1000.000000000000000 ) ;
#725 = EDGE_CURVE ( 'NONE', #845, #9254, #5324, .T. ) ;
#726 = CARTESIAN_POINT ( 'NONE',  ( 12.69999999999999574, 0.5080000000000002292, -0.7528818102449945648 ) ) ;
#727 = ORIENTED_EDGE ( 'NONE', *, *, #1111, .T. ) ;
#728 = VERTEX_POINT ( 'NONE', #9225 ) ;
#729 = DIRECTION ( 'NONE',  ( 0.000000000000000000, 2.449293598294710852E-16, -1.000000000000000000 ) ) ;
#730 = ORIENTED_EDGE ( 'NONE', *, *, #5407, .F. ) ;
#731 = VECTOR ( 'NONE', #124, 1000.000000000000114 ) ;
#732 = VECTOR ( 'NONE', #4321, 1000.000000000000000 ) ;
#733 = PRESENTATION_LAYER_ASSIGNMENT (  '', '', ( #7596 ) ) ;
#734 = LINE ( 'NONE', #4719, #12540 ) ;
#735 = DIRECTION ( 'NONE',  ( -1.000000000000000000, -0.000000000000000000, -0.000000000000000000 ) ) ;
#736 = ORIENTED_EDGE ( 'NONE', *, *, #5614, .T. ) ;
#737 = CARTESIAN_POINT ( 'NONE',  ( 12.69999999999999574, 8.509000000000000341, 1.270000000000001128 ) ) ;
#738 = ORIENTED_EDGE ( 'NONE', *, *, #7873, .T. ) ;
#739 = DIRECTION ( 'NONE',  ( -0.000000000000000000, -0.000000000000000000, 1.000000000000000000 ) ) ;
#740 = VECTOR ( 'NONE', #7084, 1000.000000000000000 ) ;
#741 = PLANE ( 'NONE',  #4912 ) ;
#742 = VECTOR ( 'NONE', #2367, 1000.000000000000000 ) ;
#743 = VECTOR ( 'NONE', #6006, 1000.000000000000114 ) ;
#744 = CARTESIAN_POINT ( 'NONE',  ( 7.619999999999994778, 0.5080000000000002292, -0.7528818102449945648 ) ) ;
#745 = VERTEX_POINT ( 'NONE', #2380 ) ;
#746 = CARTESIAN_POINT ( 'NONE',  ( -4.635500000000003951, 8.509000000000000341, -1.270000000000001128 ) ) ;
#747 = EDGE_CURVE ( 'NONE', #5313, #1880, #3298, .T. ) ;
#748 = STYLED_ITEM ( 'NONE', ( #7950 ), #4092 ) ;
#749 = CARTESIAN_POINT ( 'NONE',  ( -28.19400000000000617, 8.509000000000000341, 1.270000000000001128 ) ) ;
#750 = AXIS2_PLACEMENT_3D ( 'NONE', #7122, #6403, #451 ) ;
#751 = AXIS2_PLACEMENT_3D ( 'NONE', #1027, #38, #4027 ) ;
#752 = DIRECTION ( 'NONE',  ( -1.000000000000000000, -0.000000000000000000, -0.000000000000000000 ) ) ;
#753 = CARTESIAN_POINT ( 'NONE',  ( -21.97100000000000364, 8.064500000000000668, 0.3809999999999962861 ) ) ;
#754 = LINE ( 'NONE', #2704, #521 ) ;
#755 = DIRECTION ( 'NONE',  ( 0.000000000000000000, -0.000000000000000000, -1.000000000000000000 ) ) ;
#756 = CARTESIAN_POINT ( 'NONE',  ( -3.469446951953614189E-15, 0.5080000000000000071, 0.7528818102449925664 ) ) ;
#757 = ORIENTED_EDGE ( 'NONE', *, *, #2819, .F. ) ;
#758 = LINE ( 'NONE', #6635, #8473 ) ;
#759 =( REPRESENTATION_RELATIONSHIP ('NONE','NONE', #7825, #3815 ) REPRESENTATION_RELATIONSHIP_WITH_TRANSFORMATION ( #7042 )SHAPE_REPRESENTATION_RELATIONSHIP( ) );
#760 = LINE ( 'NONE', #4740, #6361 ) ;
#761 = ORIENTED_EDGE ( 'NONE', *, *, #12652, .T. ) ;
#762 = PLANE ( 'NONE',  #2587 ) ;
#763 = ORIENTED_EDGE ( 'NONE', *, *, #12822, .F. ) ;
#764 = FACE_OUTER_BOUND ( 'NONE', #11838, .T. ) ;
#765 = ORIENTED_EDGE ( 'NONE', *, *, #8466, .T. ) ;
#766 = CARTESIAN_POINT ( 'NONE',  ( -27.94000000000000483, 8.509000000000000341, 1.270000000000001128 ) ) ;
#767 = CARTESIAN_POINT ( 'NONE',  ( 13.58899999999999686, 7.239000000000000767, 0.3809999999999962861 ) ) ;
#768 = DIRECTION ( 'NONE',  ( 0.000000000000000000, 2.449293598294710852E-16, -1.000000000000000000 ) ) ;
#769 = LINE ( 'NONE', #3885, #6841 ) ;
#770 = LINE ( 'NONE', #7612, #12095 ) ;
#771 = ORIENTED_EDGE ( 'NONE', *, *, #5459, .F. ) ;
#772 = EDGE_CURVE ( 'NONE', #7632, #8113, #298, .T. ) ;
#773 = EDGE_CURVE ( 'NONE', #11379, #6706, #9160, .T. ) ;
#774 = VECTOR ( 'NONE', #9435, 1000.000000000000000 ) ;
#775 = DIRECTION ( 'NONE',  ( 0.000000000000000000, 1.733406087350420004E-16, -1.000000000000000000 ) ) ;
#776 = PLANE ( 'NONE',  #3423 ) ;
#777 = ORIENTED_EDGE ( 'NONE', *, *, #643, .T. ) ;
#778 = EDGE_CURVE ( 'NONE', #8379, #4316, #8259, .T. ) ;
#779 = DIRECTION ( 'NONE',  ( -0.000000000000000000, 1.000000000000000000, 1.440069553722777130E-16 ) ) ;
#780 = CARTESIAN_POINT ( 'NONE',  ( -1.270000000000003793, 0.000000000000000000, 0.000000000000000000 ) ) ;
#781 = EDGE_LOOP ( 'NONE', ( #6303, #9988, #12569, #6072 ) ) ;
#782 = LINE ( 'NONE', #10316, #6286 ) ;
#783 = AXIS2_PLACEMENT_3D ( 'NONE', #2090, #7137, #6083 ) ;
#784 = CARTESIAN_POINT ( 'NONE',  ( -13.58900000000000574, 7.239000000000000767, 0.3809999999999962861 ) ) ;
#785 = VECTOR ( 'NONE', #7455, 1000.000000000000000 ) ;
#786 = LINE ( 'NONE', #3760, #4391 ) ;
#787 = ORIENTED_EDGE ( 'NONE', *, *, #322, .T. ) ;
#788 = EDGE_CURVE ( 'NONE', #4075, #9773, #234, .T. ) ;
#789 = ORIENTED_EDGE ( 'NONE', *, *, #5802, .F. ) ;
#790 = ORIENTED_EDGE ( 'NONE', *, *, #4435, .T. ) ;
#791 = CLOSED_SHELL ( 'NONE', ( #6224, #533, #11651, #3887, #10890, #11173, #4614, #1063, #4429, #6463, #4173, #6812, #8923, #9189, #12648, #4995, #7511, #9547, #414 ) ) ;
#792 =( LENGTH_UNIT ( ) NAMED_UNIT ( * ) SI_UNIT ( .MILLI., .METRE. ) );
#793 = EDGE_LOOP ( 'NONE', ( #6980, #12035, #4053, #8472 ) ) ;
#794 = ORIENTED_EDGE ( 'NONE', *, *, #9688, .T. ) ;
#795 = ADVANCED_FACE ( 'NONE', ( #5255 ), #8446, .F. ) ;
#796 = EDGE_LOOP ( 'NONE', ( #1368, #844, #9124, #6800, #2467, #7606, #11743, #11549 ) ) ;
#797 = CLOSED_SHELL ( 'NONE', ( #9313, #1896, #11452, #6226, #10892, #8594, #8484, #6069, #9191, #5001, #12740, #7898, #8832, #2732, #7063, #1425, #7694, #11453, #11859 ) ) ;
#798 = CARTESIAN_POINT ( 'NONE',  ( 2.539999999999996927, 0.000000000000000000, 1.269999999999998908 ) ) ;
#799 = ADVANCED_FACE ( 'NONE', ( #4278 ), #6502, .F. ) ;
#800 = FACE_OUTER_BOUND ( 'NONE', #11914, .T. ) ;
#801 = ORIENTED_EDGE ( 'NONE', *, *, #7841, .F. ) ;
#802 = LINE ( 'NONE', #12593, #8081 ) ;
#803 = ORIENTED_EDGE ( 'NONE', *, *, #10598, .T. ) ;
#804 = CARTESIAN_POINT ( 'NONE',  ( 14.09699999999999420, 7.810500000000001108, 0.1269999999999965878 ) ) ;
#805 = FACE_OUTER_BOUND ( 'NONE', #4567, .T. ) ;
#806 = FACE_OUTER_BOUND ( 'NONE', #10932, .T. ) ;
#807 = EDGE_CURVE ( 'NONE', #7118, #12316, #491, .T. ) ;
#808 = CARTESIAN_POINT ( 'NONE',  ( -10.16000000000000547, 8.509000000000000341, 1.270000000000001128 ) ) ;
#809 = ORIENTED_EDGE ( 'NONE', *, *, #1430, .F. ) ;
#810 = CARTESIAN_POINT ( 'NONE',  ( 19.43099999999999739, 7.239000000000000767, -0.3810000000000025033 ) ) ;
#811 = CARTESIAN_POINT ( 'NONE',  ( -26.54300000000000637, 7.810500000000000220, -0.1270000000000020557 ) ) ;
#812 = DIRECTION ( 'NONE',  ( 0.5773502691896253980, 0.5773502691896253980, -0.5773502691896265082 ) ) ;
#813 = LINE ( 'NONE', #12609, #6288 ) ;
#814 = PLANE ( 'NONE',  #5921 ) ;
#815 = CARTESIAN_POINT ( 'NONE',  ( 17.77999999999999758, -1.925929944387235853E-31, 0.8889999999999991243 ) ) ;
#816 = CARTESIAN_POINT ( 'NONE',  ( -28.19400000000000617, 3.110602869834277161E-16, -1.270000000000001128 ) ) ;
#817 = ORIENTED_EDGE ( 'NONE', *, *, #9333, .F. ) ;
#818 = DIRECTION ( 'NONE',  ( 1.000000000000000000, 0.000000000000000000, 0.000000000000000000 ) ) ;
#819 = EDGE_CURVE ( 'NONE', #12848, #1528, #1273, .T. ) ;
#820 = PLANE ( 'NONE',  #9255 ) ;
#821 = VERTEX_POINT ( 'NONE', #7231 ) ;
#822 = CLOSED_SHELL ( 'NONE', ( #2474, #4046, #2143, #6063, #9560, #6190, #7191, #2267, #5815, #5180, #8412, #11350, #9631, #2622, #708, #11420, #4972, #7430, #221 ) ) ;
#823 = LINE ( 'NONE', #7667, #10911 ) ;
#824 = LINE ( 'NONE', #4800, #5107 ) ;
#825 = ORIENTED_EDGE ( 'NONE', *, *, #6060, .T. ) ;
#826 = CARTESIAN_POINT ( 'NONE',  ( 19.87549999999999883, 8.509000000000000341, -0.8255000000000036753 ) ) ;
#827 = ORIENTED_EDGE ( 'NONE', *, *, #9821, .F. ) ;
#828 = CARTESIAN_POINT ( 'NONE',  ( 5.079999999999993854, 0.5080000000000002292, -0.7528818102449945648 ) ) ;
#829 = LINE ( 'NONE', #3621, #10699 ) ;
#830 = CARTESIAN_POINT ( 'NONE',  ( 0.3810000000000000053, 0.5079999999999998961, -0.2031999999999997419 ) ) ;
#831 = ORIENTED_EDGE ( 'NONE', *, *, #11465, .T. ) ;
#832 = CARTESIAN_POINT ( 'NONE',  ( -11.81100000000000527, 7.239000000000000767, 0.3809999999999962861 ) ) ;
#833 = DIRECTION ( 'NONE',  ( 0.000000000000000000, 2.449293598294710852E-16, -1.000000000000000000 ) ) ;
#834 = VERTEX_POINT ( 'NONE', #1459 ) ;
#835 = CARTESIAN_POINT ( 'NONE',  ( -21.20900000000000674, 7.239000000000000767, 0.3809999999999962861 ) ) ;
#836 = DIRECTION ( 'NONE',  ( 0.000000000000000000, 0.000000000000000000, 1.000000000000000000 ) ) ;
#837 = ORIENTED_EDGE ( 'NONE', *, *, #6619, .F. ) ;
#838 = CARTESIAN_POINT ( 'NONE',  ( -24.51100000000000634, 7.239000000000000767, 0.3809999999999962861 ) ) ;
#839 = PLANE ( 'NONE',  #3749 ) ;
#840 = ORIENTED_EDGE ( 'NONE', *, *, #1329, .T. ) ;
#841 = DIRECTION ( 'NONE',  ( -0.5773502691896252870, -0.5773502691896251759, -0.5773502691896267303 ) ) ;
#842 = EDGE_CURVE ( 'NONE', #3910, #5713, #6442, .T. ) ;
#843 = VERTEX_POINT ( 'NONE', #10253 ) ;
#844 = ORIENTED_EDGE ( 'NONE', *, *, #12184, .F. ) ;
#845 = VERTEX_POINT ( 'NONE', #3493 ) ;
#846 = AXIS2_PLACEMENT_3D ( 'NONE', #7816, #3830, #6601 ) ;
#847 = ORIENTED_EDGE ( 'NONE', *, *, #6673, .F. ) ;
#848 = LINE ( 'NONE', #6852, #3976 ) ;
#849 = VERTEX_POINT ( 'NONE', #8321 ) ;
#850 = LINE ( 'NONE', #4833, #12336 ) ;
#851 = CARTESIAN_POINT ( 'NONE',  ( -3.469446951953614189E-15, 0.5080000000000002292, -0.7528818102449945648 ) ) ;
#852 = ORIENTED_EDGE ( 'NONE', *, *, #3971, .T. ) ;
#853 = CARTESIAN_POINT ( 'NONE',  ( -12.70000000000000639, 3.110602869834277161E-16, -1.270000000000001128 ) ) ;
#854 = PRESENTATION_LAYER_ASSIGNMENT (  '', '', ( #3133 ) ) ;
#855 = VECTOR ( 'NONE', #1090, 1000.000000000000000 ) ;
#856 = VERTEX_POINT ( 'NONE', #7344 ) ;
#857 = DIRECTION ( 'NONE',  ( 0.000000000000000000, -1.000000000000000000, -2.548365665731588345E-16 ) ) ;
#858 = DIRECTION ( 'NONE',  ( -0.000000000000000000, 1.000000000000000000, 1.733406087350420004E-16 ) ) ;
#859 = FACE_OUTER_BOUND ( 'NONE', #2370, .T. ) ;
#860 = EDGE_CURVE ( 'NONE', #2688, #4615, #11305, .T. ) ;
#861 = VECTOR ( 'NONE', #3304, 1000.000000000000000 ) ;
#862 = EDGE_CURVE ( 'NONE', #7096, #1109, #10325, .T. ) ;
#863 = PLANE ( 'NONE',  #535 ) ;
#864 = VERTEX_POINT ( 'NONE', #7474 ) ;
#865 = CARTESIAN_POINT ( 'NONE',  ( 3.428999999999994497, 8.064500000000000668, 0.3809999999999962861 ) ) ;
#866 = EDGE_CURVE ( 'NONE', #701, #11998, #1214, .T. ) ;
#867 = CARTESIAN_POINT ( 'NONE',  ( 3.936999999999992728, 7.810500000000000220, -0.1270000000000020557 ) ) ;
#868 = CARTESIAN_POINT ( 'NONE',  ( -24.51100000000000634, 8.064500000000000668, 0.3809999999999962861 ) ) ;
#869 = PLANE ( 'NONE',  #8016 ) ;
#870 = EDGE_CURVE ( 'NONE', #4225, #1457, #5383, .T. ) ;
#871 = VECTOR ( 'NONE', #151, 1000.000000000000000 ) ;
#872 = CARTESIAN_POINT ( 'NONE',  ( 5.079999999999993854, 8.509000000000000341, -1.270000000000001128 ) ) ;
#873 = LINE ( 'NONE', #4856, #6734 ) ;
#874 = ORIENTED_EDGE ( 'NONE', *, *, #7600, .T. ) ;
#875 = EDGE_CURVE ( 'NONE', #1434, #7900, #11182, .T. ) ;
#876 = VECTOR ( 'NONE', #10790, 1000.000000000000000 ) ;
#877 = DIRECTION ( 'NONE',  ( -1.000000000000000000, -0.000000000000000000, -0.000000000000000000 ) ) ;
#878 = DIRECTION ( 'NONE',  ( 0.000000000000000000, -2.449293598294710852E-16, 1.000000000000000000 ) ) ;
#879 = PRODUCT_DEFINITION_SHAPE ( 'NONE', 'NONE',  #12888 ) ;
#880 = VERTEX_POINT ( 'NONE', #6689 ) ;
#881 = LINE ( 'NONE', #10588, #8205 ) ;
#882 = EDGE_LOOP ( 'NONE', ( #5667, #7622, #6104, #9502 ) ) ;
#883 = AXIS2_PLACEMENT_3D ( 'NONE', #7095, #10809, #10063 ) ;
#884 = VECTOR ( 'NONE', #9393, 1000.000000000000000 ) ;
#885 = CARTESIAN_POINT ( 'NONE',  ( -5.080000000000004512, -1.925929944387235853E-31, 0.8889999999999991243 ) ) ;
#886 = ORIENTED_EDGE ( 'NONE', *, *, #609, .T. ) ;
#887 = CARTESIAN_POINT ( 'NONE',  ( -2.540000000000004032, 3.110602869834277161E-16, -1.270000000000001128 ) ) ;
#888 = DIRECTION ( 'NONE',  ( -1.000000000000000000, 0.000000000000000000, -0.000000000000000000 ) ) ;
#889 = DIRECTION ( 'NONE',  ( 0.000000000000000000, -5.054934237236841843E-31, -1.000000000000000000 ) ) ;
#890 = DIRECTION ( 'NONE',  ( 1.000000000000000000, 0.000000000000000000, 0.000000000000000000 ) ) ;
#891 = ORIENTED_EDGE ( 'NONE', *, *, #6380, .F. ) ;
#892 = LINE ( 'NONE', #12499, #9088 ) ;
#893 = AXIS2_PLACEMENT_3D ( 'NONE', #4269, #3225, #6031 ) ;
#894 = CARTESIAN_POINT ( 'NONE',  ( 17.77999999999999758, 2.177422008883992879E-16, -0.8890000000000013447 ) ) ;
#895 = VERTEX_POINT ( 'NONE', #626 ) ;
#896 = DIRECTION ( 'NONE',  ( 0.000000000000000000, -1.000000000000000000, -1.733406087350420004E-16 ) ) ;
#897 = ITEM_DEFINED_TRANSFORMATION ( 'NONE', 'NONE', #6166,  #1564 ) ;
#898 = ORIENTED_EDGE ( 'NONE', *, *, #609, .F. ) ;
#899 = CARTESIAN_POINT ( 'NONE',  ( -27.94000000000000483, 2.177422008883992879E-16, -0.8890000000000013447 ) ) ;
#900 = EDGE_CURVE ( 'NONE', #4615, #10876, #10447, .T. ) ;
#901 = VECTOR ( 'NONE', #9721, 1000.000000000000000 ) ;
#902 =( LENGTH_UNIT ( ) NAMED_UNIT ( * ) SI_UNIT ( .MILLI., .METRE. ) );
#903 = VERTEX_POINT ( 'NONE', #10715 ) ;
#904 = DIRECTION ( 'NONE',  ( -1.000000000000000000, 0.000000000000000000, 0.000000000000000000 ) ) ;
#905 = ORIENTED_EDGE ( 'NONE', *, *, #2094, .T. ) ;
#906 = ORIENTED_EDGE ( 'NONE', *, *, #3472, .T. ) ;
#907 = DIRECTION ( 'NONE',  ( 0.000000000000000000, -1.000000000000000000, 0.000000000000000000 ) ) ;
#908 = ORIENTED_EDGE ( 'NONE', *, *, #11757, .T. ) ;
#909 = VECTOR ( 'NONE', #5845, 1000.000000000000000 ) ;
#910 = ORIENTED_EDGE ( 'NONE', *, *, #9552, .T. ) ;
#911 = DIRECTION ( 'NONE',  ( 0.000000000000000000, 1.000000000000000000, 2.548365665731588345E-16 ) ) ;
#912 = EDGE_CURVE ( 'NONE', #3041, #10306, #5512, .T. ) ;
#913 = CARTESIAN_POINT ( 'NONE',  ( 5.079999999999993854, 0.5080000000000002292, -0.7528818102449945648 ) ) ;
#914 = DIRECTION ( 'NONE',  ( 0.000000000000000000, -1.000000000000000000, 0.000000000000000000 ) ) ;
#915 = ORIENTED_EDGE ( 'NONE', *, *, #12767, .T. ) ;
#916 = VECTOR ( 'NONE', #12158, 1000.000000000000000 ) ;
#917 = CARTESIAN_POINT ( 'NONE',  ( 7.619999999999994778, 0.5080000000000002292, -0.7528818102449945648 ) ) ;
#918 = CARTESIAN_POINT ( 'NONE',  ( -20.32000000000000384, 0.000000000000000000, 0.000000000000000000 ) ) ;
#919 = EDGE_LOOP ( 'NONE', ( #659, #12418, #5741, #5059 ) ) ;
#920 = VECTOR ( 'NONE', #10957, 1000.000000000000000 ) ;
#921 = VECTOR ( 'NONE', #833, 1000.000000000000000 ) ;
#922 = DIRECTION ( 'NONE',  ( -1.000000000000000000, -0.000000000000000000, -0.000000000000000000 ) ) ;
#923 =( REPRESENTATION_RELATIONSHIP ('NONE','NONE', #7825, #3815 ) REPRESENTATION_RELATIONSHIP_WITH_TRANSFORMATION ( #12041 )SHAPE_REPRESENTATION_RELATIONSHIP( ) );
#924 = EDGE_LOOP ( 'NONE', ( #4703, #7370, #3174, #3914 ) ) ;
#925 = CARTESIAN_POINT ( 'NONE',  ( 26.79699999999999704, 7.810500000000000220, -0.1270000000000020557 ) ) ;
#926 = ADVANCED_FACE ( 'NONE', ( #8564 ), #12485, .F. ) ;
#927 = CARTESIAN_POINT ( 'NONE',  ( 25.39999999999999858, 8.509000000000000341, -1.270000000000001128 ) ) ;
#928 = EDGE_LOOP ( 'NONE', ( #1096, #6449, #28, #3579 ) ) ;
#929 = VECTOR ( 'NONE', #1371, 1000.000000000000000 ) ;
#930 = AXIS2_PLACEMENT_3D ( 'NONE', #6745, #9733, #4789 ) ;
#931 = EDGE_CURVE ( 'NONE', #5585, #10188, #9739, .T. ) ;
#932 = LINE ( 'NONE', #2757, #316 ) ;
#933 = ORIENTED_EDGE ( 'NONE', *, *, #11324, .T. ) ;
#934 = DIRECTION ( 'NONE',  ( 0.000000000000000000, 0.000000000000000000, 1.000000000000000000 ) ) ;
#935 = CARTESIAN_POINT ( 'NONE',  ( 22.85999999999999943, 0.5080000000000002292, -0.7528818102449945648 ) ) ;
#936 = DIRECTION ( 'NONE',  ( -0.000000000000000000, 0.000000000000000000, 1.000000000000000000 ) ) ;
#937 = CARTESIAN_POINT ( 'NONE',  ( -11.04900000000000659, 8.064500000000000668, -0.3810000000000023368 ) ) ;
#938 = FACE_OUTER_BOUND ( 'NONE', #5216, .T. ) ;
#939 = ORIENTED_EDGE ( 'NONE', *, *, #12491, .T. ) ;
#940 = DIRECTION ( 'NONE',  ( -1.000000000000000000, -0.000000000000000000, -0.000000000000000000 ) ) ;
#941 = AXIS2_PLACEMENT_3D ( 'NONE', #4663, #7650, #2502 ) ;
#942 = FACE_OUTER_BOUND ( 'NONE', #8358, .T. ) ;
#943 = VERTEX_POINT ( 'NONE', #6568 ) ;
#944 = PRESENTATION_LAYER_ASSIGNMENT (  '', '', ( #11963 ) ) ;
#945 = ORIENTED_EDGE ( 'NONE', *, *, #5814, .T. ) ;
#946 = VECTOR ( 'NONE', #1643, 1000.000000000000114 ) ;
#947 = DIRECTION ( 'NONE',  ( 0.000000000000000000, -0.9659258262890699775, -0.2588190451025145222 ) ) ;
#948 = AXIS2_PLACEMENT_3D ( 'NONE', #75, #7853, #2890 ) ;
#949 = PLANE ( 'NONE',  #8850 ) ;
#950 = ORIENTED_EDGE ( 'NONE', *, *, #481, .T. ) ;
#951 = CARTESIAN_POINT ( 'NONE',  ( -24.00300000000000722, 7.810500000000000220, -0.1270000000000020557 ) ) ;
#952 = LINE ( 'NONE', #8893, #3843 ) ;
#953 = EDGE_CURVE ( 'NONE', #10956, #10288, #2769, .T. ) ;
#954 = VERTEX_POINT ( 'NONE', #1524 ) ;
#955 = MECHANICAL_DESIGN_GEOMETRIC_PRESENTATION_REPRESENTATION (  '', ( #4270 ), #536 ) ;
#956 = DIRECTION ( 'NONE',  ( -0.000000000000000000, 1.000000000000000000, 1.733406087350420004E-16 ) ) ;
#957 = VERTEX_POINT ( 'NONE', #3680 ) ;
#958 = PLANE ( 'NONE',  #9004 ) ;
#959 = CARTESIAN_POINT ( 'NONE',  ( -2.540000000000004032, 0.5080000000000002292, -0.7528818102449945648 ) ) ;
#960 = FACE_OUTER_BOUND ( 'NONE', #8413, .T. ) ;
#961 = LINE ( 'NONE', #10988, #5867 ) ;
#962 = EDGE_CURVE ( 'NONE', #1544, #7490, #9489, .T. ) ;
#963 = FACE_OUTER_BOUND ( 'NONE', #12556, .T. ) ;
#964 = EDGE_LOOP ( 'NONE', ( #11290, #494, #6198, #10372 ) ) ;
#965 = DIRECTION ( 'NONE',  ( -0.5773502691896253980, 0.5773502691896253980, -0.5773502691896265082 ) ) ;
#966 = AXIS2_PLACEMENT_3D ( 'NONE', #7740, #8586, #2790 ) ;
#967 = FILL_AREA_STYLE_COLOUR ( '', #518 ) ;
#968 = ORIENTED_EDGE ( 'NONE', *, *, #2686, .F. ) ;
#969 = FACE_OUTER_BOUND ( 'NONE', #10605, .T. ) ;
#970 = ORIENTED_EDGE ( 'NONE', *, *, #10342, .F. ) ;
#971 = PLANE ( 'NONE',  #7729 ) ;
#972 = CARTESIAN_POINT ( 'NONE',  ( 28.19400000000000617, 0.5080000000000000071, 0.7528818102449925664 ) ) ;
#973 = ADVANCED_FACE ( 'NONE', ( #3801 ), #3735, .F. ) ;
#974 = CARTESIAN_POINT ( 'NONE',  ( 12.69999999999999574, 0.5080000000000000071, 0.7528818102449925664 ) ) ;
#975 = VERTEX_POINT ( 'NONE', #7662 ) ;
#976 = ORIENTED_EDGE ( 'NONE', *, *, #5732, .T. ) ;
#977 = ORIENTED_EDGE ( 'NONE', *, *, #5092, .F. ) ;
#978 = EDGE_CURVE ( 'NONE', #3479, #2547, #10520, .T. ) ;
#979 = VECTOR ( 'NONE', #4495, 1000.000000000000000 ) ;
#980 = LINE ( 'NONE', #5668, #2981 ) ;
#981 = DIRECTION ( 'NONE',  ( -0.000000000000000000, 1.000000000000000000, 1.733406087350420004E-16 ) ) ;
#982 = LINE ( 'NONE', #11663, #2402 ) ;
#983 = ORIENTED_EDGE ( 'NONE', *, *, #1496, .T. ) ;
#984 = PLANE ( 'NONE',  #7966 ) ;
#985 = DIRECTION ( 'NONE',  ( 1.000000000000000000, 0.000000000000000000, -0.000000000000000000 ) ) ;
#986 = ORIENTED_EDGE ( 'NONE', *, *, #2551, .T. ) ;
#987 = FACE_OUTER_BOUND ( 'NONE', #9581, .T. ) ;
#988 = ORIENTED_EDGE ( 'NONE', *, *, #8826, .F. ) ;
#989 = CARTESIAN_POINT ( 'NONE',  ( 5.968999999999994976, 8.064500000000000668, 0.3809999999999962861 ) ) ;
#990 = ORIENTED_EDGE ( 'NONE', *, *, #2256, .F. ) ;
#991 = PLANE ( 'NONE',  #5505 ) ;
#992 = AXIS2_PLACEMENT_3D ( 'NONE', #8421, #9338, #5418 ) ;
#993 = ORIENTED_EDGE ( 'NONE', *, *, #11932, .F. ) ;
#994 = EDGE_CURVE ( 'NONE', #6068, #4316, #11758, .T. ) ;
#995 = FACE_OUTER_BOUND ( 'NONE', #4892, .T. ) ;
#996 = EDGE_LOOP ( 'NONE', ( #5801, #7517, #9198, #6317 ) ) ;
#997 = PLANE ( 'NONE',  #4211 ) ;
#998 = EDGE_CURVE ( 'NONE', #3577, #4821, #1596, .T. ) ;
#999 = DIRECTION ( 'NONE',  ( -0.000000000000000000, 1.000000000000000000, 1.733406087350420004E-16 ) ) ;
#1000 = LINE ( 'NONE', #73, #93 ) ;
#1001 = CARTESIAN_POINT ( 'NONE',  ( -16.12900000000000489, 8.064500000000000668, 0.3809999999999962861 ) ) ;
#1002 = CARTESIAN_POINT ( 'NONE',  ( -28.19400000000000617, 0.5080000000000002292, -0.7528818102449945648 ) ) ;
#1003 = ORIENTED_EDGE ( 'NONE', *, *, #11702, .T. ) ;
#1004 = FACE_OUTER_BOUND ( 'NONE', #6460, .T. ) ;
#1005 = LINE ( 'NONE', #11950, #8772 ) ;
#1006 = EDGE_CURVE ( 'NONE', #7577, #10813, #7530, .T. ) ;
#1007 = VERTEX_POINT ( 'NONE', #12546 ) ;
#1008 = DIRECTION ( 'NONE',  ( 1.000000000000000000, 0.000000000000000000, -0.000000000000000000 ) ) ;
#1009 = CARTESIAN_POINT ( 'NONE',  ( 22.85999999999999943, 2.177422008883992879E-16, -0.8890000000000013447 ) ) ;
#1010 = VERTEX_POINT ( 'NONE', #3609 ) ;
#1011 = CARTESIAN_POINT ( 'NONE',  ( -16.89100000000000179, 7.239000000000000767, -0.3810000000000025033 ) ) ;
#1012 = VERTEX_POINT ( 'NONE', #9680 ) ;
#1013 = CARTESIAN_POINT ( 'NONE',  ( 11.30299999999999727, 7.810500000000000220, -0.1270000000000020557 ) ) ;
#1014 = PLANE ( 'NONE',  #12749 ) ;
#1015 = CARTESIAN_POINT ( 'NONE',  ( -17.78000000000000469, 8.509000000000000341, -1.270000000000001128 ) ) ;
#1016 = CARTESIAN_POINT ( 'NONE',  ( -4.191000000000003389, 8.064500000000000668, 0.3809999999999964526 ) ) ;
#1017 = DIRECTION ( 'NONE',  ( 0.000000000000000000, 2.548365665731588345E-16, -1.000000000000000000 ) ) ;
#1018 = CARTESIAN_POINT ( 'NONE',  ( 23.74899999999999878, 8.064500000000000668, 0.3809999999999964526 ) ) ;
#1019 = VERTEX_POINT ( 'NONE', #12674 ) ;
#1020 = CARTESIAN_POINT ( 'NONE',  ( -3.469446951953614189E-15, 3.110602869834277161E-16, -1.270000000000001128 ) ) ;
#1021 = CARTESIAN_POINT ( 'NONE',  ( -23.74900000000000588, 8.064500000000000668, -0.3810000000000023368 ) ) ;
#1022 = ORIENTED_EDGE ( 'NONE', *, *, #551, .F. ) ;
#1023 = CARTESIAN_POINT ( 'NONE',  ( -22.41550000000000509, 8.509000000000000341, -1.270000000000001128 ) ) ;
#1024 = ADVANCED_FACE ( 'NONE', ( #2648 ), #10645, .F. ) ;
#1025 = ORIENTED_EDGE ( 'NONE', *, *, #1257, .F. ) ;
#1026 = LINE ( 'NONE', #8717, #5438 ) ;
#1027 = CARTESIAN_POINT ( 'NONE',  ( -24.51100000000000634, 8.064500000000000668, 0.3809999999999964526 ) ) ;
#1028 =( NAMED_UNIT ( * ) PLANE_ANGLE_UNIT ( ) SI_UNIT ( $, .RADIAN. ) );
#1029 = ORIENTED_EDGE ( 'NONE', *, *, #2538, .F. ) ;
#1030 = EDGE_CURVE ( 'NONE', #8415, #8727, #758, .T. ) ;
#1031 = VERTEX_POINT ( 'NONE', #8697 ) ;
#1032 = EDGE_CURVE ( 'NONE', #7721, #3035, #10585, .T. ) ;
#1033 = EDGE_CURVE ( 'NONE', #4570, #4798, #689, .T. ) ;
#1034 = ORIENTED_EDGE ( 'NONE', *, *, #1161, .F. ) ;
#1035 = CARTESIAN_POINT ( 'NONE',  ( -25.40000000000000568, 0.5080000000000000071, 0.7528818102449925664 ) ) ;
#1036 = FACE_OUTER_BOUND ( 'NONE', #5876, .T. ) ;
#1037 = LINE ( 'NONE', #127, #7818 ) ;
#1038 = EDGE_CURVE ( 'NONE', #6000, #7454, #7859, .T. ) ;
#1039 = LINE ( 'NONE', #5017, #7550 ) ;
#1040 = CARTESIAN_POINT ( 'NONE',  ( -10.16000000000000547, 0.000000000000000000, 0.000000000000000000 ) ) ;
#1041 = EDGE_LOOP ( 'NONE', ( #7759, #3779, #5646, #9788 ) ) ;
#1042 = EDGE_CURVE ( 'NONE', #8677, #2612, #6090, .T. ) ;
#1043 = CARTESIAN_POINT ( 'NONE',  ( -7.620000000000005436, -1.925929944387235853E-31, 0.8889999999999991243 ) ) ;
#1044 = ORIENTED_EDGE ( 'NONE', *, *, #8749, .T. ) ;
#1045 = LINE ( 'NONE', #5023, #10505 ) ;
#1046 = UNCERTAINTY_MEASURE_WITH_UNIT (LENGTH_MEASURE( 1.000000000000000082E-05 ), #8246, 'distance_accuracy_value', 'NONE');
#1047 = PLANE ( 'NONE',  #304 ) ;
#1048 = ORIENTED_EDGE ( 'NONE', *, *, #112, .F. ) ;
#1049 = DIRECTION ( 'NONE',  ( 0.000000000000000000, -0.000000000000000000, -1.000000000000000000 ) ) ;
#1050 = VERTEX_POINT ( 'NONE', #3089 ) ;
#1051 = VECTOR ( 'NONE', #4621, 1000.000000000000000 ) ;
#1052 = CARTESIAN_POINT ( 'NONE',  ( -16.89100000000000179, 8.064500000000000668, 0.3809999999999962861 ) ) ;
#1053 = CARTESIAN_POINT ( 'NONE',  ( 9.270999999999993690, 8.064500000000000668, 0.3809999999999962861 ) ) ;
#1054 = DIRECTION ( 'NONE',  ( -0.000000000000000000, 1.000000000000000000, 2.449293598294710852E-16 ) ) ;
#1055 = PLANE ( 'NONE',  #6922 ) ;
#1056 = CARTESIAN_POINT ( 'NONE',  ( 6.730999999999993655, 7.239000000000000767, 0.3809999999999962861 ) ) ;
#1057 = LINE ( 'NONE', #8045, #10002 ) ;
#1058 = EDGE_LOOP ( 'NONE', ( #5631, #121, #7256, #11848 ) ) ;
#1059 = CARTESIAN_POINT ( 'NONE',  ( -2.984500000000004594, 8.509000000000000341, -1.270000000000001128 ) ) ;
#1060 = CARTESIAN_POINT ( 'NONE',  ( -17.78000000000000469, 0.000000000000000000, 0.000000000000000000 ) ) ;
#1061 = EDGE_LOOP ( 'NONE', ( #6410, #8341, #12356, #1611 ) ) ;
#1062 = CARTESIAN_POINT ( 'NONE',  ( 10.15999999999999481, 8.509000000000000341, -1.270000000000001128 ) ) ;
#1063 = ADVANCED_FACE ( 'NONE', ( #5827 ), #10909, .F. ) ;
#1064 = ADVANCED_FACE ( 'NONE', ( #10841 ), #4859, .F. ) ;
#1065 = FACE_OUTER_BOUND ( 'NONE', #5355, .T. ) ;
#1066 = ORIENTED_EDGE ( 'NONE', *, *, #4943, .T. ) ;
#1067 = CARTESIAN_POINT ( 'NONE',  ( -27.94000000000000483, -1.925929944387235853E-31, 0.8889999999999991243 ) ) ;
#1068 = EDGE_CURVE ( 'NONE', #11981, #11992, #13, .T. ) ;
#1069 = ORIENTED_EDGE ( 'NONE', *, *, #3758, .T. ) ;
#1070 = EDGE_CURVE ( 'NONE', #12622, #12108, #12078, .T. ) ;
#1071 = DIRECTION ( 'NONE',  ( 0.000000000000000000, 2.548365665731588345E-16, -1.000000000000000000 ) ) ;
#1072 = CARTESIAN_POINT ( 'NONE',  ( -11.04900000000000659, 7.239000000000000767, 0.3809999999999962861 ) ) ;
#1073 = DIRECTION ( 'NONE',  ( -0.000000000000000000, 1.000000000000000000, 1.733406087350420004E-16 ) ) ;
#1074 = VECTOR ( 'NONE', #5519, 1000.000000000000000 ) ;
#1075 = DIRECTION ( 'NONE',  ( 0.000000000000000000, -5.054934237236841843E-31, -1.000000000000000000 ) ) ;
#1076 = DIRECTION ( 'NONE',  ( 0.000000000000000000, -1.440069553722777130E-16, 1.000000000000000000 ) ) ;
#1077 = ORIENTED_EDGE ( 'NONE', *, *, #11825, .T. ) ;
#1078 = DIRECTION ( 'NONE',  ( 0.000000000000000000, -0.000000000000000000, -1.000000000000000000 ) ) ;
#1079 = EDGE_CURVE ( 'NONE', #6637, #12259, #3937, .T. ) ;
#1080 = CARTESIAN_POINT ( 'NONE',  ( -25.40000000000000568, 8.509000000000000341, -1.270000000000001128 ) ) ;
#1081 = VERTEX_POINT ( 'NONE', #6025 ) ;
#1082 = VECTOR ( 'NONE', #841, 1000.000000000000114 ) ;
#1083 = AXIS2_PLACEMENT_3D ( 'NONE', #9148, #223, #4990 ) ;
#1084 = CARTESIAN_POINT ( 'NONE',  ( -4.191000000000003389, 7.239000000000000767, 0.3809999999999962861 ) ) ;
#1085 = VERTEX_POINT ( 'NONE', #8945 ) ;
#1086 = LINE ( 'NONE', #7171, #861 ) ;
#1087 = LINE ( 'NONE', #4094, #4472 ) ;
#1088 = DIRECTION ( 'NONE',  ( -1.000000000000000000, -0.000000000000000000, -0.000000000000000000 ) ) ;
#1089 = EDGE_LOOP ( 'NONE', ( #6147, #8774, #7512, #4313 ) ) ;
#1090 = DIRECTION ( 'NONE',  ( -1.000000000000000000, -0.000000000000000000, -0.000000000000000000 ) ) ;
#1091 = CARTESIAN_POINT ( 'NONE',  ( -7.620000000000005436, 0.5080000000000000071, 0.7528818102449925664 ) ) ;
#1092 = ORIENTED_EDGE ( 'NONE', *, *, #8251, .F. ) ;
#1093 = VECTOR ( 'NONE', #6346, 1000.000000000000114 ) ;
#1094 = EDGE_CURVE ( 'NONE', #1297, #12764, #10979, .T. ) ;
#1095 = AXIS2_PLACEMENT_3D ( 'NONE', #12012, #3276, #1247 ) ;
#1096 = ORIENTED_EDGE ( 'NONE', *, *, #912, .T. ) ;
#1097 = EDGE_CURVE ( 'NONE', #564, #3508, #4000, .T. ) ;
#1098 = ORIENTED_EDGE ( 'NONE', *, *, #3905, .T. ) ;
#1099 = FACE_OUTER_BOUND ( 'NONE', #10041, .T. ) ;
#1100 = FILL_AREA_STYLE ('',( #7008 ) ) ;
#1101 = VECTOR ( 'NONE', #557, 1000.000000000000000 ) ;
#1102 = CARTESIAN_POINT ( 'NONE',  ( 5.079999999999993854, 0.5080000000000000071, 0.7528818102449925664 ) ) ;
#1103 = LINE ( 'NONE', #9961, #9266 ) ;
#1104 = ORIENTED_EDGE ( 'NONE', *, *, #2985, .F. ) ;
#1105 = EDGE_CURVE ( 'NONE', #2021, #4532, #7920, .T. ) ;
#1106 = EDGE_CURVE ( 'NONE', #2531, #5544, #10783, .T. ) ;
#1107 = DIRECTION ( 'NONE',  ( 0.000000000000000000, 1.000000000000000000, 0.000000000000000000 ) ) ;
#1108 = CARTESIAN_POINT ( 'NONE',  ( 25.39999999999999858, 8.509000000000000341, 1.270000000000001128 ) ) ;
#1109 = VERTEX_POINT ( 'NONE', #7019 ) ;
#1110 = LINE ( 'NONE', #5809, #9034 ) ;
#1111 = EDGE_CURVE ( 'NONE', #10122, #12622, #12795, .T. ) ;
#1112 = ORIENTED_EDGE ( 'NONE', *, *, #8157, .F. ) ;
#1113 = VECTOR ( 'NONE', #3119, 1000.000000000000000 ) ;
#1114 = EDGE_CURVE ( 'NONE', #8792, #8606, #1130, .T. ) ;
#1115 = FACE_OUTER_BOUND ( 'NONE', #12834, .T. ) ;
#1116 = EDGE_CURVE ( 'NONE', #1019, #9621, #7081, .T. ) ;
#1117 = ORIENTED_EDGE ( 'NONE', *, *, #11847, .F. ) ;
#1118 = DIRECTION ( 'NONE',  ( 0.000000000000000000, 1.000000000000000000, 1.733406087350420004E-16 ) ) ;
#1119 = ORIENTED_EDGE ( 'NONE', *, *, #6537, .F. ) ;
#1120 = AXIS2_PLACEMENT_3D ( 'NONE', #7552, #11521, #11322 ) ;
#1121 = CARTESIAN_POINT ( 'NONE',  ( -20.32000000000000384, -1.925929944387235853E-31, 0.8889999999999991243 ) ) ;
#1122 = FACE_OUTER_BOUND ( 'NONE', #3978, .T. ) ;
#1123 = DIRECTION ( 'NONE',  ( -1.000000000000000000, -0.000000000000000000, -0.000000000000000000 ) ) ;
#1124 = CARTESIAN_POINT ( 'NONE',  ( -2.540000000000004032, 8.509000000000000341, 1.270000000000001128 ) ) ;
#1125 = CARTESIAN_POINT ( 'NONE',  ( 12.69999999999999574, 0.000000000000000000, 1.269999999999998908 ) ) ;
#1126 = CARTESIAN_POINT ( 'NONE',  ( -25.40000000000000568, -1.925929944387235853E-31, 0.8889999999999991243 ) ) ;
#1127 = DIRECTION ( 'NONE',  ( -0.000000000000000000, 1.000000000000000000, 1.733406087350420004E-16 ) ) ;
#1128 = DIRECTION ( 'NONE',  ( 0.000000000000000000, -1.000000000000000000, 0.000000000000000000 ) ) ;
#1129 = CARTESIAN_POINT ( 'NONE',  ( -27.05100000000000549, 7.239000000000000767, 0.3809999999999962861 ) ) ;
#1130 = LINE ( 'NONE', #3872, #3482 ) ;
#1131 = AXIS2_PLACEMENT_3D ( 'NONE', #12450, #5468, #2541 ) ;
#1132 = VECTOR ( 'NONE', #2720, 1000.000000000000000 ) ;
#1133 = VECTOR ( 'NONE', #11778, 1000.000000000000000 ) ;
#1134 =( NAMED_UNIT ( * ) SI_UNIT ( $, .STERADIAN. ) SOLID_ANGLE_UNIT ( ) );
#1135 = DIRECTION ( 'NONE',  ( 0.000000000000000000, 0.000000000000000000, 1.000000000000000000 ) ) ;
#1136 = ORIENTED_EDGE ( 'NONE', *, *, #3407, .F. ) ;
#1137 = DIRECTION ( 'NONE',  ( 0.000000000000000000, -1.000000000000000000, 0.000000000000000000 ) ) ;
#1138 = ORIENTED_EDGE ( 'NONE', *, *, #4773, .F. ) ;
#1139 = EDGE_CURVE ( 'NONE', #1539, #7118, #2034, .T. ) ;
#1140 = AXIS2_PLACEMENT_3D ( 'NONE', #11017, #6009, #5875 ) ;
#1141 = VECTOR ( 'NONE', #6813, 1000.000000000000114 ) ;
#1142 = PLANE ( 'NONE',  #12757 ) ;
#1143 = CARTESIAN_POINT ( 'NONE',  ( 27.94000000000000128, 3.110602869834277161E-16, -1.270000000000001128 ) ) ;
#1144 = FACE_OUTER_BOUND ( 'NONE', #311, .T. ) ;
#1145 = CARTESIAN_POINT ( 'NONE',  ( 0.8889999999999974589, 8.064500000000000668, 0.3809999999999962861 ) ) ;
#1146 = CARTESIAN_POINT ( 'NONE',  ( 22.85999999999999943, 0.5080000000000000071, 0.7528818102449925664 ) ) ;
#1147 = LINE ( 'NONE', #8786, #3785 ) ;
#1148 = AXIS2_PLACEMENT_3D ( 'NONE', #6945, #11089, #9923 ) ;
#1149 = ORIENTED_EDGE ( 'NONE', *, *, #3651, .T. ) ;
#1150 = PLANE ( 'NONE',  #2220 ) ;
#1151 = PRESENTATION_LAYER_ASSIGNMENT (  '', '', ( #2399 ) ) ;
#1152 = CARTESIAN_POINT ( 'NONE',  ( 16.12899999999999778, 8.064500000000000668, 0.3809999999999964526 ) ) ;
#1153 = AXIS2_PLACEMENT_3D ( 'NONE', #744, #10893, #9787 ) ;
#1154 = ORIENTED_EDGE ( 'NONE', *, *, #11346, .T. ) ;
#1155 = DIRECTION ( 'NONE',  ( 1.000000000000000000, 0.000000000000000000, -0.000000000000000000 ) ) ;
#1156 = VECTOR ( 'NONE', #512, 1000.000000000000000 ) ;
#1157 = VERTEX_POINT ( 'NONE', #2896 ) ;
#1158 = CARTESIAN_POINT ( 'NONE',  ( -4.191000000000003389, 8.064500000000000668, 0.3809999999999962861 ) ) ;
#1159 = LINE ( 'NONE', #6185, #9697 ) ;
#1160 = LINE ( 'NONE', #8132, #4086 ) ;
#1161 = EDGE_CURVE ( 'NONE', #7633, #5313, #12861, .T. ) ;
#1162 = ORIENTED_EDGE ( 'NONE', *, *, #10748, .F. ) ;
#1163 = VECTOR ( 'NONE', #11154, 1000.000000000000000 ) ;
#1164 = CARTESIAN_POINT ( 'NONE',  ( 24.51099999999999923, 7.239000000000000767, 0.3809999999999962861 ) ) ;
#1165 = ORIENTED_EDGE ( 'NONE', *, *, #11934, .T. ) ;
#1166 = AXIS2_PLACEMENT_3D ( 'NONE', #11908, #4286, #7173 ) ;
#1167 = ADVANCED_FACE ( 'NONE', ( #12018, #2954 ), #9929, .F. ) ;
#1168 = ORIENTED_EDGE ( 'NONE', *, *, #1484, .F. ) ;
#1169 = DIRECTION ( 'NONE',  ( 0.000000000000000000, 0.000000000000000000, -1.000000000000000000 ) ) ;
#1170 =( REPRESENTATION_RELATIONSHIP ('NONE','NONE', #7825, #3815 ) REPRESENTATION_RELATIONSHIP_WITH_TRANSFORMATION ( #9424 )SHAPE_REPRESENTATION_RELATIONSHIP( ) );
#1171 = CARTESIAN_POINT ( 'NONE',  ( 5.079999999999993854, -1.925929944387235853E-31, 0.8889999999999991243 ) ) ;
#1172 = VECTOR ( 'NONE', #5106, 1000.000000000000000 ) ;
#1173 = LINE ( 'NONE', #4108, #3377 ) ;
#1174 = EDGE_CURVE ( 'NONE', #12359, #9171, #11096, .T. ) ;
#1175 = DIRECTION ( 'NONE',  ( 1.000000000000000000, 0.000000000000000000, 0.000000000000000000 ) ) ;
#1176 = ORIENTED_EDGE ( 'NONE', *, *, #6933, .F. ) ;
#1177 = DIRECTION ( 'NONE',  ( 0.000000000000000000, 1.000000000000000000, 0.000000000000000000 ) ) ;
#1178 = ORIENTED_EDGE ( 'NONE', *, *, #6118, .T. ) ;
#1179 = ORIENTED_EDGE ( 'NONE', *, *, #7314, .T. ) ;
#1180 = CARTESIAN_POINT ( 'NONE',  ( -16.38300000000000978, 7.810500000000000220, -0.1270000000000020557 ) ) ;
#1181 = EDGE_CURVE ( 'NONE', #10824, #10906, #3284, .T. ) ;
#1182 = ORIENTED_EDGE ( 'NONE', *, *, #6627, .F. ) ;
#1183 = ADVANCED_FACE ( 'NONE', ( #2364, #12147 ), #282, .F. ) ;
#1184 = LINE ( 'NONE', #5162, #5117 ) ;
#1185 = VERTEX_POINT ( 'NONE', #5424 ) ;
#1186 = CARTESIAN_POINT ( 'NONE',  ( -10.16000000000000547, 2.177422008883992879E-16, -0.8890000000000013447 ) ) ;
#1187 = VECTOR ( 'NONE', #1196, 1000.000000000000000 ) ;
#1188 = DIRECTION ( 'NONE',  ( -0.000000000000000000, -0.000000000000000000, 1.000000000000000000 ) ) ;
#1189 = DIRECTION ( 'NONE',  ( 0.000000000000000000, 0.000000000000000000, -1.000000000000000000 ) ) ;
#1190 = LINE ( 'NONE', #9200, #2340 ) ;
#1191 = DIRECTION ( 'NONE',  ( 1.000000000000000000, 0.000000000000000000, -0.000000000000000000 ) ) ;
#1192 = DIRECTION ( 'NONE',  ( 0.000000000000000000, 0.000000000000000000, 1.000000000000000000 ) ) ;
#1193 = CARTESIAN_POINT ( 'NONE',  ( -3.469446951953614189E-15, 3.110602869834277161E-16, -1.270000000000001128 ) ) ;
#1194 = CARTESIAN_POINT ( 'NONE',  ( -20.32000000000000384, 2.177422008883992879E-16, -0.8890000000000013447 ) ) ;
#1195 = CARTESIAN_POINT ( 'NONE',  ( -24.51100000000000634, 7.239000000000000767, 0.3809999999999962861 ) ) ;
#1196 = DIRECTION ( 'NONE',  ( 0.000000000000000000, -0.9659258262890699775, -0.2588190451025145222 ) ) ;
#1197 = ADVANCED_FACE ( 'NONE', ( #9343 ), #2168, .F. ) ;
#1198 = EDGE_CURVE ( 'NONE', #8244, #12289, #12274, .T. ) ;
#1199 = DIRECTION ( 'NONE',  ( 0.000000000000000000, 0.000000000000000000, 1.000000000000000000 ) ) ;
#1200 = DIRECTION ( 'NONE',  ( 1.000000000000000000, 0.000000000000000000, 0.000000000000000000 ) ) ;
#1201 = EDGE_CURVE ( 'NONE', #3964, #7882, #6357, .T. ) ;
#1202 = PLANE ( 'NONE',  #12182 ) ;
#1203 = VERTEX_POINT ( 'NONE', #7215 ) ;
#1204 = FACE_OUTER_BOUND ( 'NONE', #10564, .T. ) ;
#1205 = ORIENTED_EDGE ( 'NONE', *, *, #3569, .F. ) ;
#1206 = DIRECTION ( 'NONE',  ( 0.000000000000000000, -0.9659258262890700886, 0.2588190451025140781 ) ) ;
#1207 = CARTESIAN_POINT ( 'NONE',  ( 10.15999999999999481, 0.5080000000000000071, 0.7528818102449925664 ) ) ;
#1208 = LINE ( 'NONE', #12225, #1925 ) ;
#1209 = CARTESIAN_POINT ( 'NONE',  ( -21.97100000000000364, 7.239000000000000767, 0.3809999999999962861 ) ) ;
#1210 = DIRECTION ( 'NONE',  ( 0.000000000000000000, 0.000000000000000000, -1.000000000000000000 ) ) ;
#1211 = DIRECTION ( 'NONE',  ( -0.000000000000000000, -0.000000000000000000, 1.000000000000000000 ) ) ;
#1212 = ORIENTED_EDGE ( 'NONE', *, *, #11445, .F. ) ;
#1213 = EDGE_CURVE ( 'NONE', #3085, #3497, #355, .T. ) ;
#1214 = LINE ( 'NONE', #1403, #5353 ) ;
#1215 = SURFACE_STYLE_FILL_AREA ( #2051 ) ;
#1216 = ORIENTED_EDGE ( 'NONE', *, *, #12255, .T. ) ;
#1217 = FACE_OUTER_BOUND ( 'NONE', #9667, .T. ) ;
#1218 = ORIENTED_EDGE ( 'NONE', *, *, #1752, .T. ) ;
#1219 = DIRECTION ( 'NONE',  ( 0.000000000000000000, 1.000000000000000000, -5.054934237236841843E-31 ) ) ;
#1220 = CARTESIAN_POINT ( 'NONE',  ( -14.09700000000000308, 7.810500000000000220, -0.1270000000000020557 ) ) ;
#1221 = LINE ( 'NONE', #7294, #7023 ) ;
#1222 = ORIENTED_EDGE ( 'NONE', *, *, #4011, .T. ) ;
#1223 = CARTESIAN_POINT ( 'NONE',  ( 27.94000000000000128, 0.000000000000000000, 1.269999999999998908 ) ) ;
#1224 = ORIENTED_EDGE ( 'NONE', *, *, #1651, .T. ) ;
#1225 = EDGE_CURVE ( 'NONE', #6792, #8149, #6161, .T. ) ;
#1226 = ORIENTED_EDGE ( 'NONE', *, *, #10221, .T. ) ;
#1227 = ADVANCED_FACE ( 'NONE', ( #11289 ), #6425, .F. ) ;
#1228 = CARTESIAN_POINT ( 'NONE',  ( 17.77999999999999758, 0.5080000000000002292, -0.7528818102449945648 ) ) ;
#1229 =( NAMED_UNIT ( * ) PLANE_ANGLE_UNIT ( ) SI_UNIT ( $, .RADIAN. ) );
#1230 = DIRECTION ( 'NONE',  ( 0.000000000000000000, 0.000000000000000000, -1.000000000000000000 ) ) ;
#1231 = LINE ( 'NONE', #8020, #2195 ) ;
#1232 = DIRECTION ( 'NONE',  ( 1.000000000000000000, 0.000000000000000000, -0.000000000000000000 ) ) ;
#1233 = ORIENTED_EDGE ( 'NONE', *, *, #10103, .F. ) ;
#1234 = CARTESIAN_POINT ( 'NONE',  ( -4.191000000000003389, 7.239000000000000767, 0.3809999999999962861 ) ) ;
#1235 = ORIENTED_EDGE ( 'NONE', *, *, #12238, .F. ) ;
#1236 = VERTEX_POINT ( 'NONE', #3337 ) ;
#1237 = ORIENTED_EDGE ( 'NONE', *, *, #8953, .T. ) ;
#1238 = LINE ( 'NONE', #1298, #4257 ) ;
#1239 = ORIENTED_EDGE ( 'NONE', *, *, #8936, .F. ) ;
#1240 = ORIENTED_EDGE ( 'NONE', *, *, #3372, .F. ) ;
#1241 = CARTESIAN_POINT ( 'NONE',  ( 13.14449999999999719, 8.509000000000000341, -0.8255000000000036753 ) ) ;
#1242 = ORIENTED_EDGE ( 'NONE', *, *, #1988, .F. ) ;
#1243 = CARTESIAN_POINT ( 'NONE',  ( 27.94000000000000128, 0.5080000000000002292, -0.7528818102449945648 ) ) ;
#1244 = FACE_OUTER_BOUND ( 'NONE', #2366, .T. ) ;
#1245 = ORIENTED_EDGE ( 'NONE', *, *, #12659, .F. ) ;
#1246 = DIRECTION ( 'NONE',  ( -1.000000000000000000, 0.000000000000000000, -0.000000000000000000 ) ) ;
#1247 = DIRECTION ( 'NONE',  ( 0.000000000000000000, 0.000000000000000000, -1.000000000000000000 ) ) ;
#1248 = DIRECTION ( 'NONE',  ( -0.5773502691896253980, 0.5773502691896253980, -0.5773502691896265082 ) ) ;
#1249 = DIRECTION ( 'NONE',  ( 0.000000000000000000, 0.000000000000000000, -1.000000000000000000 ) ) ;
#1250 = ORIENTED_EDGE ( 'NONE', *, *, #6178, .T. ) ;
#1251 = CARTESIAN_POINT ( 'NONE',  ( -3.469446951953614189E-15, 8.509000000000000341, 1.270000000000001128 ) ) ;
#1252 = LINE ( 'NONE', #7389, #3995 ) ;
#1253 = LINE ( 'NONE', #7390, #1279 ) ;
#1254 = EDGE_CURVE ( 'NONE', #4355, #3262, #473, .T. ) ;
#1255 = DIRECTION ( 'NONE',  ( 0.000000000000000000, -0.7071067811865484609, 0.7071067811865465735 ) ) ;
#1256 = ORIENTED_EDGE ( 'NONE', *, *, #11656, .T. ) ;
#1257 = EDGE_CURVE ( 'NONE', #1963, #6605, #5237, .T. ) ;
#1258 = DIRECTION ( 'NONE',  ( 0.000000000000000000, 0.000000000000000000, -1.000000000000000000 ) ) ;
#1259 = EDGE_LOOP ( 'NONE', ( #3129, #637, #5389, #2489 ) ) ;
#1260 = EDGE_CURVE ( 'NONE', #10468, #2497, #8362, .T. ) ;
#1261 = CARTESIAN_POINT ( 'NONE',  ( -20.32000000000000384, 2.177422008883992879E-16, -0.8890000000000013447 ) ) ;
#1262 = EDGE_CURVE ( 'NONE', #6544, #11003, #9403, .T. ) ;
#1263 = CARTESIAN_POINT ( 'NONE',  ( 15.68449999999999633, 8.509000000000000341, 0.8254999999999981242 ) ) ;
#1264 = ADVANCED_FACE ( 'NONE', ( #11168 ), #2241, .F. ) ;
#1265 = DIRECTION ( 'NONE',  ( 0.000000000000000000, 1.000000000000000000, 0.000000000000000000 ) ) ;
#1266 = LINE ( 'NONE', #10184, #10686 ) ;
#1267 = CARTESIAN_POINT ( 'NONE',  ( -10.16000000000000547, 8.509000000000000341, 0.8254999999999981242 ) ) ;
#1268 = DIRECTION ( 'NONE',  ( -0.5773502691896252870, -0.5773502691896251759, -0.5773502691896267303 ) ) ;
#1269 = PLANE ( 'NONE',  #10234 ) ;
#1270 = ADVANCED_FACE ( 'NONE', ( #8308 ), #9142, .F. ) ;
#1271 = ORIENTED_EDGE ( 'NONE', *, *, #10502, .F. ) ;
#1272 = VECTOR ( 'NONE', #9053, 1000.000000000000000 ) ;
#1273 = LINE ( 'NONE', #9298, #6407 ) ;
#1274 = EDGE_CURVE ( 'NONE', #2075, #5056, #6221, .T. ) ;
#1275 = ORIENTED_EDGE ( 'NONE', *, *, #6362, .T. ) ;
#1276 = DIRECTION ( 'NONE',  ( 0.000000000000000000, 0.000000000000000000, -1.000000000000000000 ) ) ;
#1277 = ORIENTED_EDGE ( 'NONE', *, *, #66, .F. ) ;
#1278 = VECTOR ( 'NONE', #3210, 1000.000000000000000 ) ;
#1279 = VECTOR ( 'NONE', #2434, 1000.000000000000000 ) ;
#1280 = VECTOR ( 'NONE', #8130, 1000.000000000000000 ) ;
#1281 = CARTESIAN_POINT ( 'NONE',  ( -2.540000000000004032, 0.5080000000000000071, 0.7528818102449925664 ) ) ;
#1282 = LINE ( 'NONE', #8969, #1983 ) ;
#1283 = LINE ( 'NONE', #5138, #12628 ) ;
#1284 = ORIENTED_EDGE ( 'NONE', *, *, #9353, .F. ) ;
#1285 = EDGE_LOOP ( 'NONE', ( #1066, #5757, #4370, #10079 ) ) ;
#1286 = PLANE ( 'NONE',  #5328 ) ;
#1287 = VECTOR ( 'NONE', #207, 1000.000000000000000 ) ;
#1288 = VERTEX_POINT ( 'NONE', #11356 ) ;
#1289 = DIRECTION ( 'NONE',  ( 1.000000000000000000, 0.000000000000000000, -0.000000000000000000 ) ) ;
#1290 = FACE_OUTER_BOUND ( 'NONE', #1431, .T. ) ;
#1291 = VECTOR ( 'NONE', #11213, 1000.000000000000000 ) ;
#1292 = EDGE_CURVE ( 'NONE', #5135, #10080, #1444, .T. ) ;
#1293 = LINE ( 'NONE', #3454, #7679 ) ;
#1294 = ORIENTED_EDGE ( 'NONE', *, *, #4, .F. ) ;
#1295 = FACE_OUTER_BOUND ( 'NONE', #2219, .T. ) ;
#1296 = ORIENTED_EDGE ( 'NONE', *, *, #3006, .T. ) ;
#1297 = VERTEX_POINT ( 'NONE', #4725 ) ;
#1298 = CARTESIAN_POINT ( 'NONE',  ( -17.78000000000000469, -1.925929944387235853E-31, 0.8889999999999991243 ) ) ;
#1299 = VECTOR ( 'NONE', #3157, 1000.000000000000000 ) ;
#1300 = ORIENTED_EDGE ( 'NONE', *, *, #9681, .T. ) ;
#1301 = AXIS2_PLACEMENT_3D ( 'NONE', #3607, #11566, #8824 ) ;
#1302 = VECTOR ( 'NONE', #2371, 1000.000000000000000 ) ;
#1303 = ADVANCED_FACE ( 'NONE', ( #613 ), #12470, .F. ) ;
#1304 = VERTEX_POINT ( 'NONE', #7461 ) ;
#1305 = PLANE ( 'NONE',  #6793 ) ;
#1306 = VERTEX_POINT ( 'NONE', #9469 ) ;
#1307 = LINE ( 'NONE', #12204, #8997 ) ;
#1308 = DIRECTION ( 'NONE',  ( 1.000000000000000000, 0.000000000000000000, -0.000000000000000000 ) ) ;
#1309 = EDGE_LOOP ( 'NONE', ( #1479, #11501, #7640, #8033, #1239, #2362, #8237, #4039 ) ) ;
#1310 = VECTOR ( 'NONE', #11612, 1000.000000000000000 ) ;
#1311 = DIRECTION ( 'NONE',  ( -0.5773502691896253980, 0.5773502691896253980, -0.5773502691896265082 ) ) ;
#1312 = DIRECTION ( 'NONE',  ( 0.000000000000000000, 0.000000000000000000, 1.000000000000000000 ) ) ;
#1313 = VECTOR ( 'NONE', #6079, 1000.000000000000000 ) ;
#1314 = CARTESIAN_POINT ( 'NONE',  ( 5.079999999999993854, 0.000000000000000000, 0.000000000000000000 ) ) ;
#1315 = EDGE_LOOP ( 'NONE', ( #3523, #4437, #4373, #10428, #6877, #10589, #9860, #12473 ) ) ;
#1316 = DIRECTION ( 'NONE',  ( -1.000000000000000000, -0.000000000000000000, -0.000000000000000000 ) ) ;
#1317 = DIRECTION ( 'NONE',  ( 0.000000000000000000, 1.000000000000000000, -5.054934237236841843E-31 ) ) ;
#1318 = DIRECTION ( 'NONE',  ( 0.000000000000000000, 1.440069553722777130E-16, -1.000000000000000000 ) ) ;
#1319 = DIRECTION ( 'NONE',  ( 0.000000000000000000, -1.000000000000000000, -1.733406087350420004E-16 ) ) ;
#1320 = EDGE_CURVE ( 'NONE', #2281, #432, #3533, .T. ) ;
#1321 = AXIS2_PLACEMENT_3D ( 'NONE', #3633, #8851, #896 ) ;
#1322 = CARTESIAN_POINT ( 'NONE',  ( 7.619999999999994778, 0.5080000000000002292, -0.7528818102449945648 ) ) ;
#1323 = VERTEX_POINT ( 'NONE', #6552 ) ;
#1324 = AXIS2_PLACEMENT_3D ( 'NONE', #11490, #5433, #5318 ) ;
#1325 = DIRECTION ( 'NONE',  ( -1.000000000000000000, -0.000000000000000000, -0.000000000000000000 ) ) ;
#1326 = DIRECTION ( 'NONE',  ( -1.000000000000000000, 0.000000000000000000, 0.000000000000000000 ) ) ;
#1327 = LINE ( 'NONE', #4142, #1734 ) ;
#1328 = CARTESIAN_POINT ( 'NONE',  ( -15.24000000000000554, 0.5080000000000000071, 0.7528818102449925664 ) ) ;
#1329 = EDGE_CURVE ( 'NONE', #12181, #232, #549, .T. ) ;
#1330 = PLANE ( 'NONE',  #12460 ) ;
#1331 = CARTESIAN_POINT ( 'NONE',  ( -0.8890000000000043423, 7.239000000000000767, 0.3809999999999962861 ) ) ;
#1332 = ORIENTED_EDGE ( 'NONE', *, *, #10748, .T. ) ;
#1333 = PRESENTATION_LAYER_ASSIGNMENT (  '', '', ( #7795 ) ) ;
#1334 = DIRECTION ( 'NONE',  ( 0.000000000000000000, 0.000000000000000000, 1.000000000000000000 ) ) ;
#1335 = VECTOR ( 'NONE', #8692, 1000.000000000000000 ) ;
#1336 = EDGE_CURVE ( 'NONE', #12256, #11981, #10628, .T. ) ;
#1337 = DIRECTION ( 'NONE',  ( 0.000000000000000000, -1.000000000000000000, -2.548365665731588345E-16 ) ) ;
#1338 = ORIENTED_EDGE ( 'NONE', *, *, #3738, .T. ) ;
#1339 = DIRECTION ( 'NONE',  ( 0.000000000000000000, 0.000000000000000000, 1.000000000000000000 ) ) ;
#1340 = ORIENTED_EDGE ( 'NONE', *, *, #1161, .T. ) ;
#1341 = VECTOR ( 'NONE', #12060, 1000.000000000000000 ) ;
#1342 = VECTOR ( 'NONE', #1123, 1000.000000000000000 ) ;
#1343 = PRESENTATION_LAYER_ASSIGNMENT (  '', '', ( #7395 ) ) ;
#1344 = EDGE_CURVE ( 'NONE', #10349, #12257, #5564, .T. ) ;
#1345 = PLANE ( 'NONE',  #452 ) ;
#1346 = EDGE_CURVE ( 'NONE', #3700, #12632, #6674, .T. ) ;
#1347 = CARTESIAN_POINT ( 'NONE',  ( 16.89099999999999469, 7.239000000000000767, -0.3810000000000025033 ) ) ;
#1348 = PLANE ( 'NONE',  #5754 ) ;
#1349 = EDGE_CURVE ( 'NONE', #9137, #11148, #10695, .T. ) ;
#1350 = ORIENTED_EDGE ( 'NONE', *, *, #10482, .T. ) ;
#1351 = LINE ( 'NONE', #10339, #1676 ) ;
#1352 = ORIENTED_EDGE ( 'NONE', *, *, #4148, .T. ) ;
#1353 = DIRECTION ( 'NONE',  ( 0.000000000000000000, -0.9659258262890699775, -0.2588190451025145222 ) ) ;
#1354 = AXIS2_PLACEMENT_3D ( 'NONE', #287, #4264, #12219 ) ;
#1355 = UNCERTAINTY_MEASURE_WITH_UNIT (LENGTH_MEASURE( 1.000000000000000082E-05 ), #4829, 'distance_accuracy_value', 'NONE');
#1356 = AXIS2_PLACEMENT_3D ( 'NONE', #9716, #3709, #7635 ) ;
#1357 = AXIS2_PLACEMENT_3D ( 'NONE', #11553, #2632, #5565 ) ;
#1358 = EDGE_CURVE ( 'NONE', #3479, #10188, #6487, .T. ) ;
#1359 = ORIENTED_EDGE ( 'NONE', *, *, #2346, .T. ) ;
#1360 = LINE ( 'NONE', #4362, #11313 ) ;
#1361 = DIRECTION ( 'NONE',  ( 1.000000000000000000, 0.000000000000000000, -0.000000000000000000 ) ) ;
#1362 = EDGE_CURVE ( 'NONE', #6240, #2531, #11421, .T. ) ;
#1363 = MECHANICAL_DESIGN_GEOMETRIC_PRESENTATION_REPRESENTATION (  '', ( #10940 ), #9067 ) ;
#1364 = VECTOR ( 'NONE', #1471, 1000.000000000000000 ) ;
#1365 = CARTESIAN_POINT ( 'NONE',  ( -25.40000000000000568, 0.000000000000000000, 0.000000000000000000 ) ) ;
#1366 = ORIENTED_EDGE ( 'NONE', *, *, #1079, .F. ) ;
#1367 = LINE ( 'NONE', #2144, #107 ) ;
#1368 = ORIENTED_EDGE ( 'NONE', *, *, #4131, .F. ) ;
#1369 = ORIENTED_EDGE ( 'NONE', *, *, #8348, .F. ) ;
#1370 = VERTEX_POINT ( 'NONE', #2498 ) ;
#1371 = DIRECTION ( 'NONE',  ( 0.000000000000000000, 1.000000000000000000, 0.000000000000000000 ) ) ;
#1372 = LINE ( 'NONE', #10202, #7405 ) ;
#1373 = ORIENTED_EDGE ( 'NONE', *, *, #9089, .F. ) ;
#1374 = ORIENTED_EDGE ( 'NONE', *, *, #3179, .F. ) ;
#1375 = FACE_OUTER_BOUND ( 'NONE', #11788, .T. ) ;
#1376 = ORIENTED_EDGE ( 'NONE', *, *, #4347, .F. ) ;
#1377 = CARTESIAN_POINT ( 'NONE',  ( -5.080000000000004512, 0.5080000000000002292, -0.7528818102449945648 ) ) ;
#1378 = VECTOR ( 'NONE', #388, 1000.000000000000000 ) ;
#1379 = CARTESIAN_POINT ( 'NONE',  ( 28.19400000000000617, 3.110602869834277161E-16, -1.270000000000001128 ) ) ;
#1380 = ORIENTED_EDGE ( 'NONE', *, *, #4138, .F. ) ;
#1381 = LINE ( 'NONE', #10164, #7399 ) ;
#1382 = LINE ( 'NONE', #12397, #3899 ) ;
#1383 = CARTESIAN_POINT ( 'NONE',  ( -25.40000000000000568, 3.110602869834277161E-16, -1.270000000000001128 ) ) ;
#1384 = ORIENTED_EDGE ( 'NONE', *, *, #3307, .T. ) ;
#1385 = LINE ( 'NONE', #11283, #5550 ) ;
#1386 = DIRECTION ( 'NONE',  ( 0.000000000000000000, -0.9659258262890700886, 0.2588190451025140781 ) ) ;
#1387 =( LENGTH_UNIT ( ) NAMED_UNIT ( * ) SI_UNIT ( .MILLI., .METRE. ) );
#1388 = CARTESIAN_POINT ( 'NONE',  ( 5.079999999999993854, 0.5080000000000002292, -0.7528818102449945648 ) ) ;
#1389 = CARTESIAN_POINT ( 'NONE',  ( -1.143000000000005123, 7.810500000000000220, -0.1270000000000020557 ) ) ;
#1390 = CARTESIAN_POINT ( 'NONE',  ( 10.15999999999999481, 2.177422008883992879E-16, -0.8890000000000013447 ) ) ;
#1391 = EDGE_CURVE ( 'NONE', #8278, #8005, #1580, .T. ) ;
#1392 = VECTOR ( 'NONE', #4674, 1000.000000000000000 ) ;
#1393 = LINE ( 'NONE', #5372, #2400 ) ;
#1394 = ORIENTED_EDGE ( 'NONE', *, *, #507, .F. ) ;
#1395 = CARTESIAN_POINT ( 'NONE',  ( -14.35100000000000442, 7.239000000000000767, -0.3810000000000025033 ) ) ;
#1396 = LINE ( 'NONE', #11364, #2170 ) ;
#1397 = CARTESIAN_POINT ( 'NONE',  ( -3.683000000000005603, 7.810500000000000220, -0.1270000000000020557 ) ) ;
#1398 = CARTESIAN_POINT ( 'NONE',  ( -5.969000000000005635, 8.064500000000000668, 0.3809999999999964526 ) ) ;
#1399 = ADVANCED_FACE ( 'NONE', ( #5618 ), #10432, .F. ) ;
#1400 = LINE ( 'NONE', #1592, #10140 ) ;
#1401 = CARTESIAN_POINT ( 'NONE',  ( 25.39999999999999858, 2.177422008883992879E-16, -0.8890000000000013447 ) ) ;
#1402 = EDGE_LOOP ( 'NONE', ( #7005, #131, #10889, #161 ) ) ;
#1403 = CARTESIAN_POINT ( 'NONE',  ( 18.22449999999999903, 8.509000000000000341, -1.270000000000001128 ) ) ;
#1404 = ORIENTED_EDGE ( 'NONE', *, *, #11068, .T. ) ;
#1405 = DIRECTION ( 'NONE',  ( -1.000000000000000000, 0.000000000000000000, -0.000000000000000000 ) ) ;
#1406 = ORIENTED_EDGE ( 'NONE', *, *, #5103, .F. ) ;
#1407 = DIRECTION ( 'NONE',  ( 1.000000000000000000, 0.000000000000000000, 0.000000000000000000 ) ) ;
#1408 = AXIS2_PLACEMENT_3D ( 'NONE', #12791, #3868, #3731 ) ;
#1409 = FACE_OUTER_BOUND ( 'NONE', #2579, .T. ) ;
#1410 = DIRECTION ( 'NONE',  ( -0.000000000000000000, 1.000000000000000000, 1.733406087350420004E-16 ) ) ;
#1411 = DIRECTION ( 'NONE',  ( -1.000000000000000000, -0.000000000000000000, -0.000000000000000000 ) ) ;
#1412 = APPLICATION_CONTEXT ( 'automotive_design' ) ;
#1413 = ORIENTED_EDGE ( 'NONE', *, *, #2016, .F. ) ;
#1414 = DIRECTION ( 'NONE',  ( -1.000000000000000000, -0.000000000000000000, -0.000000000000000000 ) ) ;
#1415 = ORIENTED_EDGE ( 'NONE', *, *, #5566, .F. ) ;
#1416 = DIRECTION ( 'NONE',  ( -1.000000000000000000, -0.000000000000000000, -0.000000000000000000 ) ) ;
#1417 = ADVANCED_FACE ( 'NONE', ( #12530 ), #2693, .F. ) ;
#1418 = ORIENTED_EDGE ( 'NONE', *, *, #12023, .F. ) ;
#1419 = LINE ( 'NONE', #11258, #10896 ) ;
#1420 = DIRECTION ( 'NONE',  ( 0.5773502691896252870, -0.5773502691896251759, -0.5773502691896267303 ) ) ;
#1421 = ADVANCED_FACE ( 'NONE', ( #11551 ), #7705, .F. ) ;
#1422 = ADVANCED_FACE ( 'NONE', ( #9664 ), #11672, .F. ) ;
#1423 = CARTESIAN_POINT ( 'NONE',  ( 7.619999999999994778, 2.177422008883992879E-16, -0.8890000000000013447 ) ) ;
#1424 = VERTEX_POINT ( 'NONE', #1765 ) ;
#1425 = ADVANCED_FACE ( 'NONE', ( #805 ), #4779, .F. ) ;
#1426 = VERTEX_POINT ( 'NONE', #7905 ) ;
#1427 = ORIENTED_EDGE ( 'NONE', *, *, #8916, .F. ) ;
#1428 = EDGE_LOOP ( 'NONE', ( #7473, #12766, #9654, #1224 ) ) ;
#1429 = ORIENTED_EDGE ( 'NONE', *, *, #9085, .F. ) ;
#1430 = EDGE_CURVE ( 'NONE', #4573, #7421, #5948, .T. ) ;
#1431 = EDGE_LOOP ( 'NONE', ( #4188, #11167, #4152, #10868 ) ) ;
#1432 = EDGE_CURVE ( 'NONE', #1528, #12845, #10768, .T. ) ;
#1433 = DIRECTION ( 'NONE',  ( 0.000000000000000000, -1.000000000000000000, -2.548365665731588345E-16 ) ) ;
#1434 = VERTEX_POINT ( 'NONE', #4841 ) ;
#1435 = LINE ( 'NONE', #10488, #3583 ) ;
#1436 = DIRECTION ( 'NONE',  ( 0.000000000000000000, -0.9659258262890699775, -0.2588190451025145222 ) ) ;
#1437 = EDGE_LOOP ( 'NONE', ( #1844, #5995, #426, #12324 ) ) ;
#1438 = CARTESIAN_POINT ( 'NONE',  ( 21.71699999999999520, 7.810500000000001108, 0.1269999999999965878 ) ) ;
#1439 = DIRECTION ( 'NONE',  ( 1.000000000000000000, 0.000000000000000000, 0.000000000000000000 ) ) ;
#1440 = CARTESIAN_POINT ( 'NONE',  ( 38.10000000000000142, 7.239000000000000767, -2.201425730935033664E-16 ) ) ;
#1441 = ORIENTED_EDGE ( 'NONE', *, *, #1213, .F. ) ;
#1442 = PLANE ( 'NONE',  #6518 ) ;
#1443 = CARTESIAN_POINT ( 'NONE',  ( 2.539999999999993818, 2.177422008883992879E-16, -0.8890000000000013447 ) ) ;
#1444 = LINE ( 'NONE', #9538, #3835 ) ;
#1445 = CARTESIAN_POINT ( 'NONE',  ( -27.05100000000000549, 7.239000000000000767, 0.3809999999999962861 ) ) ;
#1446 = CARTESIAN_POINT ( 'NONE',  ( -9.271000000000004349, 8.064500000000000668, 0.3809999999999964526 ) ) ;
#1447 = LINE ( 'NONE', #11557, #4896 ) ;
#1448 = VERTEX_POINT ( 'NONE', #7768 ) ;
#1449 = EDGE_CURVE ( 'NONE', #12337, #8147, #3852, .T. ) ;
#1450 = EDGE_CURVE ( 'NONE', #9452, #4492, #6930, .T. ) ;
#1451 = DIRECTION ( 'NONE',  ( -1.000000000000000000, 0.000000000000000000, 0.000000000000000000 ) ) ;
#1452 = DIRECTION ( 'NONE',  ( 0.000000000000000000, 2.449293598294710852E-16, -1.000000000000000000 ) ) ;
#1453 = LINE ( 'NONE', #11563, #1717 ) ;
#1454 = CARTESIAN_POINT ( 'NONE',  ( -9.271000000000004349, 8.064500000000000668, 0.3809999999999962861 ) ) ;
#1455 = CARTESIAN_POINT ( 'NONE',  ( 5.079999999999993854, 3.110602869834277161E-16, -1.270000000000001128 ) ) ;
#1456 = FACE_OUTER_BOUND ( 'NONE', #2422, .T. ) ;
#1457 = VERTEX_POINT ( 'NONE', #9912 ) ;
#1458 = EDGE_CURVE ( 'NONE', #4664, #12015, #12779, .T. ) ;
#1459 = CARTESIAN_POINT ( 'NONE',  ( 4.190999999999993619, 7.239000000000000767, -0.3810000000000025033 ) ) ;
#1460 = VECTOR ( 'NONE', #6843, 1000.000000000000000 ) ;
#1461 = CARTESIAN_POINT ( 'NONE',  ( 9.270999999999993690, 8.064500000000000668, 0.3809999999999962861 ) ) ;
#1462 = ORIENTED_EDGE ( 'NONE', *, *, #443, .T. ) ;
#1463 = ADVANCED_FACE ( 'NONE', ( #1115 ), #2020, .F. ) ;
#1465 = EDGE_CURVE ( 'NONE', #5215, #6411, #10826, .T. ) ;
#1464 = DIRECTION ( 'NONE',  ( 0.000000000000000000, -1.000000000000000000, -1.169455476739838842E-16 ) ) ;
#1466 = ORIENTED_EDGE ( 'NONE', *, *, #8086, .F. ) ;
#1467 = LINE ( 'NONE', #4352, #10010 ) ;
#1468 = ORIENTED_EDGE ( 'NONE', *, *, #10342, .T. ) ;
#1469 = CARTESIAN_POINT ( 'NONE',  ( -16.12900000000000489, 7.239000000000000767, 0.3809999999999962861 ) ) ;
#1470 = FACE_OUTER_BOUND ( 'NONE', #6049, .T. ) ;
#1471 = DIRECTION ( 'NONE',  ( 0.000000000000000000, -0.9659258262890699775, -0.2588190451025145222 ) ) ;
#1472 = CARTESIAN_POINT ( 'NONE',  ( -12.70000000000000462, 8.509000000000000341, 1.270000000000001128 ) ) ;
#1473 = VECTOR ( 'NONE', #2162, 1000.000000000000000 ) ;
#1474 = VERTEX_POINT ( 'NONE', #10888 ) ;
#1475 = PLANE ( 'NONE',  #5012 ) ;
#1476 = ORIENTED_EDGE ( 'NONE', *, *, #12555, .F. ) ;
#1477 = CARTESIAN_POINT ( 'NONE',  ( 0.8889999999999974589, 8.064500000000000668, -0.3810000000000023368 ) ) ;
#1478 = UNCERTAINTY_MEASURE_WITH_UNIT (LENGTH_MEASURE( 1.000000000000000082E-05 ), #5803, 'distance_accuracy_value', 'NONE');
#1479 = ORIENTED_EDGE ( 'NONE', *, *, #9944, .F. ) ;
#1480 = VECTOR ( 'NONE', #11590, 1000.000000000000000 ) ;
#1481 = LINE ( 'NONE', #8464, #10049 ) ;
#1482 = CARTESIAN_POINT ( 'NONE',  ( 0.000000000000000000, 0.000000000000000000, 0.000000000000000000 ) ) ;
#1483 = CARTESIAN_POINT ( 'NONE',  ( 20.31999999999999673, 0.000000000000000000, 1.269999999999998908 ) ) ;
#1484 = EDGE_CURVE ( 'NONE', #2923, #10387, #9846, .T. ) ;
#1485 = LINE ( 'NONE', #7251, #6397 ) ;
#1486 = VERTEX_POINT ( 'NONE', #8737 ) ;
#1487 = SURFACE_SIDE_STYLE ('',( #4434 ) ) ;
#1488 = AXIS2_PLACEMENT_3D ( 'NONE', #4730, #2637, #934 ) ;
#1489 = ADVANCED_FACE ( 'NONE', ( #3004 ), #991, .F. ) ;
#1490 = ORIENTED_EDGE ( 'NONE', *, *, #6881, .T. ) ;
#1491 = EDGE_LOOP ( 'NONE', ( #8701, #8274, #4236, #10968 ) ) ;
#1492 =( NAMED_UNIT ( * ) PLANE_ANGLE_UNIT ( ) SI_UNIT ( $, .RADIAN. ) );
#1493 = ORIENTED_EDGE ( 'NONE', *, *, #12666, .T. ) ;
#1494 = ORIENTED_EDGE ( 'NONE', *, *, #7186, .T. ) ;
#1495 = ADVANCED_FACE ( 'NONE', ( #1957 ), #4970, .F. ) ;
#1496 = EDGE_CURVE ( 'NONE', #5405, #651, #9969, .T. ) ;
#1497 = VECTOR ( 'NONE', #7698, 1000.000000000000000 ) ;
#1498 = LINE ( 'NONE', #6341, #11352 ) ;
#1499 = ORIENTED_EDGE ( 'NONE', *, *, #685, .T. ) ;
#1500 = DIRECTION ( 'NONE',  ( -1.000000000000000000, -0.000000000000000000, -0.000000000000000000 ) ) ;
#1501 = EDGE_CURVE ( 'NONE', #5547, #3676, #12715, .T. ) ;
#1502 = LINE ( 'NONE', #5360, #5686 ) ;
#1503 = ORIENTED_EDGE ( 'NONE', *, *, #6380, .T. ) ;
#1504 = CARTESIAN_POINT ( 'NONE',  ( 22.85999999999999943, 8.509000000000000341, 1.270000000000001128 ) ) ;
#1505 = CARTESIAN_POINT ( 'NONE',  ( -2.540000000000004032, 0.5080000000000000071, 0.7528818102449925664 ) ) ;
#1506 = EDGE_CURVE ( 'NONE', #10306, #1448, #8931, .T. ) ;
#1507 = ORIENTED_EDGE ( 'NONE', *, *, #5088, .F. ) ;
#1508 = FACE_OUTER_BOUND ( 'NONE', #461, .T. ) ;
#1509 = VECTOR ( 'NONE', #10792, 1000.000000000000000 ) ;
#1510 = CARTESIAN_POINT ( 'NONE',  ( -28.19400000000000617, 0.5080000000000002292, -0.7528818102449945648 ) ) ;
#1511 = CARTESIAN_POINT ( 'NONE',  ( -20.32000000000000384, 8.509000000000000341, 1.270000000000001128 ) ) ;
#1512 = FACE_OUTER_BOUND ( 'NONE', #12449, .T. ) ;
#1513 = DIRECTION ( 'NONE',  ( -1.000000000000000000, -0.000000000000000000, -0.000000000000000000 ) ) ;
#1514 = DIRECTION ( 'NONE',  ( 0.000000000000000000, 0.000000000000000000, 1.000000000000000000 ) ) ;
#1515 = ORIENTED_EDGE ( 'NONE', *, *, #12661, .F. ) ;
#1516 = VECTOR ( 'NONE', #7245, 1000.000000000000000 ) ;
#1517 = CARTESIAN_POINT ( 'NONE',  ( -13.14450000000000429, 8.509000000000000341, -0.8255000000000036753 ) ) ;
#1518 = DIRECTION ( 'NONE',  ( 0.000000000000000000, -1.000000000000000000, -2.548365665731588345E-16 ) ) ;
#1519 = DIRECTION ( 'NONE',  ( 0.000000000000000000, 2.449293598294710852E-16, -1.000000000000000000 ) ) ;
#1520 = DIRECTION ( 'NONE',  ( 0.000000000000000000, 0.000000000000000000, 1.000000000000000000 ) ) ;
#1521 = DIRECTION ( 'NONE',  ( -1.000000000000000000, 0.000000000000000000, 0.000000000000000000 ) ) ;
#1522 = LINE ( 'NONE', #12350, #9207 ) ;
#1523 = ORIENTED_EDGE ( 'NONE', *, *, #12439, .T. ) ;
#1524 = CARTESIAN_POINT ( 'NONE',  ( 20.31999999999999673, -1.925929944387235853E-31, 0.8889999999999991243 ) ) ;
#1525 = MECHANICAL_DESIGN_GEOMETRIC_PRESENTATION_REPRESENTATION (  '', ( #7362 ), #10895 ) ;
#1526 = VECTOR ( 'NONE', #4319, 1000.000000000000000 ) ;
#1527 = SURFACE_SIDE_STYLE ('',( #10448 ) ) ;
#1528 = VERTEX_POINT ( 'NONE', #7842 ) ;
#1529 = CARTESIAN_POINT ( 'NONE',  ( -27.05100000000000549, 8.064500000000000668, -0.3810000000000023368 ) ) ;
#1530 = VERTEX_POINT ( 'NONE', #2882 ) ;
#1531 = DIRECTION ( 'NONE',  ( -0.000000000000000000, 1.000000000000000000, 1.733406087350420004E-16 ) ) ;
#1532 = ORIENTED_EDGE ( 'NONE', *, *, #8982, .F. ) ;
#1533 = LINE ( 'NONE', #4684, #5273 ) ;
#1534 = VECTOR ( 'NONE', #12290, 1000.000000000000000 ) ;
#1535 = LINE ( 'NONE', #1606, #4505 ) ;
#1536 = DIRECTION ( 'NONE',  ( -0.000000000000000000, 1.000000000000000000, 1.733406087350420004E-16 ) ) ;
#1537 = ORIENTED_EDGE ( 'NONE', *, *, #156, .T. ) ;
#1538 = LINE ( 'NONE', #4751, #5428 ) ;
#1539 = VERTEX_POINT ( 'NONE', #3981 ) ;
#1540 = ADVANCED_FACE ( 'NONE', ( #8994 ), #1047, .F. ) ;
#1541 = CARTESIAN_POINT ( 'NONE',  ( -0.3810000000000000053, -2.692399999999995686, -0.2032000000000001028 ) ) ;
#1542 = VECTOR ( 'NONE', #11149, 1000.000000000000000 ) ;
#1543 = VECTOR ( 'NONE', #3864, 1000.000000000000000 ) ;
#1544 = VERTEX_POINT ( 'NONE', #2080 ) ;
#1545 = STYLED_ITEM ( 'NONE', ( #6260 ), #2138 ) ;
#1546 = VECTOR ( 'NONE', #6691, 1000.000000000000000 ) ;
#1547 = CARTESIAN_POINT ( 'NONE',  ( -27.94000000000000483, 2.177422008883992879E-16, -0.8890000000000013447 ) ) ;
#1548 = DIRECTION ( 'NONE',  ( 1.000000000000000000, 0.000000000000000000, 0.000000000000000000 ) ) ;
#1549 = ORIENTED_EDGE ( 'NONE', *, *, #8558, .F. ) ;
#1550 = ADVANCED_FACE ( 'NONE', ( #10027 ), #3783, .T. ) ;
#1551 = CARTESIAN_POINT ( 'NONE',  ( -5.080000000000004512, 0.5080000000000002292, -0.7528818102449945648 ) ) ;
#1552 = STYLED_ITEM ( 'NONE', ( #410 ), #1848 ) ;
#1553 = AXIS2_PLACEMENT_3D ( 'NONE', #9474, #552, #11424 ) ;
#1554 = DIRECTION ( 'NONE',  ( 0.000000000000000000, -0.9659258262890699775, -0.2588190451025145222 ) ) ;
#1555 = ORIENTED_EDGE ( 'NONE', *, *, #11484, .F. ) ;
#1556 = CARTESIAN_POINT ( 'NONE',  ( 7.619999999999994778, 8.509000000000000341, -1.270000000000001128 ) ) ;
#1557 = EDGE_CURVE ( 'NONE', #6021, #6860, #4310, .T. ) ;
#1558 = VERTEX_POINT ( 'NONE', #9127 ) ;
#1559 = ORIENTED_EDGE ( 'NONE', *, *, #9434, .F. ) ;
#1560 = AXIS2_PLACEMENT_3D ( 'NONE', #2948, #2028, #8 ) ;
#1561 = DIRECTION ( 'NONE',  ( 1.000000000000000000, 0.000000000000000000, -0.000000000000000000 ) ) ;
#1562 = VERTEX_POINT ( 'NONE', #9186 ) ;
#1563 = ORIENTED_EDGE ( 'NONE', *, *, #12576, .F. ) ;
#1564 = AXIS2_PLACEMENT_3D ( 'NONE', #11988, #5148, #11854 ) ;
#1565 = AXIS2_PLACEMENT_3D ( 'NONE', #6489, #2438, #11292 ) ;
#1566 = EDGE_CURVE ( 'NONE', #10674, #12650, #12258, .T. ) ;
#1567 = CARTESIAN_POINT ( 'NONE',  ( -2.540000000000004032, 8.509000000000000341, 1.270000000000001128 ) ) ;
#1568 = ORIENTED_EDGE ( 'NONE', *, *, #11555, .F. ) ;
#1569 = CARTESIAN_POINT ( 'NONE',  ( 20.31999999999999673, 2.177422008883992879E-16, -0.8890000000000013447 ) ) ;
#1570 = LINE ( 'NONE', #5415, #3600 ) ;
#1571 = ORIENTED_EDGE ( 'NONE', *, *, #11104, .F. ) ;
#1572 = EDGE_CURVE ( 'NONE', #140, #6866, #10290, .T. ) ;
#1573 = FACE_OUTER_BOUND ( 'NONE', #199, .T. ) ;
#1574 = LINE ( 'NONE', #7702, #11404 ) ;
#1575 = ORIENTED_EDGE ( 'NONE', *, *, #5715, .T. ) ;
#1576 = ORIENTED_EDGE ( 'NONE', *, *, #1450, .T. ) ;
#1577 = DIRECTION ( 'NONE',  ( 0.000000000000000000, -1.000000000000000000, 0.000000000000000000 ) ) ;
#1578 = DIRECTION ( 'NONE',  ( 0.000000000000000000, 2.548365665731588345E-16, -1.000000000000000000 ) ) ;
#1579 = VECTOR ( 'NONE', #3364, 1000.000000000000000 ) ;
#1580 = LINE ( 'NONE', #8548, #2808 ) ;
#1581 = DIRECTION ( 'NONE',  ( 0.000000000000000000, -0.9659258262890700886, 0.2588190451025140781 ) ) ;
#1582 = EDGE_CURVE ( 'NONE', #6480, #7651, #6408, .T. ) ;
#1583 = PLANE ( 'NONE',  #1553 ) ;
#1584 = ORIENTED_EDGE ( 'NONE', *, *, #10011, .T. ) ;
#1585 = AXIS2_PLACEMENT_3D ( 'NONE', #5616, #8306, #11850 ) ;
#1586 = DIRECTION ( 'NONE',  ( 1.000000000000000000, 0.000000000000000000, -0.000000000000000000 ) ) ;
#1587 = LINE ( 'NONE', #4667, #12782 ) ;
#1588 = CARTESIAN_POINT ( 'NONE',  ( 21.20899999999999963, 7.239000000000000767, 0.3809999999999962861 ) ) ;
#1589 = DIRECTION ( 'NONE',  ( 0.000000000000000000, -1.000000000000000000, 0.000000000000000000 ) ) ;
#1590 = EDGE_CURVE ( 'NONE', #2084, #7445, #5159, .T. ) ;
#1591 = ORIENTED_EDGE ( 'NONE', *, *, #10829, .F. ) ;
#1592 = CARTESIAN_POINT ( 'NONE',  ( 10.15999999999999481, 8.509000000000000341, -1.270000000000001128 ) ) ;
#1593 = DIRECTION ( 'NONE',  ( 0.000000000000000000, 1.000000000000000000, 1.733406087350420004E-16 ) ) ;
#1594 = EDGE_LOOP ( 'NONE', ( #553, #11539, #3909, #6851 ) ) ;
#1595 = EDGE_CURVE ( 'NONE', #10591, #1814, #336, .T. ) ;
#1596 = LINE ( 'NONE', #2709, #12230 ) ;
#1597 = CLOSED_SHELL ( 'NONE', ( #8722, #10489, #2382, #2300, #77, #12662, #11469, #11517, #10607, #12589 ) ) ;
#1598 = VECTOR ( 'NONE', #11178, 1000.000000000000114 ) ;
#1599 = DIRECTION ( 'NONE',  ( 0.000000000000000000, 0.000000000000000000, 1.000000000000000000 ) ) ;
#1600 = VERTEX_POINT ( 'NONE', #135 ) ;
#1601 = DIRECTION ( 'NONE',  ( -0.000000000000000000, -0.000000000000000000, 1.000000000000000000 ) ) ;
#1602 = VERTEX_POINT ( 'NONE', #2221 ) ;
#1603 = LINE ( 'NONE', #9497, #10212 ) ;
#1604 = DIRECTION ( 'NONE',  ( -0.000000000000000000, 0.000000000000000000, 1.000000000000000000 ) ) ;
#1605 = EDGE_CURVE ( 'NONE', #6484, #3455, #6203, .T. ) ;
#1606 = CARTESIAN_POINT ( 'NONE',  ( 6.476999999999993207, 7.810500000000001108, 0.1269999999999965878 ) ) ;
#1607 = PLANE ( 'NONE',  #283 ) ;
#1608 = CLOSED_SHELL ( 'NONE', ( #3880, #10179, #799, #8531, #1264, #8370, #9523, #5499, #1550, #3771, #8008, #2375, #8287, #513, #2723, #11506, #9786, #11358, #7372 ) ) ;
#1609 = ORIENTED_EDGE ( 'NONE', *, *, #4589, .T. ) ;
#1610 = PLANE ( 'NONE',  #5848 ) ;
#1611 = ORIENTED_EDGE ( 'NONE', *, *, #438, .F. ) ;
#1612 = PLANE ( 'NONE',  #2003 ) ;
#1613 = VECTOR ( 'NONE', #210, 1000.000000000000000 ) ;
#1614 = UNCERTAINTY_MEASURE_WITH_UNIT (LENGTH_MEASURE( 1.000000000000000082E-05 ), #1387, 'distance_accuracy_value', 'NONE');
#1615 = PLANE ( 'NONE',  #2802 ) ;
#1616 = ORIENTED_EDGE ( 'NONE', *, *, #11465, .F. ) ;
#1617 = FACE_OUTER_BOUND ( 'NONE', #9384, .T. ) ;
#1618 = VECTOR ( 'NONE', #11683, 1000.000000000000000 ) ;
#1619 = DIRECTION ( 'NONE',  ( 1.000000000000000000, 0.000000000000000000, 0.000000000000000000 ) ) ;
#1620 = ORIENTED_EDGE ( 'NONE', *, *, #11227, .T. ) ;
#1621 = DIRECTION ( 'NONE',  ( -1.000000000000000000, -0.000000000000000000, -0.000000000000000000 ) ) ;
#1622 = CARTESIAN_POINT ( 'NONE',  ( -15.24000000000000554, 0.000000000000000000, 1.269999999999998908 ) ) ;
#1623 = ORIENTED_EDGE ( 'NONE', *, *, #683, .F. ) ;
#1624 = PRESENTATION_STYLE_ASSIGNMENT (( #12382 ) ) ;
#1625 = PRODUCT_DEFINITION ( 'UNKNOWN', '', #5336, #8993 ) ;
#1626 = VERTEX_POINT ( 'NONE', #5086 ) ;
#1627 = ORIENTED_EDGE ( 'NONE', *, *, #3434, .F. ) ;
#1628 = FACE_OUTER_BOUND ( 'NONE', #3781, .T. ) ;
#1629 = ORIENTED_EDGE ( 'NONE', *, *, #1068, .T. ) ;
#1630 = ORIENTED_EDGE ( 'NONE', *, *, #9322, .T. ) ;
#1631 = EDGE_CURVE ( 'NONE', #12751, #9367, #7311, .T. ) ;
#1632 = CARTESIAN_POINT ( 'NONE',  ( -9.271000000000004349, 7.239000000000000767, -0.3810000000000025033 ) ) ;
#1633 = VERTEX_POINT ( 'NONE', #11334 ) ;
#1634 = LINE ( 'NONE', #11728, #8787 ) ;
#1635 = CARTESIAN_POINT ( 'NONE',  ( -20.32000000000000384, -1.925929944387235853E-31, 0.8889999999999991243 ) ) ;
#1636 = ORIENTED_EDGE ( 'NONE', *, *, #2471, .F. ) ;
#1637 = PLANE ( 'NONE',  #7115 ) ;
#1638 = DIRECTION ( 'NONE',  ( -0.000000000000000000, 1.000000000000000000, 1.733406087350420004E-16 ) ) ;
#1639 = VERTEX_POINT ( 'NONE', #4239 ) ;
#1640 = PLANE ( 'NONE',  #1585 ) ;
#1641 =( NAMED_UNIT ( * ) PLANE_ANGLE_UNIT ( ) SI_UNIT ( $, .RADIAN. ) );
#1642 = DIRECTION ( 'NONE',  ( 0.000000000000000000, -1.733406087350420004E-16, 1.000000000000000000 ) ) ;
#1643 = DIRECTION ( 'NONE',  ( -0.5773502691896252870, -0.5773502691896251759, -0.5773502691896267303 ) ) ;
#1644 = CARTESIAN_POINT ( 'NONE',  ( 3.428999999999994497, 8.064500000000000668, 0.3809999999999962861 ) ) ;
#1645 = ORIENTED_EDGE ( 'NONE', *, *, #10034, .F. ) ;
#1646 = FACE_OUTER_BOUND ( 'NONE', #2540, .T. ) ;
#1647 = FACE_OUTER_BOUND ( 'NONE', #3825, .T. ) ;
#1648 = DIRECTION ( 'NONE',  ( 0.000000000000000000, 1.000000000000000000, -5.054934237236841843E-31 ) ) ;
#1649 = PLANE ( 'NONE',  #10875 ) ;
#1650 = LINE ( 'NONE', #1779, #3624 ) ;
#1651 = EDGE_CURVE ( 'NONE', #1814, #7676, #11078, .T. ) ;
#1652 = ORIENTED_EDGE ( 'NONE', *, *, #8675, .T. ) ;
#1653 = LINE ( 'NONE', #9354, #8080 ) ;
#1654 = DIRECTION ( 'NONE',  ( -0.000000000000000000, 0.000000000000000000, 1.000000000000000000 ) ) ;
#1655 = VERTEX_POINT ( 'NONE', #11207 ) ;
#1656 = EDGE_CURVE ( 'NONE', #9823, #4320, #2347, .T. ) ;
#1657 = CARTESIAN_POINT ( 'NONE',  ( -19.43100000000000449, 7.239000000000000767, -0.3810000000000025033 ) ) ;
#1658 = EDGE_LOOP ( 'NONE', ( #7289, #2880, #12827, #10997, #365, #1025, #4474, #12025 ) ) ;
#1659 = EDGE_CURVE ( 'NONE', #7916, #1306, #6139, .T. ) ;
#1660 = LINE ( 'NONE', #5635, #4889 ) ;
#1661 = EDGE_CURVE ( 'NONE', #271, #688, #10098, .T. ) ;
#1662 = VERTEX_POINT ( 'NONE', #12129 ) ;
#1663 = ADVANCED_FACE ( 'NONE', ( #2280 ), #3194, .F. ) ;
#1664 = CARTESIAN_POINT ( 'NONE',  ( -16.89100000000000179, 8.064500000000000668, 0.3809999999999964526 ) ) ;
#1665 = ORIENTED_EDGE ( 'NONE', *, *, #1825, .F. ) ;
#1666 = CARTESIAN_POINT ( 'NONE',  ( -21.97100000000000364, 7.239000000000000767, -0.3810000000000025033 ) ) ;
#1667 = PLANE ( 'NONE',  #6794 ) ;
#1668 = CARTESIAN_POINT ( 'NONE',  ( -15.24000000000000554, 3.110602869834277161E-16, -1.270000000000001128 ) ) ;
#1669 = LINE ( 'NONE', #1797, #2085 ) ;
#1670 = ORIENTED_EDGE ( 'NONE', *, *, #11493, .T. ) ;
#1671 = DIRECTION ( 'NONE',  ( 0.000000000000000000, -1.000000000000000000, 0.000000000000000000 ) ) ;
#1672 = ORIENTED_EDGE ( 'NONE', *, *, #11825, .F. ) ;
#1673 = DIRECTION ( 'NONE',  ( 0.000000000000000000, 1.440069553722777130E-16, -1.000000000000000000 ) ) ;
#1674 = DIRECTION ( 'NONE',  ( 1.000000000000000000, 0.000000000000000000, 0.000000000000000000 ) ) ;
#1675 = ORIENTED_EDGE ( 'NONE', *, *, #5391, .T. ) ;
#1676 = VECTOR ( 'NONE', #11249, 1000.000000000000000 ) ;
#1677 = DIRECTION ( 'NONE',  ( 1.000000000000000000, 0.000000000000000000, -0.000000000000000000 ) ) ;
#1678 = DIRECTION ( 'NONE',  ( 0.000000000000000000, -1.733406087350420004E-16, 1.000000000000000000 ) ) ;
#1679 = FACE_OUTER_BOUND ( 'NONE', #11282, .T. ) ;
#1680 = EDGE_LOOP ( 'NONE', ( #8803, #3562, #6331, #5685 ) ) ;
#1681 = DIRECTION ( 'NONE',  ( -1.000000000000000000, -0.000000000000000000, -0.000000000000000000 ) ) ;
#1682 = EDGE_LOOP ( 'NONE', ( #6165, #2920, #11316, #12529 ) ) ;
#1683 = VECTOR ( 'NONE', #11162, 1000.000000000000000 ) ;
#1684 = VECTOR ( 'NONE', #10037, 1000.000000000000000 ) ;
#1685 = DIRECTION ( 'NONE',  ( 0.000000000000000000, 0.2588190451025145222, -0.9659258262890699775 ) ) ;
#1686 = VERTEX_POINT ( 'NONE', #5354 ) ;
#1687 = EDGE_CURVE ( 'NONE', #7490, #9258, #1238, .T. ) ;
#1688 = EDGE_CURVE ( 'NONE', #10795, #9119, #6338, .T. ) ;
#1689 = ORIENTED_EDGE ( 'NONE', *, *, #11447, .F. ) ;
#1690 = ORIENTED_EDGE ( 'NONE', *, *, #1262, .T. ) ;
#1691 = AXIS2_PLACEMENT_3D ( 'NONE', #4187, #8167, #3402 ) ;
#1692 = VECTOR ( 'NONE', #10207, 1000.000000000000000 ) ;
#1693 = CARTESIAN_POINT ( 'NONE',  ( -15.24000000000000554, 3.110602869834277161E-16, -1.270000000000001128 ) ) ;
#1694 = DIRECTION ( 'NONE',  ( 0.000000000000000000, 0.000000000000000000, 1.000000000000000000 ) ) ;
#1695 = ORIENTED_EDGE ( 'NONE', *, *, #1557, .F. ) ;
#1696 = CARTESIAN_POINT ( 'NONE',  ( -23.74900000000000588, 7.239000000000000767, 0.3809999999999962861 ) ) ;
#1697 = ORIENTED_EDGE ( 'NONE', *, *, #7569, .F. ) ;
#1698 = DIRECTION ( 'NONE',  ( 0.000000000000000000, -1.000000000000000000, -1.733406087350420004E-16 ) ) ;
#1699 = EDGE_CURVE ( 'NONE', #8099, #834, #4372, .T. ) ;
#1700 = CARTESIAN_POINT ( 'NONE',  ( -11.04900000000000659, 7.239000000000000767, 0.3809999999999962861 ) ) ;
#1701 = VECTOR ( 'NONE', #10573, 1000.000000000000000 ) ;
#1702 = LINE ( 'NONE', #6491, #1971 ) ;
#1703 = ORIENTED_EDGE ( 'NONE', *, *, #5923, .F. ) ;
#1704 = EDGE_CURVE ( 'NONE', #10419, #1558, #7374, .T. ) ;
#1705 = FACE_OUTER_BOUND ( 'NONE', #5795, .T. ) ;
#1706 = ADVANCED_FACE ( 'NONE', ( #1628 ), #657, .F. ) ;
#1707 = CARTESIAN_POINT ( 'NONE',  ( 25.39999999999999858, 0.000000000000000000, 1.269999999999998908 ) ) ;
#1708 = CARTESIAN_POINT ( 'NONE',  ( -20.32000000000000384, 3.110602869834277161E-16, -1.270000000000001128 ) ) ;
#1709 = CARTESIAN_POINT ( 'NONE',  ( 5.968999999999994976, 7.239000000000000767, -0.3810000000000025033 ) ) ;
#1710 = AXIS2_PLACEMENT_3D ( 'NONE', #12707, #10558, #6798 ) ;
#1711 = CARTESIAN_POINT ( 'NONE',  ( -7.175500000000004874, 8.509000000000000341, -0.8255000000000036753 ) ) ;
#1712 = DIRECTION ( 'NONE',  ( 0.000000000000000000, -1.000000000000000000, -1.733406087350420004E-16 ) ) ;
#1713 = DIRECTION ( 'NONE',  ( 0.000000000000000000, 0.000000000000000000, 1.000000000000000000 ) ) ;
#1714 = EDGE_LOOP ( 'NONE', ( #2122, #5358, #9297, #8223 ) ) ;
#1715 = EDGE_CURVE ( 'NONE', #11272, #849, #4574, .T. ) ;
#1716 = DIRECTION ( 'NONE',  ( -0.000000000000000000, 1.000000000000000000, 1.733406087350420004E-16 ) ) ;
#1717 = VECTOR ( 'NONE', #10379, 1000.000000000000000 ) ;
#1718 = CARTESIAN_POINT ( 'NONE',  ( -3.469446951953614189E-15, 3.110602869834277161E-16, -1.270000000000001128 ) ) ;
#1719 = ORIENTED_EDGE ( 'NONE', *, *, #9040, .T. ) ;
#1720 = AXIS2_PLACEMENT_3D ( 'NONE', #8116, #12087, #11231 ) ;
#1721 = CARTESIAN_POINT ( 'NONE',  ( -25.40000000000000568, 0.5080000000000000071, 0.7528818102449925664 ) ) ;
#1722 = ORIENTED_EDGE ( 'NONE', *, *, #2397, .F. ) ;
#1723 = CARTESIAN_POINT ( 'NONE',  ( 7.619999999999994778, 8.509000000000000341, 1.270000000000001128 ) ) ;
#1724 = ADVANCED_FACE ( 'NONE', ( #455 ), #3705, .F. ) ;
#1725 = CARTESIAN_POINT ( 'NONE',  ( 20.31999999999999673, 3.110602869834277161E-16, -1.270000000000001128 ) ) ;
#1726 = DIRECTION ( 'NONE',  ( 0.7071067811865475727, -0.7071067811865475727, 0.000000000000000000 ) ) ;
#1727 = CARTESIAN_POINT ( 'NONE',  ( 27.94000000000000128, 8.509000000000000341, -1.270000000000001128 ) ) ;
#1728 = VERTEX_POINT ( 'NONE', #5605 ) ;
#1729 = AXIS2_PLACEMENT_3D ( 'NONE', #6729, #5807, #4835 ) ;
#1730 = DIRECTION ( 'NONE',  ( 0.000000000000000000, 0.000000000000000000, -1.000000000000000000 ) ) ;
#1731 = EDGE_CURVE ( 'NONE', #271, #5399, #7692, .T. ) ;
#1732 = CARTESIAN_POINT ( 'NONE',  ( -22.86000000000000654, 0.000000000000000000, 1.269999999999998908 ) ) ;
#1733 = ORIENTED_EDGE ( 'NONE', *, *, #5906, .F. ) ;
#1734 = VECTOR ( 'NONE', #8956, 1000.000000000000000 ) ;
#1735 = MANIFOLD_SOLID_BREP ( 'LPattern1[9]', #8877 ) ;
#1736 = DIRECTION ( 'NONE',  ( 0.000000000000000000, -1.440069553722777130E-16, 1.000000000000000000 ) ) ;
#1737 = EDGE_CURVE ( 'NONE', #12099, #10288, #8532, .T. ) ;
#1738 = EDGE_LOOP ( 'NONE', ( #1763, #8219, #11911, #6112 ) ) ;
#1739 = VECTOR ( 'NONE', #9816, 1000.000000000000000 ) ;
#1740 = FACE_OUTER_BOUND ( 'NONE', #5669, .T. ) ;
#1741 = DIRECTION ( 'NONE',  ( 0.000000000000000000, 1.440069553722777130E-16, -1.000000000000000000 ) ) ;
#1742 = ORIENTED_EDGE ( 'NONE', *, *, #12331, .T. ) ;
#1743 = ADVANCED_FACE ( 'NONE', ( #8410 ), #10615, .T. ) ;
#1744 = DIRECTION ( 'NONE',  ( 0.000000000000000000, 0.000000000000000000, -1.000000000000000000 ) ) ;
#1745 = ORIENTED_EDGE ( 'NONE', *, *, #6751, .F. ) ;
#1746 = ORIENTED_EDGE ( 'NONE', *, *, #11791, .T. ) ;
#1747 = ADVANCED_FACE ( 'NONE', ( #12580 ), #12645, .F. ) ;
#1748 = VECTOR ( 'NONE', #7440, 1000.000000000000000 ) ;
#1749 = PRESENTATION_LAYER_ASSIGNMENT (  '', '', ( #7381 ) ) ;
#1750 = CARTESIAN_POINT ( 'NONE',  ( 12.69999999999999574, 0.000000000000000000, 1.269999999999998908 ) ) ;
#1751 = VERTEX_POINT ( 'NONE', #8474 ) ;
#1752 = EDGE_CURVE ( 'NONE', #3810, #5847, #12453, .T. ) ;
#1753 = EDGE_LOOP ( 'NONE', ( #3635, #4955, #1675, #7989 ) ) ;
#1754 = SURFACE_STYLE_FILL_AREA ( #6796 ) ;
#1755 = ORIENTED_EDGE ( 'NONE', *, *, #9059, .T. ) ;
#1756 = VECTOR ( 'NONE', #202, 1000.000000000000000 ) ;
#1757 = AXIS2_PLACEMENT_3D ( 'NONE', #9937, #2107, #6962 ) ;
#1758 = CARTESIAN_POINT ( 'NONE',  ( 14.79549999999999699, 8.509000000000000341, 0.8254999999999981242 ) ) ;
#1759 = PLANE ( 'NONE',  #4665 ) ;
#1760 = ORIENTED_EDGE ( 'NONE', *, *, #8782, .F. ) ;
#1761 = CARTESIAN_POINT ( 'NONE',  ( -2.540000000000004032, 0.000000000000000000, 0.000000000000000000 ) ) ;
#1762 = EDGE_CURVE ( 'NONE', #10226, #3289, #9647, .T. ) ;
#1763 = ORIENTED_EDGE ( 'NONE', *, *, #4210, .T. ) ;
#1764 = CARTESIAN_POINT ( 'NONE',  ( 11.04899999999999594, 7.239000000000000767, 0.3809999999999962861 ) ) ;
#1765 = CARTESIAN_POINT ( 'NONE',  ( 15.23999999999999666, -1.925929944387235853E-31, 0.8889999999999991243 ) ) ;
#1766 =( GEOMETRIC_REPRESENTATION_CONTEXT ( 3 ) GLOBAL_UNCERTAINTY_ASSIGNED_CONTEXT ( ( #3445 ) ) GLOBAL_UNIT_ASSIGNED_CONTEXT ( ( #792, #10679, #11792 ) ) REPRESENTATION_CONTEXT ( 'NONE', 'WORKASPACE' ) );
#1767 = VECTOR ( 'NONE', #10507, 1000.000000000000000 ) ;
#1768 = LINE ( 'NONE', #2754, #319 ) ;
#1769 = VECTOR ( 'NONE', #3216, 1000.000000000000114 ) ;
#1770 = VECTOR ( 'NONE', #381, 1000.000000000000000 ) ;
#1771 = LINE ( 'NONE', #11812, #12792 ) ;
#1772 = ORIENTED_EDGE ( 'NONE', *, *, #3698, .T. ) ;
#1773 = LINE ( 'NONE', #4786, #8984 ) ;
#1774 = FACE_OUTER_BOUND ( 'NONE', #5194, .T. ) ;
#1775 = VECTOR ( 'NONE', #5588, 999.9999999999998863 ) ;
#1776 = EDGE_CURVE ( 'NONE', #6291, #3041, #2739, .T. ) ;
#1777 = CARTESIAN_POINT ( 'NONE',  ( -12.70000000000000462, 0.5080000000000000071, 0.7528818102449925664 ) ) ;
#1778 = DIRECTION ( 'NONE',  ( 0.000000000000000000, 1.000000000000000000, 2.548365665731588345E-16 ) ) ;
#1779 = CARTESIAN_POINT ( 'NONE',  ( -16.12900000000000489, 7.239000000000000767, 0.3809999999999962861 ) ) ;
#1780 = CARTESIAN_POINT ( 'NONE',  ( 10.15999999999999481, 8.509000000000000341, -1.270000000000001128 ) ) ;
#1781 = PLANE ( 'NONE',  #3791 ) ;
#1782 = EDGE_LOOP ( 'NONE', ( #2900, #580, #7772, #1494, #8593, #5520, #10862, #10737 ) ) ;
#1783 = MANIFOLD_SOLID_BREP ( 'LPattern1[15]', #601 ) ;
#1784 = DIRECTION ( 'NONE',  ( -0.000000000000000000, 0.000000000000000000, 1.000000000000000000 ) ) ;
#1785 = VECTOR ( 'NONE', #8340, 1000.000000000000000 ) ;
#1786 =( LENGTH_UNIT ( ) NAMED_UNIT ( * ) SI_UNIT ( .MILLI., .METRE. ) );
#1787 = ORIENTED_EDGE ( 'NONE', *, *, #9287, .F. ) ;
#1788 = DIRECTION ( 'NONE',  ( -1.000000000000000000, 0.000000000000000000, 0.000000000000000000 ) ) ;
#1789 = VECTOR ( 'NONE', #8107, 1000.000000000000000 ) ;
#1790 = ORIENTED_EDGE ( 'NONE', *, *, #6585, .F. ) ;
#1791 = DIRECTION ( 'NONE',  ( -0.000000000000000000, 0.2588190451025140781, 0.9659258262890700886 ) ) ;
#1792 = EDGE_CURVE ( 'NONE', #12754, #10883, #9520, .T. ) ;
#1793 = VERTEX_POINT ( 'NONE', #9712 ) ;
#1794 = DIRECTION ( 'NONE',  ( 0.000000000000000000, 0.2588190451025145222, -0.9659258262890699775 ) ) ;
#1795 = CARTESIAN_POINT ( 'NONE',  ( -21.20900000000000674, 7.239000000000000767, -0.3810000000000025033 ) ) ;
#1796 = CARTESIAN_POINT ( 'NONE',  ( -7.620000000000005436, 8.509000000000000341, -1.270000000000001128 ) ) ;
#1797 = CARTESIAN_POINT ( 'NONE',  ( -3.469446951953614189E-15, 2.177422008883992879E-16, -0.8890000000000013447 ) ) ;
#1798 = EDGE_LOOP ( 'NONE', ( #5481, #12553, #10903, #6433 ) ) ;
#1799 = VECTOR ( 'NONE', #5841, 1000.000000000000000 ) ;
#1800 = VECTOR ( 'NONE', #1076, 1000.000000000000000 ) ;
#1801 = FACE_OUTER_BOUND ( 'NONE', #11507, .T. ) ;
#1802 = LINE ( 'NONE', #3820, #1133 ) ;
#1803 = VERTEX_POINT ( 'NONE', #11720 ) ;
#1804 = FACE_OUTER_BOUND ( 'NONE', #9050, .T. ) ;
#1805 =( NAMED_UNIT ( * ) PLANE_ANGLE_UNIT ( ) SI_UNIT ( $, .RADIAN. ) );
#1806 = EDGE_LOOP ( 'NONE', ( #8326, #8320, #2510, #5004 ) ) ;
#1807 = DIRECTION ( 'NONE',  ( 0.000000000000000000, -0.9659258262890699775, -0.2588190451025145222 ) ) ;
#1808 = VECTOR ( 'NONE', #6819, 1000.000000000000000 ) ;
#1809 = LINE ( 'NONE', #3958, #9685 ) ;
#1810 = DIRECTION ( 'NONE',  ( 0.000000000000000000, 1.000000000000000000, 2.548365665731588345E-16 ) ) ;
#1811 = ORIENTED_EDGE ( 'NONE', *, *, #443, .F. ) ;
#1812 = DIRECTION ( 'NONE',  ( 0.000000000000000000, 0.9659258262890699775, 0.2588190451025145222 ) ) ;
#1813 = ORIENTED_EDGE ( 'NONE', *, *, #3075, .T. ) ;
#1814 = VERTEX_POINT ( 'NONE', #8790 ) ;
#1815 = ADVANCED_FACE ( 'NONE', ( #6913 ), #8725, .F. ) ;
#1816 = DIRECTION ( 'NONE',  ( 0.000000000000000000, 0.000000000000000000, 1.000000000000000000 ) ) ;
#1817 = AXIS2_PLACEMENT_3D ( 'NONE', #3543, #623, #7525 ) ;
#1818 = VECTOR ( 'NONE', #4656, 1000.000000000000114 ) ;
#1819 = ORIENTED_EDGE ( 'NONE', *, *, #7417, .T. ) ;
#1820 = ORIENTED_EDGE ( 'NONE', *, *, #6472, .F. ) ;
#1821 = DIRECTION ( 'NONE',  ( -1.000000000000000000, -0.000000000000000000, -0.000000000000000000 ) ) ;
#1822 = LINE ( 'NONE', #11798, #8023 ) ;
#1823 = ORIENTED_EDGE ( 'NONE', *, *, #3115, .T. ) ;
#1824 = EDGE_CURVE ( 'NONE', #2807, #3005, #12829, .T. ) ;
#1825 = EDGE_CURVE ( 'NONE', #12337, #9889, #4824, .T. ) ;
#1826 = LINE ( 'NONE', #5805, #5044 ) ;
#1827 = CARTESIAN_POINT ( 'NONE',  ( -15.24000000000000554, 8.509000000000000341, 0.8254999999999981242 ) ) ;
#1828 = ORIENTED_EDGE ( 'NONE', *, *, #2750, .T. ) ;
#1829 = ORIENTED_EDGE ( 'NONE', *, *, #4543, .F. ) ;
#1830 = FACE_OUTER_BOUND ( 'NONE', #12386, .T. ) ;
#1831 = ORIENTED_EDGE ( 'NONE', *, *, #3115, .F. ) ;
#1832 = DIRECTION ( 'NONE',  ( -0.000000000000000000, 1.000000000000000000, 1.733406087350420004E-16 ) ) ;
#1833 = CARTESIAN_POINT ( 'NONE',  ( -12.70000000000000462, 0.5080000000000000071, 0.7528818102449925664 ) ) ;
#1834 = ADVANCED_FACE ( 'NONE', ( #6849, #12763 ), #5860, .F. ) ;
#1835 = DIRECTION ( 'NONE',  ( 0.000000000000000000, 1.000000000000000000, 1.733406087350420004E-16 ) ) ;
#1836 = EDGE_CURVE ( 'NONE', #1662, #1963, #8860, .T. ) ;
#1837 = DIRECTION ( 'NONE',  ( -1.000000000000000000, -0.000000000000000000, -0.000000000000000000 ) ) ;
#1838 = ORIENTED_EDGE ( 'NONE', *, *, #10113, .T. ) ;
#1839 = CARTESIAN_POINT ( 'NONE',  ( 14.35099999999999554, 8.064500000000000668, -0.3810000000000023368 ) ) ;
#1840 = DIRECTION ( 'NONE',  ( -1.000000000000000000, 0.000000000000000000, -0.000000000000000000 ) ) ;
#1841 = CARTESIAN_POINT ( 'NONE',  ( -11.81100000000000527, 8.064500000000000668, -0.3810000000000023368 ) ) ;
#1842 = CARTESIAN_POINT ( 'NONE',  ( 7.619999999999994778, 3.110602869834277161E-16, -1.270000000000001128 ) ) ;
#1843 = LINE ( 'NONE', #10778, #2603 ) ;
#1844 = ORIENTED_EDGE ( 'NONE', *, *, #11932, .T. ) ;
#1845 = LINE ( 'NONE', #11821, #11188 ) ;
#1846 = CARTESIAN_POINT ( 'NONE',  ( 15.23999999999999666, 2.177422008883992879E-16, -0.8890000000000013447 ) ) ;
#1847 = ORIENTED_EDGE ( 'NONE', *, *, #9861, .T. ) ;
#1848 = MANIFOLD_SOLID_BREP ( 'LPattern1[11]', #797 ) ;
#1849 = DIRECTION ( 'NONE',  ( 0.000000000000000000, 1.440069553722777130E-16, -1.000000000000000000 ) ) ;
#1850 = EDGE_CURVE ( 'NONE', #111, #8163, #4326, .T. ) ;
#1851 = ORIENTED_EDGE ( 'NONE', *, *, #3029, .T. ) ;
#1852 = EDGE_CURVE ( 'NONE', #356, #9336, #7892, .T. ) ;
#1853 = DIRECTION ( 'NONE',  ( 0.000000000000000000, -1.000000000000000000, 0.000000000000000000 ) ) ;
#1854 = ORIENTED_EDGE ( 'NONE', *, *, #9150, .T. ) ;
#1855 = DIRECTION ( 'NONE',  ( 0.000000000000000000, 2.548365665731588345E-16, -1.000000000000000000 ) ) ;
#1856 = VERTEX_POINT ( 'NONE', #11285 ) ;
#1857 = LINE ( 'NONE', #5836, #4660 ) ;
#1858 = DIRECTION ( 'NONE',  ( -0.000000000000000000, 0.000000000000000000, 1.000000000000000000 ) ) ;
#1859 = CARTESIAN_POINT ( 'NONE',  ( -5.524500000000005073, 8.509000000000000341, -1.270000000000001128 ) ) ;
#1860 = ORIENTED_EDGE ( 'NONE', *, *, #459, .T. ) ;
#1861 = DIRECTION ( 'NONE',  ( 0.000000000000000000, 1.000000000000000000, 1.733406087350420004E-16 ) ) ;
#1862 = ADVANCED_FACE ( 'NONE', ( #9280 ), #8241, .T. ) ;
#1863 = LINE ( 'NONE', #641, #12174 ) ;
#1864 = VERTEX_POINT ( 'NONE', #4127 ) ;
#1865 = LINE ( 'NONE', #4696, #5287 ) ;
#1866 = ORIENTED_EDGE ( 'NONE', *, *, #7307, .T. ) ;
#1867 = CARTESIAN_POINT ( 'NONE',  ( 20.31999999999999673, 0.5080000000000002292, -0.7528818102449945648 ) ) ;
#1868 = DIRECTION ( 'NONE',  ( 1.000000000000000000, 0.000000000000000000, -0.000000000000000000 ) ) ;
#1869 = EDGE_LOOP ( 'NONE', ( #3548, #11072, #9165, #9172 ) ) ;
#1870 = CARTESIAN_POINT ( 'NONE',  ( -25.40000000000000568, 0.000000000000000000, 1.269999999999998908 ) ) ;
#1871 = ORIENTED_EDGE ( 'NONE', *, *, #6688, .F. ) ;
#1872 = VERTEX_POINT ( 'NONE', #5305 ) ;
#1873 = ADVANCED_FACE ( 'NONE', ( #10172, #2166 ), #6158, .F. ) ;
#1874 = DIRECTION ( 'NONE',  ( 0.000000000000000000, 0.000000000000000000, 1.000000000000000000 ) ) ;
#1875 = EDGE_LOOP ( 'NONE', ( #11252, #1819, #1828, #6657 ) ) ;
#1876 = VECTOR ( 'NONE', #40, 1000.000000000000000 ) ;
#1877 = ORIENTED_EDGE ( 'NONE', *, *, #2283, .F. ) ;
#1878 = CARTESIAN_POINT ( 'NONE',  ( -10.16000000000000547, -1.925929944387235853E-31, 0.8889999999999991243 ) ) ;
#1879 = FACE_OUTER_BOUND ( 'NONE', #11180, .T. ) ;
#1880 = VERTEX_POINT ( 'NONE', #2297 ) ;
#1881 = MANIFOLD_SOLID_BREP ( 'LPattern1[18]', #6633 ) ;
#1882 = LINE ( 'NONE', #2746, #4008 ) ;
#1883 = EDGE_CURVE ( 'NONE', #3676, #1203, #1253, .T. ) ;
#1884 = CARTESIAN_POINT ( 'NONE',  ( -4.191000000000003389, 8.064500000000000668, 0.3809999999999964526 ) ) ;
#1885 = ORIENTED_EDGE ( 'NONE', *, *, #7686, .F. ) ;
#1886 = DIRECTION ( 'NONE',  ( 0.000000000000000000, -2.449293598294710852E-16, 1.000000000000000000 ) ) ;
#1887 = COLOUR_RGB ( '',0.2509803921568627416, 0.2509803921568627416, 0.2509803921568627416 ) ;
#1888 = ORIENTED_EDGE ( 'NONE', *, *, #8982, .T. ) ;
#1889 = LINE ( 'NONE', #989, #743 ) ;
#1890 = DIRECTION ( 'NONE',  ( 0.000000000000000000, 1.440069553722777130E-16, -1.000000000000000000 ) ) ;
#1891 = EDGE_CURVE ( 'NONE', #10537, #3431, #10044, .T. ) ;
#1892 = VERTEX_POINT ( 'NONE', #152 ) ;
#1893 = EDGE_CURVE ( 'NONE', #7838, #11102, #10117, .T. ) ;
#1894 =( GEOMETRIC_REPRESENTATION_CONTEXT ( 3 ) GLOBAL_UNCERTAINTY_ASSIGNED_CONTEXT ( ( #1614 ) ) GLOBAL_UNIT_ASSIGNED_CONTEXT ( ( #1387, #10233, #280 ) ) REPRESENTATION_CONTEXT ( 'NONE', 'WORKASPACE' ) );
#1895 = VECTOR ( 'NONE', #7812, 1000.000000000000000 ) ;
#1896 = ADVANCED_FACE ( 'NONE', ( #4659 ), #7459, .F. ) ;
#1897 = FACE_OUTER_BOUND ( 'NONE', #10602, .T. ) ;
#1898 = ORIENTED_EDGE ( 'NONE', *, *, #8361, .F. ) ;
#1899 = CARTESIAN_POINT ( 'NONE',  ( -22.86000000000000654, 8.509000000000000341, 1.270000000000001128 ) ) ;
#1900 = DIRECTION ( 'NONE',  ( 0.000000000000000000, -1.000000000000000000, -0.000000000000000000 ) ) ;
#1901 = DIRECTION ( 'NONE',  ( -0.000000000000000000, 1.000000000000000000, 1.733406087350420004E-16 ) ) ;
#1902 = LINE ( 'NONE', #11749, #10021 ) ;
#1903 = DIRECTION ( 'NONE',  ( 0.000000000000000000, 0.000000000000000000, -1.000000000000000000 ) ) ;
#1904 = ORIENTED_EDGE ( 'NONE', *, *, #8193, .F. ) ;
#1905 = CARTESIAN_POINT ( 'NONE',  ( 24.51099999999999923, 7.239000000000000767, 0.3809999999999962861 ) ) ;
#1906 = CARTESIAN_POINT ( 'NONE',  ( -2.095500000000003471, 8.509000000000000341, 0.8254999999999981242 ) ) ;
#1907 = ORIENTED_EDGE ( 'NONE', *, *, #5343, .F. ) ;
#1908 = MANIFOLD_SOLID_BREP ( 'LPattern1[8]', #10149 ) ;
#1909 = VECTOR ( 'NONE', #4055, 1000.000000000000000 ) ;
#1910 = DIRECTION ( 'NONE',  ( 0.3420201433256659929, -0.9396926207859094271, -2.197857363660188298E-16 ) ) ;
#1911 = ADVANCED_FACE ( 'NONE', ( #4588 ), #3665, .F. ) ;
#1912 = SURFACE_SIDE_STYLE ('',( #7861 ) ) ;
#1913 = ORIENTED_EDGE ( 'NONE', *, *, #1449, .T. ) ;
#1914 = EDGE_CURVE ( 'NONE', #12561, #2559, #7579, .T. ) ;
#1915 = DIRECTION ( 'NONE',  ( 0.000000000000000000, -0.000000000000000000, -1.000000000000000000 ) ) ;
#1916 = ORIENTED_EDGE ( 'NONE', *, *, #3728, .F. ) ;
#1917 = AXIS2_PLACEMENT_3D ( 'NONE', #7497, #11595, #6530 ) ;
#1918 = AXIS2_PLACEMENT_3D ( 'NONE', #3437, #12557, #11383 ) ;
#1919 = PLANE ( 'NONE',  #5662 ) ;
#1920 = ORIENTED_EDGE ( 'NONE', *, *, #5489, .F. ) ;
#1921 = CARTESIAN_POINT ( 'NONE',  ( -10.16000000000000547, 0.000000000000000000, 1.269999999999998908 ) ) ;
#1922 = CARTESIAN_POINT ( 'NONE',  ( 2.539999999999996927, 0.000000000000000000, 1.269999999999998908 ) ) ;
#1923 = CARTESIAN_POINT ( 'NONE',  ( -5.080000000000004512, 8.509000000000000341, -1.270000000000001128 ) ) ;
#1924 = PLANE ( 'NONE',  #9630 ) ;
#1925 = VECTOR ( 'NONE', #5190, 1000.000000000000000 ) ;
#1926 = DIRECTION ( 'NONE',  ( 0.000000000000000000, -1.000000000000000000, 0.000000000000000000 ) ) ;
#1927 = ORIENTED_EDGE ( 'NONE', *, *, #12194, .F. ) ;
#1928 = DIRECTION ( 'NONE',  ( -0.7071067811865475727, -0.7071067811865475727, 0.000000000000000000 ) ) ;
#1929 = VECTOR ( 'NONE', #7991, 1000.000000000000000 ) ;
#1930 = ORIENTED_EDGE ( 'NONE', *, *, #4589, .F. ) ;
#1931 = CARTESIAN_POINT ( 'NONE',  ( 22.41549999999999798, 8.509000000000000341, -0.8255000000000036753 ) ) ;
#1932 = ORIENTED_EDGE ( 'NONE', *, *, #1346, .T. ) ;
#1933 = CARTESIAN_POINT ( 'NONE',  ( -11.81100000000000527, 8.064500000000000668, 0.3809999999999962861 ) ) ;
#1934 = AXIS2_PLACEMENT_3D ( 'NONE', #7205, #3273, #6274 ) ;
#1935 = EDGE_CURVE ( 'NONE', #8529, #8369, #4527, .T. ) ;
#1936 = ORIENTED_EDGE ( 'NONE', *, *, #9143, .T. ) ;
#1937 = EDGE_LOOP ( 'NONE', ( #3645, #12007, #171, #11021 ) ) ;
#1938 = AXIS2_PLACEMENT_3D ( 'NONE', #11701, #10728, #5780 ) ;
#1939 = FILL_AREA_STYLE_COLOUR ( '', #6141 ) ;
#1940 = ORIENTED_EDGE ( 'NONE', *, *, #5947, .F. ) ;
#1941 = AXIS2_PLACEMENT_3D ( 'NONE', #8452, #1405, #12424 ) ;
#1942 = EDGE_CURVE ( 'NONE', #3455, #7356, #2496, .T. ) ;
#1943 = PLANE ( 'NONE',  #4711 ) ;
#1944 = LINE ( 'NONE', #1878, #7943 ) ;
#1945 = CARTESIAN_POINT ( 'NONE',  ( 7.619999999999994778, -1.925929944387235853E-31, 0.8889999999999991243 ) ) ;
#1946 = ORIENTED_EDGE ( 'NONE', *, *, #7939, .F. ) ;
#1947 = MANIFOLD_SOLID_BREP ( 'LPattern1[13]', #10798 ) ;
#1948 = CARTESIAN_POINT ( 'NONE',  ( 13.58899999999999686, 8.064500000000000668, 0.3809999999999962861 ) ) ;
#1949 = FACE_OUTER_BOUND ( 'NONE', #9694, .T. ) ;
#1950 = ORIENTED_EDGE ( 'NONE', *, *, #398, .T. ) ;
#1951 = AXIS2_PLACEMENT_3D ( 'NONE', #5872, #4904, #12838 ) ;
#1952 = VECTOR ( 'NONE', #7937, 1000.000000000000000 ) ;
#1953 = CARTESIAN_POINT ( 'NONE',  ( 0.4444999999999970086, 8.509000000000000341, -1.270000000000001128 ) ) ;
#1954 = VERTEX_POINT ( 'NONE', #12468 ) ;
#1955 = LINE ( 'NONE', #12714, #2403 ) ;
#1956 = UNCERTAINTY_MEASURE_WITH_UNIT (LENGTH_MEASURE( 1.000000000000000082E-05 ), #10627, 'distance_accuracy_value', 'NONE');
#1957 = FACE_OUTER_BOUND ( 'NONE', #4729, .T. ) ;
#1958 = EDGE_LOOP ( 'NONE', ( #7476, #4170, #7218, #3581 ) ) ;
#1959 = VECTOR ( 'NONE', #10356, 1000.000000000000000 ) ;
#1960 = VECTOR ( 'NONE', #9002, 1000.000000000000000 ) ;
#1961 = VECTOR ( 'NONE', #9299, 1000.000000000000000 ) ;
#1962 = LINE ( 'NONE', #7771, #2606 ) ;
#1963 = VERTEX_POINT ( 'NONE', #3531 ) ;
#1964 = CARTESIAN_POINT ( 'NONE',  ( 27.94000000000000128, -1.925929944387235853E-31, 0.8889999999999991243 ) ) ;
#1965 = DIRECTION ( 'NONE',  ( 1.000000000000000000, 0.000000000000000000, 0.000000000000000000 ) ) ;
#1966 = LINE ( 'NONE', #10036, #305 ) ;
#1967 = CARTESIAN_POINT ( 'NONE',  ( -2.540000000000004032, 8.509000000000000341, -1.270000000000001128 ) ) ;
#1968 = CARTESIAN_POINT ( 'NONE',  ( 24.51099999999999923, 8.064500000000000668, 0.3809999999999962861 ) ) ;
#1969 = ORIENTED_EDGE ( 'NONE', *, *, #11372, .F. ) ;
#1970 = CARTESIAN_POINT ( 'NONE',  ( -22.86000000000000654, 0.5080000000000002292, -0.7528818102449945648 ) ) ;
#1971 = VECTOR ( 'NONE', #2696, 1000.000000000000000 ) ;
#1972 = DIRECTION ( 'NONE',  ( -1.000000000000000000, -0.000000000000000000, -0.000000000000000000 ) ) ;
#1973 = AXIS2_PLACEMENT_3D ( 'NONE', #10952, #7248, #5999 ) ;
#1974 = VECTOR ( 'NONE', #9784, 999.9999999999998863 ) ;
#1975 = EDGE_CURVE ( 'NONE', #12295, #3274, #2628, .T. ) ;
#1976 = CARTESIAN_POINT ( 'NONE',  ( 2.539999999999993818, -1.925929944387235853E-31, 0.8889999999999991243 ) ) ;
#1977 = LINE ( 'NONE', #5966, #3446 ) ;
#1978 = EDGE_LOOP ( 'NONE', ( #10273, #10437, #6669, #2396, #7855, #12459 ) ) ;
#1979 = DIRECTION ( 'NONE',  ( -1.000000000000000000, 0.000000000000000000, 0.000000000000000000 ) ) ;
#1980 = DIRECTION ( 'NONE',  ( -0.000000000000000000, 1.000000000000000000, 1.733406087350420004E-16 ) ) ;
#1981 = ORIENTED_EDGE ( 'NONE', *, *, #6305, .F. ) ;
#1982 = EDGE_CURVE ( 'NONE', #5074, #9684, #10566, .T. ) ;
#1983 = VECTOR ( 'NONE', #3172, 1000.000000000000000 ) ;
#1984 = LINE ( 'NONE', #3809, #876 ) ;
#1985 = VERTEX_POINT ( 'NONE', #6862 ) ;
#1986 = EDGE_CURVE ( 'NONE', #545, #1662, #9907, .T. ) ;
#1987 = CARTESIAN_POINT ( 'NONE',  ( 4.635499999999994181, 8.509000000000000341, -0.8255000000000036753 ) ) ;
#1988 = EDGE_CURVE ( 'NONE', #6201, #5405, #3919, .T. ) ;
#1989 = FACE_OUTER_BOUND ( 'NONE', #508, .T. ) ;
#1990 = CARTESIAN_POINT ( 'NONE',  ( 12.69999999999999574, 2.177422008883992879E-16, -0.8890000000000013447 ) ) ;
#1991 = CARTESIAN_POINT ( 'NONE',  ( 17.77999999999999758, 8.509000000000000341, 1.270000000000001128 ) ) ;
#1992 = DIRECTION ( 'NONE',  ( 0.000000000000000000, -0.9659258262890700886, 0.2588190451025140781 ) ) ;
#1993 = ORIENTED_EDGE ( 'NONE', *, *, #5205, .T. ) ;
#1994 = DIRECTION ( 'NONE',  ( 0.000000000000000000, 0.9659258262890699775, 0.2588190451025145222 ) ) ;
#1995 = AXIS2_PLACEMENT_3D ( 'NONE', #3755, #7553, #10604 ) ;
#1996 = EDGE_CURVE ( 'NONE', #6966, #8792, #3043, .T. ) ;
#1997 =( NAMED_UNIT ( * ) PLANE_ANGLE_UNIT ( ) SI_UNIT ( $, .RADIAN. ) );
#1998 = ORIENTED_EDGE ( 'NONE', *, *, #9629, .F. ) ;
#1999 = CARTESIAN_POINT ( 'NONE',  ( -27.05100000000000549, 8.064500000000000668, -0.3810000000000023368 ) ) ;
#2000 = ORIENTED_EDGE ( 'NONE', *, *, #9348, .F. ) ;
#2001 = LINE ( 'NONE', #899, #3563 ) ;
#2002 = DIRECTION ( 'NONE',  ( 0.000000000000000000, 1.000000000000000000, 0.000000000000000000 ) ) ;
#2003 = AXIS2_PLACEMENT_3D ( 'NONE', #7547, #775, #1861 ) ;
#2004 = FILL_AREA_STYLE ('',( #8077 ) ) ;
#2005 = ORIENTED_EDGE ( 'NONE', *, *, #1449, .F. ) ;
#2006 = ORIENTED_EDGE ( 'NONE', *, *, #9490, .T. ) ;
#2007 = ORIENTED_EDGE ( 'NONE', *, *, #2099, .F. ) ;
#2008 = CARTESIAN_POINT ( 'NONE',  ( -17.78000000000000469, 8.509000000000000341, 1.270000000000001128 ) ) ;
#2009 = DIRECTION ( 'NONE',  ( 0.5773502691896253980, 0.5773502691896253980, -0.5773502691896265082 ) ) ;
#2010 = EDGE_LOOP ( 'NONE', ( #3285, #8218, #516, #9505 ) ) ;
#2011 = FACE_OUTER_BOUND ( 'NONE', #7457, .T. ) ;
#2012 = PRODUCT_RELATED_PRODUCT_CATEGORY ( 'part', '', ( #9615 ) ) ;
#2013 = DIRECTION ( 'NONE',  ( -1.000000000000000000, 0.000000000000000000, 0.000000000000000000 ) ) ;
#2014 = EDGE_LOOP ( 'NONE', ( #8386, #9678, #7441, #12730, #1559, #8128, #8222, #10399 ) ) ;
#2015 = PLANE ( 'NONE',  #12164 ) ;
#2016 = EDGE_CURVE ( 'NONE', #2688, #7882, #9842, .T. ) ;
#2017 = AXIS2_PLACEMENT_3D ( 'NONE', #12611, #3490, #8377 ) ;
#2018 = ORIENTED_EDGE ( 'NONE', *, *, #8260, .T. ) ;
#2019 = DIRECTION ( 'NONE',  ( 1.000000000000000000, 0.000000000000000000, 0.000000000000000000 ) ) ;
#2020 = PLANE ( 'NONE',  #1140 ) ;
#2021 = VERTEX_POINT ( 'NONE', #6997 ) ;
#2022 = EDGE_CURVE ( 'NONE', #5258, #12592, #3849, .T. ) ;
#2023 = FACE_OUTER_BOUND ( 'NONE', #10203, .T. ) ;
#2024 = DIRECTION ( 'NONE',  ( 0.000000000000000000, 0.000000000000000000, -1.000000000000000000 ) ) ;
#2025 = CARTESIAN_POINT ( 'NONE',  ( -15.24000000000000554, 8.509000000000000341, 1.270000000000001128 ) ) ;
#2026 = DIRECTION ( 'NONE',  ( -0.000000000000000000, -0.000000000000000000, 1.000000000000000000 ) ) ;
#2027 = DIRECTION ( 'NONE',  ( 0.000000000000000000, 0.9659258262890700886, -0.2588190451025140781 ) ) ;
#2028 = DIRECTION ( 'NONE',  ( 0.000000000000000000, 0.2588190451025140781, 0.9659258262890700886 ) ) ;
#2029 = ADVANCED_FACE ( 'NONE', ( #1830 ), #4967, .F. ) ;
#2030 = PLANE ( 'NONE',  #5644 ) ;
#2031 = EDGE_LOOP ( 'NONE', ( #5087, #12293, #993, #11320 ) ) ;
#2032 = LINE ( 'NONE', #4063, #5378 ) ;
#2033 = CARTESIAN_POINT ( 'NONE',  ( 0.3810000000000000053, -2.692399999999995686, 0.000000000000000000 ) ) ;
#2034 = LINE ( 'NONE', #11824, #5146 ) ;
#2035 = DIRECTION ( 'NONE',  ( -0.000000000000000000, 0.000000000000000000, 1.000000000000000000 ) ) ;
#2036 = CARTESIAN_POINT ( 'NONE',  ( 7.619999999999994778, 0.000000000000000000, 1.269999999999998908 ) ) ;
#2037 = ORIENTED_EDGE ( 'NONE', *, *, #1181, .T. ) ;
#2038 = FACE_OUTER_BOUND ( 'NONE', #9326, .T. ) ;
#2039 = ORIENTED_EDGE ( 'NONE', *, *, #10069, .T. ) ;
#2040 = EDGE_CURVE ( 'NONE', #5592, #11467, #8928, .T. ) ;
#2041 = CARTESIAN_POINT ( 'NONE',  ( 5.079999999999993854, 8.509000000000000341, 1.270000000000001128 ) ) ;
#2042 = DIRECTION ( 'NONE',  ( 0.000000000000000000, 2.548365665731588345E-16, -1.000000000000000000 ) ) ;
#2043 = LINE ( 'NONE', #9096, #9018 ) ;
#2044 = CARTESIAN_POINT ( 'NONE',  ( 21.20899999999999963, 8.064500000000000668, 0.3809999999999964526 ) ) ;
#2045 = EDGE_CURVE ( 'NONE', #10591, #3739, #2074, .T. ) ;
#2046 = FACE_OUTER_BOUND ( 'NONE', #9184, .T. ) ;
#2047 = ORIENTED_EDGE ( 'NONE', *, *, #3340, .F. ) ;
#2048 = CARTESIAN_POINT ( 'NONE',  ( 15.24000000000000021, 7.239000000000000767, -2.201425730935033664E-16 ) ) ;
#2049 = EDGE_CURVE ( 'NONE', #2503, #5349, #9062, .T. ) ;
#2050 = ADVANCED_FACE ( 'NONE', ( #9779 ), #6070, .F. ) ;
#2051 = FILL_AREA_STYLE ('',( #8903 ) ) ;
#2052 = ORIENTED_EDGE ( 'NONE', *, *, #875, .F. ) ;
#2053 = ADVANCED_FACE ( 'NONE', ( #10884 ), #2015, .F. ) ;
#2054 = PLANE ( 'NONE',  #11115 ) ;
#2055 = PRODUCT_CONTEXT ( 'NONE', #6599, 'mechanical' ) ;
#2056 = ORIENTED_EDGE ( 'NONE', *, *, #2435, .T. ) ;
#2057 = EDGE_CURVE ( 'NONE', #895, #8149, #6004, .T. ) ;
#2058 = DIRECTION ( 'NONE',  ( -1.000000000000000000, -0.000000000000000000, -0.000000000000000000 ) ) ;
#2059 = DIRECTION ( 'NONE',  ( 0.000000000000000000, 0.9659258262890699775, 0.2588190451025145222 ) ) ;
#2060 = CARTESIAN_POINT ( 'NONE',  ( -3.429000000000005155, 7.239000000000000767, 0.3809999999999962861 ) ) ;
#2061 = EDGE_CURVE ( 'NONE', #5847, #203, #3067, .T. ) ;
#2062 = CARTESIAN_POINT ( 'NONE',  ( -10.16000000000000547, 0.5080000000000002292, -0.7528818102449945648 ) ) ;
#2063 = ORIENTED_EDGE ( 'NONE', *, *, #2276, .F. ) ;
#2064 = EDGE_LOOP ( 'NONE', ( #5202, #3713, #10402, #8716 ) ) ;
#2065 = VERTEX_POINT ( 'NONE', #9965 ) ;
#2066 =( REPRESENTATION_RELATIONSHIP ('NONE','NONE', #7825, #3815 ) REPRESENTATION_RELATIONSHIP_WITH_TRANSFORMATION ( #6041 )SHAPE_REPRESENTATION_RELATIONSHIP( ) );
#2067 = LINE ( 'NONE', #12117, #9492 ) ;
#2068 = CARTESIAN_POINT ( 'NONE',  ( -6.731000000000004313, 7.239000000000000767, 0.3809999999999962861 ) ) ;
#2069 = CARTESIAN_POINT ( 'NONE',  ( -12.70000000000000462, 0.5080000000000002292, -0.7528818102449945648 ) ) ;
#2070 = ORIENTED_EDGE ( 'NONE', *, *, #11117, .F. ) ;
#2071 = DIRECTION ( 'NONE',  ( 0.000000000000000000, 5.054934237236841843E-31, 1.000000000000000000 ) ) ;
#2072 = DIRECTION ( 'NONE',  ( 0.7071067811865475727, -0.7071067811865475727, 0.000000000000000000 ) ) ;
#2073 = ORIENTED_EDGE ( 'NONE', *, *, #2177, .T. ) ;
#2074 = LINE ( 'NONE', #5082, #4880 ) ;
#2075 = VERTEX_POINT ( 'NONE', #11863 ) ;
#2076 = LINE ( 'NONE', #314, #2611 ) ;
#2077 = UNCERTAINTY_MEASURE_WITH_UNIT (LENGTH_MEASURE( 1.000000000000000082E-05 ), #9894, 'distance_accuracy_value', 'NONE');
#2078 = MECHANICAL_DESIGN_GEOMETRIC_PRESENTATION_REPRESENTATION (  '', ( #5420 ), #2924 ) ;
#2079 = ADVANCED_FACE ( 'NONE', ( #987 ), #12058, .F. ) ;
#2080 = CARTESIAN_POINT ( 'NONE',  ( -17.78000000000000469, 0.000000000000000000, 1.269999999999998908 ) ) ;
#2081 = ORIENTED_EDGE ( 'NONE', *, *, #10506, .T. ) ;
#2082 = EDGE_CURVE ( 'NONE', #9722, #9493, #6925, .T. ) ;
#2083 = DIRECTION ( 'NONE',  ( -0.000000000000000000, 0.000000000000000000, 1.000000000000000000 ) ) ;
#2084 = VERTEX_POINT ( 'NONE', #10024 ) ;
#2085 = VECTOR ( 'NONE', #9625, 1000.000000000000000 ) ;
#2086 = LINE ( 'NONE', #5097, #7747 ) ;
#2087 = CARTESIAN_POINT ( 'NONE',  ( 27.94000000000000128, 0.5080000000000000071, 0.7528818102449925664 ) ) ;
#2088 = LINE ( 'NONE', #6081, #1960 ) ;
#2089 = LINE ( 'NONE', #1124, #4534 ) ;
#2090 = CARTESIAN_POINT ( 'NONE',  ( -18.66900000000000404, 8.064500000000000668, 0.3809999999999962861 ) ) ;
#2091 = EDGE_CURVE ( 'NONE', #10587, #4914, #1110, .T. ) ;
#2092 = CARTESIAN_POINT ( 'NONE',  ( 2.539999999999996927, 8.509000000000000341, 1.270000000000001128 ) ) ;
#2093 = ORIENTED_EDGE ( 'NONE', *, *, #5640, .F. ) ;
#2094 = EDGE_CURVE ( 'NONE', #1530, #3262, #8092, .T. ) ;
#2095 = CARTESIAN_POINT ( 'NONE',  ( 11.04899999999999594, 7.239000000000000767, 0.3809999999999962861 ) ) ;
#2096 = DIRECTION ( 'NONE',  ( 0.5773502691896252870, -0.5773502691896251759, -0.5773502691896267303 ) ) ;
#2097 = CARTESIAN_POINT ( 'NONE',  ( 2.539999999999993818, 0.5080000000000000071, 0.7528818102449925664 ) ) ;
#2098 = AXIS2_PLACEMENT_3D ( 'NONE', #7351, #574, #5448 ) ;
#2099 = EDGE_CURVE ( 'NONE', #8597, #6140, #258, .T. ) ;
#2100 = EDGE_CURVE ( 'NONE', #5000, #10883, #9123, .T. ) ;
#2101 = LINE ( 'NONE', #4133, #10276 ) ;
#2102 = DIRECTION ( 'NONE',  ( -0.000000000000000000, -0.7071067811865482389, -0.7071067811865469066 ) ) ;
#2103 = VERTEX_POINT ( 'NONE', #2343 ) ;
#2104 = ORIENTED_EDGE ( 'NONE', *, *, #10311, .T. ) ;
#2105 = VECTOR ( 'NONE', #5825, 1000.000000000000000 ) ;
#2106 = CARTESIAN_POINT ( 'NONE',  ( -3.469446951953614189E-15, -1.925929944387235853E-31, 0.8889999999999991243 ) ) ;
#2107 = DIRECTION ( 'NONE',  ( -0.7071067811865475727, -0.7071067811865475727, 0.000000000000000000 ) ) ;
#2108 = FACE_OUTER_BOUND ( 'NONE', #7272, .T. ) ;
#2109 = AXIS2_PLACEMENT_3D ( 'NONE', #5599, #4568, #2604 ) ;
#2110 = PLANE ( 'NONE',  #5446 ) ;
#2111 = EDGE_CURVE ( 'NONE', #2799, #6966, #11144, .T. ) ;
#2112 = DIRECTION ( 'NONE',  ( -0.000000000000000000, 0.000000000000000000, -1.000000000000000000 ) ) ;
#2113 = DIRECTION ( 'NONE',  ( 0.000000000000000000, -1.000000000000000000, -1.733406087350420004E-16 ) ) ;
#2114 = ORIENTED_EDGE ( 'NONE', *, *, #7053, .T. ) ;
#2115 = LINE ( 'NONE', #3105, #5559 ) ;
#2116 = VECTOR ( 'NONE', #12334, 1000.000000000000000 ) ;
#2117 = DIRECTION ( 'NONE',  ( 0.000000000000000000, 0.9659258262890700886, -0.2588190451025140781 ) ) ;
#2118 = VERTEX_POINT ( 'NONE', #11074 ) ;
#2119 = AXIS2_PLACEMENT_3D ( 'NONE', #2157, #6148, #6940 ) ;
#2120 = CARTESIAN_POINT ( 'NONE',  ( -27.05100000000000549, 7.239000000000000767, -0.3810000000000025033 ) ) ;
#2121 = CONTEXT_DEPENDENT_SHAPE_REPRESENTATION ( #6337, #9514 ) ;
#2122 = ORIENTED_EDGE ( 'NONE', *, *, #11210, .T. ) ;
#2123 = DIRECTION ( 'NONE',  ( -0.000000000000000000, -0.000000000000000000, 1.000000000000000000 ) ) ;
#2124 = CARTESIAN_POINT ( 'NONE',  ( 4.190999999999993619, 7.239000000000000767, -0.3810000000000025033 ) ) ;
#2125 = EDGE_CURVE ( 'NONE', #2, #2515, #7253, .T. ) ;
#2126 = ORIENTED_EDGE ( 'NONE', *, *, #5569, .T. ) ;
#2127 = SURFACE_STYLE_FILL_AREA ( #2004 ) ;
#2128 = EDGE_LOOP ( 'NONE', ( #6797, #389, #8539, #11437, #8733, #12426, #5461, #10913 ) ) ;
#2129 = AXIS2_PLACEMENT_3D ( 'NONE', #2621, #10759, #11543 ) ;
#2130 = EDGE_CURVE ( 'NONE', #4698, #10191, #9256, .T. ) ;
#2131 = VERTEX_POINT ( 'NONE', #8406 ) ;
#2132 = DIRECTION ( 'NONE',  ( -1.000000000000000000, -0.000000000000000000, -0.000000000000000000 ) ) ;
#2133 = DIRECTION ( 'NONE',  ( 0.000000000000000000, 2.548365665731588345E-16, -1.000000000000000000 ) ) ;
#2134 = VECTOR ( 'NONE', #8689, 1000.000000000000000 ) ;
#2135 = DIRECTION ( 'NONE',  ( 0.000000000000000000, 1.440069553722777130E-16, -1.000000000000000000 ) ) ;
#2136 = DIRECTION ( 'NONE',  ( 0.000000000000000000, 0.000000000000000000, 1.000000000000000000 ) ) ;
#2137 = ORIENTED_EDGE ( 'NONE', *, *, #4937, .F. ) ;
#2138 = MANIFOLD_SOLID_BREP ( 'LPattern1[20]', #791 ) ;
#2139 = CARTESIAN_POINT ( 'NONE',  ( 4.190999999999993619, 7.239000000000000767, 0.3809999999999962861 ) ) ;
#2140 = EDGE_CURVE ( 'NONE', #5135, #2918, #1367, .T. ) ;
#2141 = FACE_OUTER_BOUND ( 'NONE', #2722, .T. ) ;
#2142 = ORIENTED_EDGE ( 'NONE', *, *, #2256, .T. ) ;
#2143 = ADVANCED_FACE ( 'NONE', ( #1295 ), #10152, .F. ) ;
#2144 = CARTESIAN_POINT ( 'NONE',  ( 26.28900000000000148, 7.239000000000000767, -0.3810000000000025033 ) ) ;
#2145 = ORIENTED_EDGE ( 'NONE', *, *, #720, .T. ) ;
#2146 = VERTEX_POINT ( 'NONE', #7194 ) ;
#2147 = VECTOR ( 'NONE', #8299, 1000.000000000000000 ) ;
#2148 = LINE ( 'NONE', #6138, #351 ) ;
#2149 = EDGE_CURVE ( 'NONE', #849, #4664, #12254, .T. ) ;
#2150 = CARTESIAN_POINT ( 'NONE',  ( 17.77999999999999758, 0.5080000000000000071, 0.7528818102449925664 ) ) ;
#2151 = EDGE_LOOP ( 'NONE', ( #8620, #11399, #12643, #149 ) ) ;
#2152 = VECTOR ( 'NONE', #3365, 1000.000000000000000 ) ;
#2153 = PLANE ( 'NONE',  #546 ) ;
#2154 = ORIENTED_EDGE ( 'NONE', *, *, #7271, .F. ) ;
#2155 = EDGE_CURVE ( 'NONE', #8113, #9933, #7306, .T. ) ;
#2156 = VECTOR ( 'NONE', #3549, 1000.000000000000000 ) ;
#2157 = CARTESIAN_POINT ( 'NONE',  ( 0.8889999999999974589, 8.064500000000000668, -0.3810000000000023368 ) ) ;
#2158 = CARTESIAN_POINT ( 'NONE',  ( -16.12900000000000489, 8.064500000000000668, 0.3809999999999962861 ) ) ;
#2159 = LINE ( 'NONE', #6150, #8428 ) ;
#2160 = FACE_OUTER_BOUND ( 'NONE', #9083, .T. ) ;
#2161 = DIRECTION ( 'NONE',  ( 0.000000000000000000, -5.054934237236841843E-31, -1.000000000000000000 ) ) ;
#2162 = DIRECTION ( 'NONE',  ( 0.000000000000000000, 0.000000000000000000, -1.000000000000000000 ) ) ;
#2163 = ORIENTED_EDGE ( 'NONE', *, *, #3313, .T. ) ;
#2164 = FACE_OUTER_BOUND ( 'NONE', #11779, .T. ) ;
#2165 = PLANE ( 'NONE',  #8371 ) ;
#2166 = FACE_OUTER_BOUND ( 'NONE', #5474, .T. ) ;
#2167 = ORIENTED_EDGE ( 'NONE', *, *, #9143, .F. ) ;
#2168 = PLANE ( 'NONE',  #579 ) ;
#2169 = VECTOR ( 'NONE', #12198, 1000.000000000000000 ) ;
#2170 = VECTOR ( 'NONE', #3486, 1000.000000000000000 ) ;
#2171 = VECTOR ( 'NONE', #705, 1000.000000000000000 ) ;
#2172 = CARTESIAN_POINT ( 'NONE',  ( 20.31999999999999673, 2.177422008883992879E-16, -0.8890000000000013447 ) ) ;
#2173 = VECTOR ( 'NONE', #3675, 1000.000000000000000 ) ;
#2174 = DIRECTION ( 'NONE',  ( -0.000000000000000000, -0.7071067811865482389, -0.7071067811865469066 ) ) ;
#2175 = FACE_OUTER_BOUND ( 'NONE', #6051, .T. ) ;
#2176 = ORIENTED_EDGE ( 'NONE', *, *, #2640, .F. ) ;
#2177 = EDGE_CURVE ( 'NONE', #1602, #12839, #11265, .T. ) ;
#2178 = LINE ( 'NONE', #9934, #11061 ) ;
#2179 = ORIENTED_EDGE ( 'NONE', *, *, #11145, .F. ) ;
#2180 = VECTOR ( 'NONE', #6655, 1000.000000000000000 ) ;
#2181 = CARTESIAN_POINT ( 'NONE',  ( 19.43099999999999739, 8.064500000000000668, 0.3809999999999964526 ) ) ;
#2182 = PRESENTATION_LAYER_ASSIGNMENT (  '', '', ( #9472 ) ) ;
#2183 = DIRECTION ( 'NONE',  ( 0.000000000000000000, 5.054934237236841843E-31, 1.000000000000000000 ) ) ;
#2184 = CARTESIAN_POINT ( 'NONE',  ( -2.540000000000004032, 0.000000000000000000, 1.269999999999998908 ) ) ;
#2185 = CARTESIAN_POINT ( 'NONE',  ( -15.24000000000000554, -1.925929944387235853E-31, 0.8889999999999991243 ) ) ;
#2186 = LINE ( 'NONE', #3351, #7849 ) ;
#2187 = DIRECTION ( 'NONE',  ( -1.000000000000000000, -0.000000000000000000, -0.000000000000000000 ) ) ;
#2188 = VERTEX_POINT ( 'NONE', #9379 ) ;
#2189 = ADVANCED_FACE ( 'NONE', ( #3381 ), #7368, .F. ) ;
#2190 = CARTESIAN_POINT ( 'NONE',  ( 15.23999999999999666, 8.509000000000000341, -1.270000000000001128 ) ) ;
#2191 =( LENGTH_UNIT ( ) NAMED_UNIT ( * ) SI_UNIT ( .MILLI., .METRE. ) );
#2192 = VECTOR ( 'NONE', #12584, 1000.000000000000000 ) ;
#2193 = ORIENTED_EDGE ( 'NONE', *, *, #807, .F. ) ;
#2194 = MANIFOLD_SOLID_BREP ( 'LPattern1[5]', #6445 ) ;
#2195 = VECTOR ( 'NONE', #2994, 1000.000000000000000 ) ;
#2196 = PLANE ( 'NONE',  #4035 ) ;
#2197 = CONTEXT_DEPENDENT_SHAPE_REPRESENTATION ( #11650, #7862 ) ;
#2198 = ORIENTED_EDGE ( 'NONE', *, *, #264, .T. ) ;
#2199 = EDGE_CURVE ( 'NONE', #6690, #4241, #11330, .T. ) ;
#2200 = CARTESIAN_POINT ( 'NONE',  ( 0.8889999999999974589, 8.064500000000000668, 0.3809999999999964526 ) ) ;
#2201 = FACE_OUTER_BOUND ( 'NONE', #4777, .T. ) ;
#2202 = LINE ( 'NONE', #243, #2423 ) ;
#2203 = ORIENTED_EDGE ( 'NONE', *, *, #566, .T. ) ;
#2204 = AXIS2_PLACEMENT_3D ( 'NONE', #10483, #7567, #11538 ) ;
#2205 = DIRECTION ( 'NONE',  ( 0.000000000000000000, 5.054934237236841843E-31, 1.000000000000000000 ) ) ;
#2206 = EDGE_LOOP ( 'NONE', ( #4194, #2620, #4879, #3608 ) ) ;
#2207 = AXIS2_PLACEMENT_3D ( 'NONE', #2982, #6044, #9953 ) ;
#2208 = ORIENTED_EDGE ( 'NONE', *, *, #5788, .T. ) ;
#2209 = CARTESIAN_POINT ( 'NONE',  ( -22.86000000000000654, -1.925929944387235853E-31, 0.8889999999999991243 ) ) ;
#2210 = DIRECTION ( 'NONE',  ( -0.000000000000000000, 0.000000000000000000, -1.000000000000000000 ) ) ;
#2211 = AXIS2_PLACEMENT_3D ( 'NONE', #12753, #6776, #1548 ) ;
#2212 = SURFACE_STYLE_FILL_AREA ( #2272 ) ;
#2213 = EDGE_CURVE ( 'NONE', #2437, #9185, #3456, .T. ) ;
#2214 = CARTESIAN_POINT ( 'NONE',  ( 14.35099999999999554, 7.239000000000000767, -0.3810000000000025033 ) ) ;
#2215 = ORIENTED_EDGE ( 'NONE', *, *, #11832, .F. ) ;
#2216 = SURFACE_STYLE_FILL_AREA ( #4368 ) ;
#2217 = ADVANCED_FACE ( 'NONE', ( #5734 ), #6658, .F. ) ;
#2218 = ORIENTED_EDGE ( 'NONE', *, *, #8050, .T. ) ;
#2219 = EDGE_LOOP ( 'NONE', ( #2073, #11091, #12463, #3867 ) ) ;
#2220 = AXIS2_PLACEMENT_3D ( 'NONE', #5054, #30, #10992 ) ;
#2221 = CARTESIAN_POINT ( 'NONE',  ( -12.70000000000000639, 0.000000000000000000, 1.269999999999998908 ) ) ;
#2222 = VERTEX_POINT ( 'NONE', #7628 ) ;
#2223 = EDGE_CURVE ( 'NONE', #3730, #6637, #6468, .T. ) ;
#2224 = ORIENTED_EDGE ( 'NONE', *, *, #2100, .T. ) ;
#2225 = ADVANCED_FACE ( 'NONE', ( #12575 ), #2610, .F. ) ;
#2226 = EDGE_CURVE ( 'NONE', #5009, #2281, #10411, .T. ) ;
#2227 = PLANE ( 'NONE',  #9265 ) ;
#2228 = ORIENTED_EDGE ( 'NONE', *, *, #9728, .T. ) ;
#2229 = EDGE_CURVE ( 'NONE', #3875, #1457, #8471, .T. ) ;
#2230 = CLOSED_SHELL ( 'NONE', ( #4305, #427, #4389, #5161, #5531, #6700, #4771, #12366, #3518, #5290, #6474, #9611, #6931, #4135, #6856, #5261, #9651, #973, #8834 ) ) ;
#2231 = CARTESIAN_POINT ( 'NONE',  ( 15.23999999999999666, 2.177422008883992879E-16, -0.8890000000000013447 ) ) ;
#2232 = CARTESIAN_POINT ( 'NONE',  ( -5.969000000000005635, 8.064500000000000668, 0.3809999999999962861 ) ) ;
#2233 = DIRECTION ( 'NONE',  ( -1.000000000000000000, 0.000000000000000000, 0.000000000000000000 ) ) ;
#2234 = CARTESIAN_POINT ( 'NONE',  ( -0.8890000000000043423, 7.239000000000000767, -0.3810000000000025033 ) ) ;
#2235 = FACE_OUTER_BOUND ( 'NONE', #10814, .T. ) ;
#2236 = CARTESIAN_POINT ( 'NONE',  ( -19.43100000000000449, 8.064500000000000668, 0.3809999999999962861 ) ) ;
#2237 = ADVANCED_FACE ( 'NONE', ( #9708 ), #9644, .F. ) ;
#2238 = ORIENTED_EDGE ( 'NONE', *, *, #12822, .T. ) ;
#2239 = DIRECTION ( 'NONE',  ( -0.000000000000000000, 0.000000000000000000, -1.000000000000000000 ) ) ;
#2240 = DIRECTION ( 'NONE',  ( -0.000000000000000000, 1.000000000000000000, 1.733406087350420004E-16 ) ) ;
#2241 = PLANE ( 'NONE',  #11540 ) ;
#2242 = VECTOR ( 'NONE', #6563, 1000.000000000000000 ) ;
#2243 = DIRECTION ( 'NONE',  ( 0.000000000000000000, 1.000000000000000000, 0.000000000000000000 ) ) ;
#2244 = CARTESIAN_POINT ( 'NONE',  ( -3.469446951953614189E-15, 8.509000000000000341, 1.270000000000001128 ) ) ;
#2245 = VERTEX_POINT ( 'NONE', #10474 ) ;
#2246 = PLANE ( 'NONE',  #4201 ) ;
#2247 = CARTESIAN_POINT ( 'NONE',  ( -25.40000000000000568, 8.509000000000000341, 1.270000000000001128 ) ) ;
#2248 = PLANE ( 'NONE',  #5309 ) ;
#2249 = DIRECTION ( 'NONE',  ( -1.000000000000000000, 0.000000000000000000, 0.000000000000000000 ) ) ;
#2250 = CARTESIAN_POINT ( 'NONE',  ( 15.23999999999999666, 0.5080000000000002292, -0.7528818102449945648 ) ) ;
#2251 = ORIENTED_EDGE ( 'NONE', *, *, #4590, .T. ) ;
#2252 = FACE_OUTER_BOUND ( 'NONE', #9215, .T. ) ;
#2253 = PLANE ( 'NONE',  #5043 ) ;
#2254 = EDGE_LOOP ( 'NONE', ( #976, #117, #342, #8258 ) ) ;
#2255 = CARTESIAN_POINT ( 'NONE',  ( -21.46300000000000807, 7.810500000000001108, 0.1269999999999965878 ) ) ;
#2256 = EDGE_CURVE ( 'NONE', #7326, #12592, #8664, .T. ) ;
#2257 = CARTESIAN_POINT ( 'NONE',  ( -20.32000000000000384, 3.110602869834277161E-16, -1.270000000000001128 ) ) ;
#2258 = ORIENTED_EDGE ( 'NONE', *, *, #10672, .T. ) ;
#2259 = CARTESIAN_POINT ( 'NONE',  ( -6.223000000000006082, 7.810500000000000220, -0.1270000000000020557 ) ) ;
#2260 = VERTEX_POINT ( 'NONE', #5543 ) ;
#2261 = DIRECTION ( 'NONE',  ( 0.000000000000000000, 0.9659258262890700886, -0.2588190451025140781 ) ) ;
#2262 = DIRECTION ( 'NONE',  ( 0.000000000000000000, 0.000000000000000000, 1.000000000000000000 ) ) ;
#2263 = LINE ( 'NONE', #9236, #10744 ) ;
#2264 = ORIENTED_EDGE ( 'NONE', *, *, #1391, .T. ) ;
#2265 = PRESENTATION_STYLE_ASSIGNMENT (( #12368 ) ) ;
#2266 = VERTEX_POINT ( 'NONE', #9579 ) ;
#2267 = ADVANCED_FACE ( 'NONE', ( #7689 ), #593, .F. ) ;
#2268 = ORIENTED_EDGE ( 'NONE', *, *, #5652, .T. ) ;
#2269 = LINE ( 'NONE', #6121, #8808 ) ;
#2270 = EDGE_CURVE ( 'NONE', #8056, #5994, #2673, .T. ) ;
#2271 = CARTESIAN_POINT ( 'NONE',  ( 20.31999999999999673, -1.925929944387235853E-31, 0.8889999999999991243 ) ) ;
#2272 = FILL_AREA_STYLE ('',( #12649 ) ) ;
#2273 = LINE ( 'NONE', #1423, #1378 ) ;
#2274 = ORIENTED_EDGE ( 'NONE', *, *, #5144, .F. ) ;
#2275 = SURFACE_STYLE_USAGE ( .BOTH. , #197 ) ;
#2276 = EDGE_CURVE ( 'NONE', #5678, #7632, #12512, .T. ) ;
#2277 = EDGE_LOOP ( 'NONE', ( #4775, #1233, #5422, #10397, #11519, #9902, #2528, #2885 ) ) ;
#2278 = ORIENTED_EDGE ( 'NONE', *, *, #1737, .F. ) ;
#2279 = ORIENTED_EDGE ( 'NONE', *, *, #2794, .T. ) ;
#2280 = FACE_OUTER_BOUND ( 'NONE', #8632, .T. ) ;
#2281 = VERTEX_POINT ( 'NONE', #721 ) ;
#2282 = ORIENTED_EDGE ( 'NONE', *, *, #12615, .F. ) ;
#2283 = EDGE_CURVE ( 'NONE', #10647, #10665, #6716, .T. ) ;
#2284 = DIRECTION ( 'NONE',  ( 0.000000000000000000, -1.000000000000000000, 0.000000000000000000 ) ) ;
#2285 = VERTEX_POINT ( 'NONE', #12034 ) ;
#2286 = LINE ( 'NONE', #11276, #12738 ) ;
#2287 = DIRECTION ( 'NONE',  ( 0.7071067811865475727, -0.7071067811865475727, 0.000000000000000000 ) ) ;
#2288 = ORIENTED_EDGE ( 'NONE', *, *, #317, .F. ) ;
#2289 = LINE ( 'NONE', #3331, #3020 ) ;
#2290 = CARTESIAN_POINT ( 'NONE',  ( -22.86000000000000654, 0.5080000000000000071, 0.7528818102449925664 ) ) ;
#2291 = DIRECTION ( 'NONE',  ( -0.7071067811865475727, -0.7071067811865475727, 0.000000000000000000 ) ) ;
#2292 =( LENGTH_UNIT ( ) NAMED_UNIT ( * ) SI_UNIT ( .MILLI., .METRE. ) );
#2293 = EDGE_CURVE ( 'NONE', #9404, #6596, #9766, .T. ) ;
#2294 = EDGE_LOOP ( 'NONE', ( #10685, #9181, #10114, #8862 ) ) ;
#2295 = PLANE ( 'NONE',  #2674 ) ;
#2296 = FACE_OUTER_BOUND ( 'NONE', #719, .T. ) ;
#2297 = CARTESIAN_POINT ( 'NONE',  ( -1.651000000000003132, 8.064500000000000668, 0.3809999999999964526 ) ) ;
#2298 = CARTESIAN_POINT ( 'NONE',  ( 10.15999999999999481, 0.5080000000000000071, 0.7528818102449925664 ) ) ;
#2299 = CARTESIAN_POINT ( 'NONE',  ( -1.651000000000003132, 7.239000000000000767, 0.3809999999999962861 ) ) ;
#2300 = ADVANCED_FACE ( 'NONE', ( #11787 ), #12699, .F. ) ;
#2301 = CARTESIAN_POINT ( 'NONE',  ( -27.94000000000000483, 0.000000000000000000, 1.269999999999998908 ) ) ;
#2302 = MECHANICAL_DESIGN_GEOMETRIC_PRESENTATION_REPRESENTATION (  '', ( #12080 ), #7310 ) ;
#2303 = DIRECTION ( 'NONE',  ( -0.000000000000000000, 0.2588190451025140781, 0.9659258262890700886 ) ) ;
#2304 = ORIENTED_EDGE ( 'NONE', *, *, #6202, .T. ) ;
#2305 = DIRECTION ( 'NONE',  ( 0.000000000000000000, -0.9659258262890699775, -0.2588190451025145222 ) ) ;
#2306 = FACE_OUTER_BOUND ( 'NONE', #5387, .T. ) ;
#2307 = PLANE ( 'NONE',  #11326 ) ;
#2308 = DIRECTION ( 'NONE',  ( 1.000000000000000000, 0.000000000000000000, -0.000000000000000000 ) ) ;
#2309 = LINE ( 'NONE', #11429, #5084 ) ;
#2310 = EDGE_CURVE ( 'NONE', #1434, #12015, #3159, .T. ) ;
#2311 = PLANE ( 'NONE',  #3057 ) ;
#2312 = LINE ( 'NONE', #1401, #10439 ) ;
#2313 = VECTOR ( 'NONE', #8919, 1000.000000000000000 ) ;
#2314 = DIRECTION ( 'NONE',  ( 0.000000000000000000, 0.9659258262890700886, -0.2588190451025140781 ) ) ;
#2315 = AXIS2_PLACEMENT_3D ( 'NONE', #5942, #11142, #6995 ) ;
#2316 = ADVANCED_FACE ( 'NONE', ( #4205, #7819 ), #1269, .F. ) ;
#2317 = DIRECTION ( 'NONE',  ( 0.000000000000000000, 0.000000000000000000, 1.000000000000000000 ) ) ;
#2318 = ORIENTED_EDGE ( 'NONE', *, *, #10499, .F. ) ;
#2319 = FACE_BOUND ( 'NONE', #3428, .T. ) ;
#2320 = ITEM_DEFINED_TRANSFORMATION ( 'NONE', 'NONE', #12199,  #1564 ) ;
#2321 = ORIENTED_EDGE ( 'NONE', *, *, #2199, .T. ) ;
#2322 = PRESENTATION_LAYER_ASSIGNMENT (  '', '', ( #662 ) ) ;
#2323 = VECTOR ( 'NONE', #2123, 1000.000000000000000 ) ;
#2324 = LINE ( 'NONE', #10453, #12104 ) ;
#2325 = CARTESIAN_POINT ( 'NONE',  ( -25.40000000000000568, 8.509000000000000341, 1.270000000000001128 ) ) ;
#2326 = LINE ( 'NONE', #6315, #3050 ) ;
#2327 = EDGE_CURVE ( 'NONE', #7835, #12387, #1147, .T. ) ;
#2328 =( REPRESENTATION_RELATIONSHIP ('NONE','NONE', #7825, #3815 ) REPRESENTATION_RELATIONSHIP_WITH_TRANSFORMATION ( #9361 )SHAPE_REPRESENTATION_RELATIONSHIP( ) );
#2329 = ORIENTED_EDGE ( 'NONE', *, *, #3982, .F. ) ;
#2330 = DIRECTION ( 'NONE',  ( 0.000000000000000000, 0.000000000000000000, -1.000000000000000000 ) ) ;
#2331 = ORIENTED_EDGE ( 'NONE', *, *, #11304, .F. ) ;
#2332 = DIRECTION ( 'NONE',  ( 0.000000000000000000, 0.000000000000000000, 1.000000000000000000 ) ) ;
#2333 = VECTOR ( 'NONE', #9279, 1000.000000000000000 ) ;
#2334 = VECTOR ( 'NONE', #7988, 1000.000000000000000 ) ;
#2335 = ORIENTED_EDGE ( 'NONE', *, *, #2226, .T. ) ;
#2336 = DIRECTION ( 'NONE',  ( 1.000000000000000000, 0.000000000000000000, -0.000000000000000000 ) ) ;
#2337 = CARTESIAN_POINT ( 'NONE',  ( 10.15999999999999481, 0.000000000000000000, 0.000000000000000000 ) ) ;
#2338 = VECTOR ( 'NONE', #330, 1000.000000000000000 ) ;
#2339 = VECTOR ( 'NONE', #10969, 1000.000000000000000 ) ;
#2340 = VECTOR ( 'NONE', #2027, 1000.000000000000114 ) ;
#2341 = DIRECTION ( 'NONE',  ( 0.000000000000000000, -1.733406087350420004E-16, 1.000000000000000000 ) ) ;
#2342 = ORIENTED_EDGE ( 'NONE', *, *, #10462, .T. ) ;
#2343 = CARTESIAN_POINT ( 'NONE',  ( 20.31999999999999673, -1.925929944387235853E-31, 0.8889999999999991243 ) ) ;
#2344 = ORIENTED_EDGE ( 'NONE', *, *, #8447, .T. ) ;
#2345 = ORIENTED_EDGE ( 'NONE', *, *, #7570, .T. ) ;
#2346 = EDGE_CURVE ( 'NONE', #8762, #8038, #5853, .T. ) ;
#2347 = LINE ( 'NONE', #3265, #2596 ) ;
#2348 = ORIENTED_EDGE ( 'NONE', *, *, #10914, .T. ) ;
#2349 = VECTOR ( 'NONE', #2646, 1000.000000000000000 ) ;
#2350 = AXIS2_PLACEMENT_3D ( 'NONE', #10985, #4139, #10182 ) ;
#2351 = VERTEX_POINT ( 'NONE', #5193 ) ;
#2352 = ADVANCED_FACE ( 'NONE', ( #7162 ), #10187, .F. ) ;
#2353 = LINE ( 'NONE', #8535, #9477 ) ;
#2354 = ORIENTED_EDGE ( 'NONE', *, *, #11899, .F. ) ;
#2355 = LINE ( 'NONE', #9334, #681 ) ;
#2356 = LINE ( 'NONE', #7506, #10459 ) ;
#2357 = VERTEX_POINT ( 'NONE', #3762 ) ;
#2358 = DIRECTION ( 'NONE',  ( 1.000000000000000000, 0.000000000000000000, 0.000000000000000000 ) ) ;
#2359 = DIRECTION ( 'NONE',  ( -1.000000000000000000, 0.000000000000000000, 0.000000000000000000 ) ) ;
#2360 = AXIS2_PLACEMENT_3D ( 'NONE', #3013, #3989, #10225 ) ;
#2361 = PLANE ( 'NONE',  #8282 ) ;
#2362 = ORIENTED_EDGE ( 'NONE', *, *, #3071, .F. ) ;
#2363 = PLANE ( 'NONE',  #12333 ) ;
#2364 = FACE_BOUND ( 'NONE', #7418, .T. ) ;
#2365 = AXIS2_PLACEMENT_3D ( 'NONE', #6764, #11893, #7797 ) ;
#2366 = EDGE_LOOP ( 'NONE', ( #8066, #2137, #2751, #2652 ) ) ;
#2367 = DIRECTION ( 'NONE',  ( 0.000000000000000000, -5.054934237236841843E-31, -1.000000000000000000 ) ) ;
#2368 = VECTOR ( 'NONE', #1339, 1000.000000000000000 ) ;
#2369 = CARTESIAN_POINT ( 'NONE',  ( -5.080000000000004512, 3.110602869834277161E-16, -1.270000000000001128 ) ) ;
#2370 = EDGE_LOOP ( 'NONE', ( #5930, #4307, #4801, #10524 ) ) ;
#2371 = DIRECTION ( 'NONE',  ( -1.000000000000000000, -0.000000000000000000, -0.000000000000000000 ) ) ;
#2372 = LINE ( 'NONE', #9350, #4050 ) ;
#2373 = DIRECTION ( 'NONE',  ( -0.000000000000000000, 0.000000000000000000, -1.000000000000000000 ) ) ;
#2374 = CARTESIAN_POINT ( 'NONE',  ( -2.540000000000004032, 8.509000000000000341, -1.270000000000001128 ) ) ;
#2375 = ADVANCED_FACE ( 'NONE', ( #3832 ), #2863, .F. ) ;
#2376 = CARTESIAN_POINT ( 'NONE',  ( -10.16000000000000547, 8.509000000000000341, -1.270000000000001128 ) ) ;
#2377 = CARTESIAN_POINT ( 'NONE',  ( -27.94000000000000483, 8.509000000000000341, -1.270000000000001128 ) ) ;
#2378 = ORIENTED_EDGE ( 'NONE', *, *, #10405, .T. ) ;
#2379 = VECTOR ( 'NONE', #1601, 1000.000000000000000 ) ;
#2380 = CARTESIAN_POINT ( 'NONE',  ( -15.24000000000000554, 8.509000000000000341, 1.270000000000001128 ) ) ;
#2381 = ORIENTED_EDGE ( 'NONE', *, *, #10735, .T. ) ;
#2382 = ADVANCED_FACE ( 'NONE', ( #100 ), #4081, .F. ) ;
#2383 = CARTESIAN_POINT ( 'NONE',  ( 12.69999999999999574, 0.5080000000000000071, 0.7528818102449925664 ) ) ;
#2384 = EDGE_CURVE ( 'NONE', #3974, #2737, #11717, .T. ) ;
#2385 = EDGE_LOOP ( 'NONE', ( #260, #8799, #4446, #12237 ) ) ;
#2386 = VECTOR ( 'NONE', #3386, 1000.000000000000000 ) ;
#2387 = AXIS2_PLACEMENT_3D ( 'NONE', #6296, #7402, #1326 ) ;
#2388 = EDGE_CURVE ( 'NONE', #2515, #8163, #6175, .T. ) ;
#2389 = CARTESIAN_POINT ( 'NONE',  ( 15.23999999999999666, 8.509000000000000341, 0.8254999999999981242 ) ) ;
#2390 = VECTOR ( 'NONE', #12789, 1000.000000000000000 ) ;
#2391 = LINE ( 'NONE', #8024, #8168 ) ;
#2392 = CARTESIAN_POINT ( 'NONE',  ( 14.35099999999999554, 7.239000000000000767, 0.3809999999999962861 ) ) ;
#2393 = DIRECTION ( 'NONE',  ( -1.000000000000000000, -0.000000000000000000, -0.000000000000000000 ) ) ;
#2394 = EDGE_LOOP ( 'NONE', ( #7139, #7427, #11293, #7398 ) ) ;
#2395 = FILL_AREA_STYLE_COLOUR ( '', #6263 ) ;
#2396 = ORIENTED_EDGE ( 'NONE', *, *, #4953, .F. ) ;
#2397 = EDGE_CURVE ( 'NONE', #2357, #6880, #8065, .T. ) ;
#2398 = PLANE ( 'NONE',  #6783 ) ;
#2399 = STYLED_ITEM ( 'NONE', ( #3766 ), #1783 ) ;
#2400 = VECTOR ( 'NONE', #12082, 1000.000000000000000 ) ;
#2401 = UNCERTAINTY_MEASURE_WITH_UNIT (LENGTH_MEASURE( 1.000000000000000082E-05 ), #11118, 'distance_accuracy_value', 'NONE');
#2402 = VECTOR ( 'NONE', #914, 1000.000000000000000 ) ;
#2403 = VECTOR ( 'NONE', #9967, 1000.000000000000000 ) ;
#2404 = ORIENTED_EDGE ( 'NONE', *, *, #1852, .T. ) ;
#2405 = CARTESIAN_POINT ( 'NONE',  ( -9.715500000000005798, 8.509000000000000341, 0.8254999999999981242 ) ) ;
#2406 =( NAMED_UNIT ( * ) SI_UNIT ( $, .STERADIAN. ) SOLID_ANGLE_UNIT ( ) );
#2407 = DIRECTION ( 'NONE',  ( -1.000000000000000000, 0.000000000000000000, 0.000000000000000000 ) ) ;
#2408 = VECTOR ( 'NONE', #67, 1000.000000000000000 ) ;
#2409 = VECTOR ( 'NONE', #7046, 1000.000000000000000 ) ;
#2410 = VECTOR ( 'NONE', #7298, 1000.000000000000000 ) ;
#2411 = CARTESIAN_POINT ( 'NONE',  ( -5.969000000000005635, 7.239000000000000767, -0.3810000000000025033 ) ) ;
#2412 = ORIENTED_EDGE ( 'NONE', *, *, #6791, .F. ) ;
#2413 = FILL_AREA_STYLE_COLOUR ( '', #3652 ) ;
#2414 = ORIENTED_EDGE ( 'NONE', *, *, #5880, .T. ) ;
#2415 = VERTEX_POINT ( 'NONE', #170 ) ;
#2416 = CARTESIAN_POINT ( 'NONE',  ( 7.619999999999994778, 8.509000000000000341, 0.8254999999999981242 ) ) ;
#2417 = ADVANCED_FACE ( 'NONE', ( #11113 ), #9099, .F. ) ;
#2418 = ORIENTED_EDGE ( 'NONE', *, *, #1792, .F. ) ;
#2419 = EDGE_CURVE ( 'NONE', #5323, #903, #8181, .T. ) ;
#2420 = ADVANCED_FACE ( 'NONE', ( #7228 ), #2253, .F. ) ;
#2421 = PRODUCT_DEFINITION_SHAPE ( 'NONE', 'NONE',  #12895 ) ;
#2422 = EDGE_LOOP ( 'NONE', ( #2682, #10025, #696, #8527 ) ) ;
#2423 = VECTOR ( 'NONE', #5267, 1000.000000000000000 ) ;
#2424 = CARTESIAN_POINT ( 'NONE',  ( 15.23999999999999666, 0.000000000000000000, 0.000000000000000000 ) ) ;
#2425 = ORIENTED_EDGE ( 'NONE', *, *, #8094, .F. ) ;
#2426 = CARTESIAN_POINT ( 'NONE',  ( -24.95550000000000423, 8.509000000000000341, -0.8255000000000036753 ) ) ;
#2427 = LINE ( 'NONE', #7383, #6954 ) ;
#2428 = ORIENTED_EDGE ( 'NONE', *, *, #12439, .F. ) ;
#2429 = DIRECTION ( 'NONE',  ( -0.5773502691896252870, -0.5773502691896251759, -0.5773502691896267303 ) ) ;
#2430 = DIRECTION ( 'NONE',  ( 0.7071067811865475727, -0.7071067811865475727, 0.000000000000000000 ) ) ;
#2431 = CARTESIAN_POINT ( 'NONE',  ( 21.97099999999999653, 8.064500000000000668, 0.3809999999999962861 ) ) ;
#2432 = ORIENTED_EDGE ( 'NONE', *, *, #5569, .F. ) ;
#2433 = DIRECTION ( 'NONE',  ( 0.000000000000000000, 0.000000000000000000, -1.000000000000000000 ) ) ;
#2434 = DIRECTION ( 'NONE',  ( 0.000000000000000000, 1.440069553722777130E-16, -1.000000000000000000 ) ) ;
#2435 = EDGE_CURVE ( 'NONE', #12048, #356, #1522, .T. ) ;
#2436 = DIRECTION ( 'NONE',  ( 0.000000000000000000, 1.000000000000000000, -5.054934237236841843E-31 ) ) ;
#2437 = VERTEX_POINT ( 'NONE', #2377 ) ;
#2438 = DIRECTION ( 'NONE',  ( 0.000000000000000000, -1.000000000000000000, 0.000000000000000000 ) ) ;
#2439 = VECTOR ( 'NONE', #1910, 1000.000000000000114 ) ;
#2440 = CARTESIAN_POINT ( 'NONE',  ( 25.39999999999999858, 8.509000000000000341, -1.270000000000001128 ) ) ;
#2441 = ORIENTED_EDGE ( 'NONE', *, *, #3426, .F. ) ;
#2442 = VECTOR ( 'NONE', #2161, 1000.000000000000000 ) ;
#2443 = FACE_OUTER_BOUND ( 'NONE', #9962, .T. ) ;
#2444 = CARTESIAN_POINT ( 'NONE',  ( -20.32000000000000384, 3.110602869834277161E-16, -1.270000000000001128 ) ) ;
#2445 = CARTESIAN_POINT ( 'NONE',  ( -10.16000000000000547, 8.509000000000000341, 1.270000000000001128 ) ) ;
#2446 = CARTESIAN_POINT ( 'NONE',  ( 20.31999999999999673, 8.509000000000000341, -1.270000000000001128 ) ) ;
#2447 = ORIENTED_EDGE ( 'NONE', *, *, #2633, .F. ) ;
#2448 = CARTESIAN_POINT ( 'NONE',  ( 6.730999999999993655, 8.064500000000000668, 0.3809999999999962861 ) ) ;
#2449 = CARTESIAN_POINT ( 'NONE',  ( -4.191000000000003389, 7.239000000000000767, -0.3810000000000025033 ) ) ;
#2450 = ORIENTED_EDGE ( 'NONE', *, *, #8672, .F. ) ;
#2451 = CARTESIAN_POINT ( 'NONE',  ( -1.651000000000003132, 8.064500000000000668, 0.3809999999999962861 ) ) ;
#2452 = VECTOR ( 'NONE', #404, 1000.000000000000000 ) ;
#2453 = CARTESIAN_POINT ( 'NONE',  ( 25.39999999999999858, 0.000000000000000000, 1.269999999999998908 ) ) ;
#2454 = VERTEX_POINT ( 'NONE', #6565 ) ;
#2455 = LINE ( 'NONE', #572, #4676 ) ;
#2456 = EDGE_CURVE ( 'NONE', #8332, #2188, #295, .T. ) ;
#2457 = ORIENTED_EDGE ( 'NONE', *, *, #7129, .T. ) ;
#2458 = CLOSED_SHELL ( 'NONE', ( #12742, #11382, #1303, #10545, #3564, #9423, #8519, #2565, #6848, #12246, #9113, #10583, #8580, #2225, #7446, #2699, #476, #10421, #2420 ) ) ;
#2459 = CARTESIAN_POINT ( 'NONE',  ( 6.730999999999993655, 7.239000000000000767, -0.3810000000000025033 ) ) ;
#2460 = EDGE_CURVE ( 'NONE', #2807, #1872, #3296, .T. ) ;
#2461 = ORIENTED_EDGE ( 'NONE', *, *, #6936, .F. ) ;
#2462 = CARTESIAN_POINT ( 'NONE',  ( -5.080000000000004512, 0.000000000000000000, 1.269999999999998908 ) ) ;
#2463 = VECTOR ( 'NONE', #1316, 1000.000000000000000 ) ;
#2464 = LINE ( 'NONE', #7481, #9208 ) ;
#2465 = CARTESIAN_POINT ( 'NONE',  ( 27.94000000000000128, 0.000000000000000000, 1.269999999999998908 ) ) ;
#2466 = DIRECTION ( 'NONE',  ( 0.000000000000000000, -1.440069553722777130E-16, 1.000000000000000000 ) ) ;
#2467 = ORIENTED_EDGE ( 'NONE', *, *, #1432, .F. ) ;
#2468 = CARTESIAN_POINT ( 'NONE',  ( 2.539999999999996927, -1.925929944387235853E-31, 0.8889999999999991243 ) ) ;
#2469 = ORIENTED_EDGE ( 'NONE', *, *, #10054, .T. ) ;
#2470 = CARTESIAN_POINT ( 'NONE',  ( -15.24000000000000554, 3.110602869834277161E-16, -1.270000000000001128 ) ) ;
#2471 = EDGE_CURVE ( 'NONE', #4658, #11272, #10518, .T. ) ;
#2472 = EDGE_CURVE ( 'NONE', #9171, #7312, #2312, .T. ) ;
#2473 = ORIENTED_EDGE ( 'NONE', *, *, #10198, .F. ) ;
#2474 = ADVANCED_FACE ( 'NONE', ( #3491, #563 ), #5253, .F. ) ;
#2475 = CARTESIAN_POINT ( 'NONE',  ( -5.969000000000005635, 8.064500000000000668, -0.3810000000000023368 ) ) ;
#2476 = DIRECTION ( 'NONE',  ( 0.000000000000000000, -1.733406087350420004E-16, 1.000000000000000000 ) ) ;
#2477 = DIRECTION ( 'NONE',  ( -1.000000000000000000, -0.000000000000000000, -0.000000000000000000 ) ) ;
#2478 = ORIENTED_EDGE ( 'NONE', *, *, #11107, .F. ) ;
#2479 = CARTESIAN_POINT ( 'NONE',  ( 12.69999999999999574, 8.509000000000000341, 1.270000000000001128 ) ) ;
#2480 = ORIENTED_EDGE ( 'NONE', *, *, #229, .F. ) ;
#2481 = VERTEX_POINT ( 'NONE', #10445 ) ;
#2482 = CARTESIAN_POINT ( 'NONE',  ( 5.968999999999994976, 8.064500000000000668, 0.3809999999999962861 ) ) ;
#2483 = ORIENTED_EDGE ( 'NONE', *, *, #12815, .F. ) ;
#2484 = ORIENTED_EDGE ( 'NONE', *, *, #1731, .F. ) ;
#2485 = CARTESIAN_POINT ( 'NONE',  ( 3.428999999999994497, 7.239000000000000767, -0.3810000000000025033 ) ) ;
#2486 = ORIENTED_EDGE ( 'NONE', *, *, #5902, .F. ) ;
#2487 = DIRECTION ( 'NONE',  ( 0.000000000000000000, 0.000000000000000000, 1.000000000000000000 ) ) ;
#2488 = LINE ( 'NONE', #3394, #4026 ) ;
#2489 = ORIENTED_EDGE ( 'NONE', *, *, #6858, .F. ) ;
#2490 = LINE ( 'NONE', #10365, #11183 ) ;
#2491 = CARTESIAN_POINT ( 'NONE',  ( -24.25700000000000500, 7.810500000000000220, -0.1270000000000020557 ) ) ;
#2492 = ADVANCED_FACE ( 'NONE', ( #1456 ), #9415, .F. ) ;
#2493 = ORIENTED_EDGE ( 'NONE', *, *, #12475, .F. ) ;
#2494 = FACE_OUTER_BOUND ( 'NONE', #4020, .T. ) ;
#2495 = CARTESIAN_POINT ( 'NONE',  ( -18.66900000000000404, 7.239000000000000767, 0.3809999999999962861 ) ) ;
#2496 = LINE ( 'NONE', #6551, #1310 ) ;
#2497 = VERTEX_POINT ( 'NONE', #9355 ) ;
#2498 = CARTESIAN_POINT ( 'NONE',  ( 8.508999999999995012, 8.064500000000000668, -0.3810000000000023368 ) ) ;
#2499 = EDGE_CURVE ( 'NONE', #186, #2437, #4342, .T. ) ;
#2500 = DIRECTION ( 'NONE',  ( 0.5773502691896253980, 0.5773502691896253980, -0.5773502691896265082 ) ) ;
#2501 = PRESENTATION_STYLE_ASSIGNMENT (( #8245 ) ) ;
#2502 = DIRECTION ( 'NONE',  ( 0.000000000000000000, 0.9659258262890699775, 0.2588190451025145222 ) ) ;
#2503 = VERTEX_POINT ( 'NONE', #6440 ) ;
#2504 = LINE ( 'NONE', #1395, #6319 ) ;
#2505 = LINE ( 'NONE', #4271, #10282 ) ;
#2506 = CARTESIAN_POINT ( 'NONE',  ( 28.19400000000000617, 8.509000000000000341, 1.270000000000001128 ) ) ;
#2507 = PLANE ( 'NONE',  #11744 ) ;
#2508 = DIRECTION ( 'NONE',  ( 0.000000000000000000, 0.000000000000000000, -1.000000000000000000 ) ) ;
#2509 = CARTESIAN_POINT ( 'NONE',  ( -27.94000000000000483, 8.509000000000000341, 1.270000000000001128 ) ) ;
#2510 = ORIENTED_EDGE ( 'NONE', *, *, #7106, .F. ) ;
#2511 = CARTESIAN_POINT ( 'NONE',  ( -12.25550000000000672, 8.509000000000000341, -1.270000000000001128 ) ) ;
#2512 = AXIS2_PLACEMENT_3D ( 'NONE', #1223, #12109, #2205 ) ;
#2513 = EDGE_CURVE ( 'NONE', #7577, #7326, #7526, .T. ) ;
#2514 = PLANE ( 'NONE',  #10285 ) ;
#2515 = VERTEX_POINT ( 'NONE', #1331 ) ;
#2516 = PLANE ( 'NONE',  #6967 ) ;
#2517 = ORIENTED_EDGE ( 'NONE', *, *, #10981, .F. ) ;
#2518 = DIRECTION ( 'NONE',  ( 1.000000000000000000, 0.000000000000000000, 0.000000000000000000 ) ) ;
#2519 = EDGE_CURVE ( 'NONE', #7203, #9372, #10251, .T. ) ;
#2520 = ORIENTED_EDGE ( 'NONE', *, *, #8745, .F. ) ;
#2521 = DIRECTION ( 'NONE',  ( 1.000000000000000000, 0.000000000000000000, 0.000000000000000000 ) ) ;
#2522 = DIRECTION ( 'NONE',  ( 1.000000000000000000, 0.000000000000000000, 0.000000000000000000 ) ) ;
#2523 = DIRECTION ( 'NONE',  ( -1.000000000000000000, -0.000000000000000000, -0.000000000000000000 ) ) ;
#2524 = LINE ( 'NONE', #3439, #11311 ) ;
#2525 = VECTOR ( 'NONE', #8796, 1000.000000000000000 ) ;
#2526 = ORIENTED_EDGE ( 'NONE', *, *, #12091, .F. ) ;
#2527 = LINE ( 'NONE', #7485, #8960 ) ;
#2528 = ORIENTED_EDGE ( 'NONE', *, *, #10910, .F. ) ;
#2529 = CARTESIAN_POINT ( 'NONE',  ( -28.19400000000000617, 8.509000000000000341, 1.270000000000001128 ) ) ;
#2530 = UNCERTAINTY_MEASURE_WITH_UNIT (LENGTH_MEASURE( 1.000000000000000082E-05 ), #4438, 'distance_accuracy_value', 'NONE');
#2531 = VERTEX_POINT ( 'NONE', #8443 ) ;
#2532 =( GEOMETRIC_REPRESENTATION_CONTEXT ( 3 ) GLOBAL_UNCERTAINTY_ASSIGNED_CONTEXT ( ( #6928 ) ) GLOBAL_UNIT_ASSIGNED_CONTEXT ( ( #7213, #3283, #5109 ) ) REPRESENTATION_CONTEXT ( 'NONE', 'WORKASPACE' ) );
#2533 = VECTOR ( 'NONE', #6385, 1000.000000000000000 ) ;
#2534 = LINE ( 'NONE', #9373, #9234 ) ;
#2535 =( LENGTH_UNIT ( ) NAMED_UNIT ( * ) SI_UNIT ( .MILLI., .METRE. ) );
#2536 = ORIENTED_EDGE ( 'NONE', *, *, #85, .F. ) ;
#2537 = CARTESIAN_POINT ( 'NONE',  ( 11.04899999999999594, 8.064500000000000668, -0.3810000000000023368 ) ) ;
#2538 = EDGE_CURVE ( 'NONE', #7484, #9684, #8319, .T. ) ;
#2539 = DIRECTION ( 'NONE',  ( 1.000000000000000000, 0.000000000000000000, -0.000000000000000000 ) ) ;
#2540 = EDGE_LOOP ( 'NONE', ( #9224, #1376, #8290, #5470 ) ) ;
#2541 = DIRECTION ( 'NONE',  ( 0.000000000000000000, 1.000000000000000000, 1.733406087350420004E-16 ) ) ;
#2542 = VECTOR ( 'NONE', #11438, 1000.000000000000000 ) ;
#2543 = ADVANCED_FACE ( 'NONE', ( #3352 ), #5381, .T. ) ;
#2544 = ORIENTED_EDGE ( 'NONE', *, *, #2099, .T. ) ;
#2545 = SURFACE_STYLE_FILL_AREA ( #6720 ) ;
#2546 = ORIENTED_EDGE ( 'NONE', *, *, #10774, .T. ) ;
#2547 = VERTEX_POINT ( 'NONE', #8378 ) ;
#2548 = AXIS2_PLACEMENT_3D ( 'NONE', #5940, #3064, #4036 ) ;
#2549 = CARTESIAN_POINT ( 'NONE',  ( -20.32000000000000384, 2.177422008883992879E-16, -0.8890000000000013447 ) ) ;
#2550 = ORIENTED_EDGE ( 'NONE', *, *, #8129, .F. ) ;
#2551 = EDGE_CURVE ( 'NONE', #10917, #3778, #5436, .T. ) ;
#2552 = ADVANCED_FACE ( 'NONE', ( #12417 ), #4541, .F. ) ;
#2553 = CARTESIAN_POINT ( 'NONE',  ( -10.16000000000000547, 8.509000000000000341, -0.8255000000000036753 ) ) ;
#2554 = DIRECTION ( 'NONE',  ( 0.000000000000000000, -0.9659258262890699775, -0.2588190451025145222 ) ) ;
#2555 = ORIENTED_EDGE ( 'NONE', *, *, #2125, .F. ) ;
#2556 = CARTESIAN_POINT ( 'NONE',  ( -10.16000000000000547, 0.000000000000000000, 1.269999999999998908 ) ) ;
#2557 = DIRECTION ( 'NONE',  ( -1.000000000000000000, -0.000000000000000000, -0.000000000000000000 ) ) ;
#2558 = ADVANCED_FACE ( 'NONE', ( #2575 ), #9223, .F. ) ;
#2559 = VERTEX_POINT ( 'NONE', #7857 ) ;
#2560 = CARTESIAN_POINT ( 'NONE',  ( -15.24000000000000554, 0.5080000000000000071, 0.7528818102449925664 ) ) ;
#2561 = DIRECTION ( 'NONE',  ( 0.000000000000000000, 0.000000000000000000, -1.000000000000000000 ) ) ;
#2562 = AXIS2_PLACEMENT_3D ( 'NONE', #12411, #1586, #619 ) ;
#2563 = DIRECTION ( 'NONE',  ( 0.000000000000000000, 1.000000000000000000, -5.054934237236841843E-31 ) ) ;
#2564 = CARTESIAN_POINT ( 'NONE',  ( 28.19400000000000617, 3.110602869834277161E-16, -1.270000000000001128 ) ) ;
#2565 = ADVANCED_FACE ( 'NONE', ( #4603 ), #4793, .F. ) ;
#2566 = PLANE ( 'NONE',  #4496 ) ;
#2567 = ORIENTED_EDGE ( 'NONE', *, *, #3971, .F. ) ;
#2568 = VECTOR ( 'NONE', #2132, 1000.000000000000000 ) ;
#2569 = CARTESIAN_POINT ( 'NONE',  ( 2.984499999999993936, 8.509000000000000341, -0.8255000000000036753 ) ) ;
#2570 = LINE ( 'NONE', #7336, #1302 ) ;
#2571 = LINE ( 'NONE', #12412, #6130 ) ;
#2572 = LINE ( 'NONE', #3487, #2969 ) ;
#2573 = DIRECTION ( 'NONE',  ( 0.000000000000000000, 1.440069553722777130E-16, -1.000000000000000000 ) ) ;
#2574 = CARTESIAN_POINT ( 'NONE',  ( -28.19400000000000617, 0.000000000000000000, 1.269999999999998908 ) ) ;
#2575 = FACE_OUTER_BOUND ( 'NONE', #12304, .T. ) ;
#2576 = EDGE_LOOP ( 'NONE', ( #4883, #12277, #1790, #11862 ) ) ;
#2577 = DIRECTION ( 'NONE',  ( -1.000000000000000000, -0.000000000000000000, -0.000000000000000000 ) ) ;
#2578 = VECTOR ( 'NONE', #11436, 1000.000000000000000 ) ;
#2579 = EDGE_LOOP ( 'NONE', ( #5413, #898, #12234, #313 ) ) ;
#2580 = ADVANCED_FACE ( 'NONE', ( #6876 ), #8751, .F. ) ;
#2581 = DIRECTION ( 'NONE',  ( -1.000000000000000000, 0.000000000000000000, 0.000000000000000000 ) ) ;
#2582 = ORIENTED_EDGE ( 'NONE', *, *, #244, .F. ) ;
#2583 = VECTOR ( 'NONE', #8374, 1000.000000000000000 ) ;
#2584 = CARTESIAN_POINT ( 'NONE',  ( -20.32000000000000384, 0.5080000000000000071, 0.7528818102449925664 ) ) ;
#2585 = VERTEX_POINT ( 'NONE', #2707 ) ;
#2586 = LINE ( 'NONE', #5392, #4431 ) ;
#2587 = AXIS2_PLACEMENT_3D ( 'NONE', #4743, #1853, #5832 ) ;
#2588 = DIRECTION ( 'NONE',  ( 0.5773502691896252870, -0.5773502691896251759, -0.5773502691896267303 ) ) ;
#2589 = LINE ( 'NONE', #3555, #6064 ) ;
#2590 = EDGE_CURVE ( 'NONE', #903, #2266, #873, .T. ) ;
#2591 = VERTEX_POINT ( 'NONE', #11684 ) ;
#2592 = DIRECTION ( 'NONE',  ( -0.000000000000000000, 0.2588190451025140781, 0.9659258262890700886 ) ) ;
#2593 = EDGE_LOOP ( 'NONE', ( #12005, #9170, #7732, #4987, #10880, #10344, #11803, #5651 ) ) ;
#2594 = LINE ( 'NONE', #8710, #350 ) ;
#2595 = EDGE_CURVE ( 'NONE', #10720, #3035, #5630, .T. ) ;
#2596 = VECTOR ( 'NONE', #261, 1000.000000000000000 ) ;
#2597 = AXIS2_PLACEMENT_3D ( 'NONE', #8042, #1054, #5958 ) ;
#2598 = VERTEX_POINT ( 'NONE', #9796 ) ;
#2599 = MECHANICAL_DESIGN_GEOMETRIC_PRESENTATION_REPRESENTATION (  '', ( #11963 ), #6774 ) ;
#2600 = LINE ( 'NONE', #8399, #5069 ) ;
#2601 = DIRECTION ( 'NONE',  ( 1.000000000000000000, 0.000000000000000000, 0.000000000000000000 ) ) ;
#2602 = ORIENTED_EDGE ( 'NONE', *, *, #11447, .T. ) ;
#2603 = VECTOR ( 'NONE', #5691, 1000.000000000000000 ) ;
#2604 = DIRECTION ( 'NONE',  ( 0.000000000000000000, 1.000000000000000000, 2.548365665731588345E-16 ) ) ;
#2605 = VECTOR ( 'NONE', #7563, 1000.000000000000000 ) ;
#2606 = VECTOR ( 'NONE', #12847, 1000.000000000000000 ) ;
#2607 = CARTESIAN_POINT ( 'NONE',  ( 2.539999999999996927, 3.110602869834277161E-16, -1.270000000000001128 ) ) ;
#2608 = EDGE_LOOP ( 'NONE', ( #1866, #6077, #2274, #11464 ) ) ;
#2609 = PRESENTATION_LAYER_ASSIGNMENT (  '', '', ( #10512 ) ) ;
#2610 = PLANE ( 'NONE',  #1131 ) ;
#2611 = VECTOR ( 'NONE', #5274, 999.9999999999998863 ) ;
#2612 = VERTEX_POINT ( 'NONE', #11625 ) ;
#2613 = ORIENTED_EDGE ( 'NONE', *, *, #3242, .F. ) ;
#2614 = FILL_AREA_STYLE ('',( #11532 ) ) ;
#2615 = VERTEX_POINT ( 'NONE', #11754 ) ;
#2616 = ORIENTED_EDGE ( 'NONE', *, *, #2022, .F. ) ;
#2617 = AXIS2_PLACEMENT_3D ( 'NONE', #5293, #341, #6012 ) ;
#2618 = ADVANCED_FACE ( 'NONE', ( #8631 ), #1781, .F. ) ;
#2619 = LINE ( 'NONE', #6609, #3234 ) ;
#2620 = ORIENTED_EDGE ( 'NONE', *, *, #9719, .T. ) ;
#2621 = CARTESIAN_POINT ( 'NONE',  ( -0.8890000000000043423, 7.239000000000000767, 0.3809999999999962861 ) ) ;
#2622 = ADVANCED_FACE ( 'NONE', ( #12612 ), #8694, .F. ) ;
#2623 = CARTESIAN_POINT ( 'NONE',  ( 20.31999999999999673, 0.000000000000000000, 0.000000000000000000 ) ) ;
#2624 = EDGE_LOOP ( 'NONE', ( #2381, #1240, #2167, #3949 ) ) ;
#2625 = FACE_OUTER_BOUND ( 'NONE', #1315, .T. ) ;
#2626 = CARTESIAN_POINT ( 'NONE',  ( -8.509000000000005670, 8.064500000000000668, 0.3809999999999962861 ) ) ;
#2627 = VERTEX_POINT ( 'NONE', #816 ) ;
#2628 = LINE ( 'NONE', #9663, #4034 ) ;
#2629 = ADVANCED_FACE ( 'NONE', ( #12544 ), #11822, .F. ) ;
#2630 = DIRECTION ( 'NONE',  ( 0.000000000000000000, -1.733406087350420004E-16, 1.000000000000000000 ) ) ;
#2631 = EDGE_CURVE ( 'NONE', #2559, #12272, #6630, .T. ) ;
#2632 = DIRECTION ( 'NONE',  ( -0.7071067811865475727, -0.7071067811865475727, 0.000000000000000000 ) ) ;
#2633 = EDGE_CURVE ( 'NONE', #6441, #3676, #3678, .T. ) ;
#2634 = EDGE_CURVE ( 'NONE', #11849, #5713, #3798, .T. ) ;
#2635 = FACE_OUTER_BOUND ( 'NONE', #6549, .T. ) ;
#2636 = ORIENTED_EDGE ( 'NONE', *, *, #11682, .T. ) ;
#2637 = DIRECTION ( 'NONE',  ( -0.7071067811865475727, -0.7071067811865475727, 0.000000000000000000 ) ) ;
#2638 = ADVANCED_FACE ( 'NONE', ( #5575 ), #12672, .F. ) ;
#2639 = VECTOR ( 'NONE', #11839, 1000.000000000000000 ) ;
#2640 = EDGE_CURVE ( 'NONE', #8948, #7484, #7716, .T. ) ;
#2641 = DIRECTION ( 'NONE',  ( 0.000000000000000000, 0.9659258262890699775, 0.2588190451025145222 ) ) ;
#2642 = CARTESIAN_POINT ( 'NONE',  ( -26.54300000000000637, 7.810500000000001108, 0.1269999999999965878 ) ) ;
#2643 = CARTESIAN_POINT ( 'NONE',  ( 5.079999999999993854, -1.925929944387235853E-31, 0.8889999999999991243 ) ) ;
#2644 = DIRECTION ( 'NONE',  ( -0.000000000000000000, 0.000000000000000000, -1.000000000000000000 ) ) ;
#2645 = DIRECTION ( 'NONE',  ( 0.5773502691896252870, -0.5773502691896251759, -0.5773502691896267303 ) ) ;
#2646 = DIRECTION ( 'NONE',  ( 0.000000000000000000, -5.054934237236841843E-31, -1.000000000000000000 ) ) ;
#2647 = ORIENTED_EDGE ( 'NONE', *, *, #239, .T. ) ;
#2648 = FACE_OUTER_BOUND ( 'NONE', #2624, .T. ) ;
#2649 = VECTOR ( 'NONE', #1730, 1000.000000000000000 ) ;
#2650 = ORIENTED_EDGE ( 'NONE', *, *, #11934, .F. ) ;
#2651 = CARTESIAN_POINT ( 'NONE',  ( -7.620000000000005436, 3.110602869834277161E-16, -1.270000000000001128 ) ) ;
#2652 = ORIENTED_EDGE ( 'NONE', *, *, #8914, .F. ) ;
#2653 = FACE_OUTER_BOUND ( 'NONE', #5286, .T. ) ;
#2654 = ORIENTED_EDGE ( 'NONE', *, *, #5167, .T. ) ;
#2655 = CARTESIAN_POINT ( 'NONE',  ( 3.428999999999994497, 7.239000000000000767, -0.3810000000000025033 ) ) ;
#2656 = FACE_OUTER_BOUND ( 'NONE', #5740, .T. ) ;
#2657 = CARTESIAN_POINT ( 'NONE',  ( 5.079999999999993854, 2.177422008883992879E-16, -0.8890000000000013447 ) ) ;
#2658 = VECTOR ( 'NONE', #12733, 1000.000000000000000 ) ;
#2659 = EDGE_LOOP ( 'NONE', ( #4061, #4604, #163, #5382, #603, #9652, #11902, #3955 ) ) ;
#2660 = EDGE_CURVE ( 'NONE', #9493, #7484, #3869, .T. ) ;
#2661 = PLANE ( 'NONE',  #11373 ) ;
#2662 = EDGE_CURVE ( 'NONE', #7826, #3232, #10781, .T. ) ;
#2663 = DIRECTION ( 'NONE',  ( -1.000000000000000000, 0.000000000000000000, 0.000000000000000000 ) ) ;
#2664 = ORIENTED_EDGE ( 'NONE', *, *, #6882, .T. ) ;
#2665 = CARTESIAN_POINT ( 'NONE',  ( 27.94000000000000483, 0.000000000000000000, 1.269999999999998908 ) ) ;
#2666 = DIRECTION ( 'NONE',  ( 0.000000000000000000, 0.000000000000000000, 1.000000000000000000 ) ) ;
#2667 = EDGE_LOOP ( 'NONE', ( #7691, #2483, #4482, #3589 ) ) ;
#2668 = FACE_OUTER_BOUND ( 'NONE', #4421, .T. ) ;
#2669 = EDGE_CURVE ( 'NONE', #701, #7110, #4922, .T. ) ;
#2670 = CARTESIAN_POINT ( 'NONE',  ( 28.19400000000000617, 0.000000000000000000, 1.269999999999998908 ) ) ;
#2671 = PLANE ( 'NONE',  #4169 ) ;
#2672 = ORIENTED_EDGE ( 'NONE', *, *, #3278, .F. ) ;
#2673 = LINE ( 'NONE', #3642, #10018 ) ;
#2674 = AXIS2_PLACEMENT_3D ( 'NONE', #7211, #9007, #6280 ) ;
#2675 = ORIENTED_EDGE ( 'NONE', *, *, #7038, .T. ) ;
#2676 = ORIENTED_EDGE ( 'NONE', *, *, #11937, .F. ) ;
#2677 = VECTOR ( 'NONE', #3746, 1000.000000000000000 ) ;
#2678 = CARTESIAN_POINT ( 'NONE',  ( -4.191000000000003389, 7.239000000000000767, 0.3809999999999962861 ) ) ;
#2679 = ORIENTED_EDGE ( 'NONE', *, *, #5857, .F. ) ;
#2680 = EDGE_CURVE ( 'NONE', #6596, #3373, #10043, .T. ) ;
#2681 = EDGE_CURVE ( 'NONE', #9562, #5441, #3997, .T. ) ;
#2682 = ORIENTED_EDGE ( 'NONE', *, *, #4782, .T. ) ;
#2683 = LINE ( 'NONE', #6853, #5316 ) ;
#2684 = ORIENTED_EDGE ( 'NONE', *, *, #368, .F. ) ;
#2685 = DIRECTION ( 'NONE',  ( -1.000000000000000000, 0.000000000000000000, 0.000000000000000000 ) ) ;
#2686 = EDGE_CURVE ( 'NONE', #12794, #599, #4065, .T. ) ;
#2687 = DIRECTION ( 'NONE',  ( 0.000000000000000000, 1.733406087350420004E-16, -1.000000000000000000 ) ) ;
#2688 = VERTEX_POINT ( 'NONE', #12145 ) ;
#2689 = DIRECTION ( 'NONE',  ( 0.5773502691896252870, -0.5773502691896251759, -0.5773502691896267303 ) ) ;
#2690 = CARTESIAN_POINT ( 'NONE',  ( 24.51099999999999923, 7.239000000000000767, 0.3809999999999962861 ) ) ;
#2691 = ORIENTED_EDGE ( 'NONE', *, *, #4109, .T. ) ;
#2692 = FILL_AREA_STYLE ('',( #9537 ) ) ;
#2693 = PLANE ( 'NONE',  #10281 ) ;
#2694 = LINE ( 'NONE', #10629, #1974 ) ;
#2695 = EDGE_CURVE ( 'NONE', #4291, #10302, #7980, .T. ) ;
#2696 = DIRECTION ( 'NONE',  ( 0.000000000000000000, 1.000000000000000000, 0.000000000000000000 ) ) ;
#2697 = ORIENTED_EDGE ( 'NONE', *, *, #3171, .T. ) ;
#2698 = DIRECTION ( 'NONE',  ( 0.000000000000000000, -2.449293598294710852E-16, 1.000000000000000000 ) ) ;
#2699 = ADVANCED_FACE ( 'NONE', ( #942 ), #5963, .F. ) ;
#2700 = LINE ( 'NONE', #5884, #6527 ) ;
#2701 = ADVANCED_FACE ( 'NONE', ( #7141 ), #10116, .F. ) ;
#2702 = PLANE ( 'NONE',  #4694 ) ;
#2703 = LINE ( 'NONE', #753, #12547 ) ;
#2704 = CARTESIAN_POINT ( 'NONE',  ( 10.15999999999999481, 3.110602869834277161E-16, -1.270000000000001128 ) ) ;
#2705 = EDGE_LOOP ( 'NONE', ( #12243, #1022, #534, #11095 ) ) ;
#2706 = LINE ( 'NONE', #5765, #3908 ) ;
#2707 = CARTESIAN_POINT ( 'NONE',  ( 20.31999999999999673, 8.509000000000000341, 1.270000000000001128 ) ) ;
#2708 = ORIENTED_EDGE ( 'NONE', *, *, #2223, .F. ) ;
#2709 = CARTESIAN_POINT ( 'NONE',  ( -25.40000000000000568, 3.110602869834277161E-16, -1.270000000000001128 ) ) ;
#2710 = EDGE_CURVE ( 'NONE', #11002, #12039, #7918, .T. ) ;
#2711 = CARTESIAN_POINT ( 'NONE',  ( -11.81100000000000527, 8.064500000000000668, 0.3809999999999964526 ) ) ;
#2712 = ORIENTED_EDGE ( 'NONE', *, *, #12855, .T. ) ;
#2713 = CARTESIAN_POINT ( 'NONE',  ( -3.469446951953614189E-15, 8.509000000000000341, 0.8254999999999981242 ) ) ;
#2714 = ORIENTED_EDGE ( 'NONE', *, *, #5692, .T. ) ;
#2715 = CARTESIAN_POINT ( 'NONE',  ( -22.86000000000000654, 8.509000000000000341, 1.270000000000001128 ) ) ;
#2716 = ORIENTED_EDGE ( 'NONE', *, *, #9318, .F. ) ;
#2717 = DIRECTION ( 'NONE',  ( 0.000000000000000000, 0.000000000000000000, 1.000000000000000000 ) ) ;
#2718 = EDGE_CURVE ( 'NONE', #8011, #8871, #1005, .T. ) ;
#2719 = DIRECTION ( 'NONE',  ( 0.000000000000000000, 1.000000000000000000, 0.000000000000000000 ) ) ;
#2720 = DIRECTION ( 'NONE',  ( 0.000000000000000000, 0.000000000000000000, -1.000000000000000000 ) ) ;
#2721 = PLANE ( 'NONE',  #2365 ) ;
#2722 = EDGE_LOOP ( 'NONE', ( #757, #9301, #7599, #10193 ) ) ;
#2723 = ADVANCED_FACE ( 'NONE', ( #10976 ), #8108, .F. ) ;
#2724 = DIRECTION ( 'NONE',  ( 0.000000000000000000, 0.9659258262890700886, -0.2588190451025140781 ) ) ;
#2725 = DIRECTION ( 'NONE',  ( 0.000000000000000000, 0.9659258262890700886, -0.2588190451025140781 ) ) ;
#2726 = ORIENTED_EDGE ( 'NONE', *, *, #4, .T. ) ;
#2727 = DIRECTION ( 'NONE',  ( -1.000000000000000000, 0.000000000000000000, 0.000000000000000000 ) ) ;
#2728 =( LENGTH_UNIT ( ) NAMED_UNIT ( * ) SI_UNIT ( .MILLI., .METRE. ) );
#2729 = VERTEX_POINT ( 'NONE', #9928 ) ;
#2730 = AXIS2_PLACEMENT_3D ( 'NONE', #7545, #5645, #12497 ) ;
#2731 = FACE_OUTER_BOUND ( 'NONE', #10337, .T. ) ;
#2732 = ADVANCED_FACE ( 'NONE', ( #215 ), #12858, .F. ) ;
#2733 = VECTOR ( 'NONE', #2689, 1000.000000000000114 ) ;
#2734 = DIRECTION ( 'NONE',  ( 0.000000000000000000, 0.000000000000000000, -1.000000000000000000 ) ) ;
#2735 = ORIENTED_EDGE ( 'NONE', *, *, #9161, .T. ) ;
#2736 = EDGE_LOOP ( 'NONE', ( #4756, #5748, #11151, #407 ) ) ;
#2737 = VERTEX_POINT ( 'NONE', #7080 ) ;
#2738 = VECTOR ( 'NONE', #385, 1000.000000000000114 ) ;
#2739 = LINE ( 'NONE', #3519, #11970 ) ;
#2740 = ORIENTED_EDGE ( 'NONE', *, *, #1501, .T. ) ;
#2741 = ORIENTED_EDGE ( 'NONE', *, *, #2955, .T. ) ;
#2742 = EDGE_CURVE ( 'NONE', #6411, #12622, #11878, .T. ) ;
#2743 = FACE_OUTER_BOUND ( 'NONE', #595, .T. ) ;
#2744 = ORIENTED_EDGE ( 'NONE', *, *, #994, .F. ) ;
#2745 = VECTOR ( 'NONE', #8073, 1000.000000000000000 ) ;
#2746 = CARTESIAN_POINT ( 'NONE',  ( -0.3810000000000000053, 0.5079999999999997851, 0.2032000000000010465 ) ) ;
#2747 = PLANE ( 'NONE',  #1729 ) ;
#2748 = ORIENTED_EDGE ( 'NONE', *, *, #3702, .T. ) ;
#2749 = LINE ( 'NONE', #6614, #6832 ) ;
#2750 = EDGE_CURVE ( 'NONE', #12127, #8596, #11093, .T. ) ;
#2751 = ORIENTED_EDGE ( 'NONE', *, *, #9755, .F. ) ;
#2752 = FACE_OUTER_BOUND ( 'NONE', #11171, .T. ) ;
#2753 = DIRECTION ( 'NONE',  ( 0.7071067811865475727, -0.7071067811865475727, 0.000000000000000000 ) ) ;
#2754 = CARTESIAN_POINT ( 'NONE',  ( -27.94000000000000483, 0.5080000000000000071, 0.7528818102449925664 ) ) ;
#2755 = VECTOR ( 'NONE', #695, 1000.000000000000000 ) ;
#2756 = ADVANCED_FACE ( 'NONE', ( #8166 ), #8944, .F. ) ;
#2757 = CARTESIAN_POINT ( 'NONE',  ( -27.49550000000000693, 8.509000000000000341, -1.270000000000001128 ) ) ;
#2758 = ORIENTED_EDGE ( 'NONE', *, *, #7653, .F. ) ;
#2759 = CARTESIAN_POINT ( 'NONE',  ( 24.51099999999999923, 7.239000000000000767, -0.3810000000000025033 ) ) ;
#2760 = VECTOR ( 'NONE', #168, 1000.000000000000000 ) ;
#2761 = CARTESIAN_POINT ( 'NONE',  ( -3.469446951953614189E-15, 3.110602869834277161E-16, -1.270000000000001128 ) ) ;
#2762 = PLANE ( 'NONE',  #930 ) ;
#2763 = CARTESIAN_POINT ( 'NONE',  ( 7.619999999999994778, -1.925929944387235853E-31, 0.8889999999999991243 ) ) ;
#2764 = VECTOR ( 'NONE', #194, 1000.000000000000000 ) ;
#2765 = DIRECTION ( 'NONE',  ( 1.000000000000000000, 0.000000000000000000, 0.000000000000000000 ) ) ;
#2766 = FACE_OUTER_BOUND ( 'NONE', #6042, .T. ) ;
#2767 = CARTESIAN_POINT ( 'NONE',  ( -11.55700000000000394, 7.810500000000000220, -0.1270000000000020557 ) ) ;
#2768 = VERTEX_POINT ( 'NONE', #1906 ) ;
#2769 = LINE ( 'NONE', #8634, #4739 ) ;
#2770 = LINE ( 'NONE', #6636, #2810 ) ;
#2771 = ORIENTED_EDGE ( 'NONE', *, *, #640, .F. ) ;
#2772 = VECTOR ( 'NONE', #12431, 999.9999999999998863 ) ;
#2773 = LINE ( 'NONE', #7786, #6546 ) ;
#2774 = ORIENTED_EDGE ( 'NONE', *, *, #12586, .T. ) ;
#2775 = CARTESIAN_POINT ( 'NONE',  ( 7.619999999999994778, 8.509000000000000341, 1.270000000000001128 ) ) ;
#2776 = EDGE_CURVE ( 'NONE', #2021, #12642, #12, .T. ) ;
#2777 = CARTESIAN_POINT ( 'NONE',  ( -23.74900000000000588, 7.239000000000000767, 0.3809999999999962861 ) ) ;
#2778 = CARTESIAN_POINT ( 'NONE',  ( 4.635499999999994181, 8.509000000000000341, 0.8254999999999981242 ) ) ;
#2779 = LINE ( 'NONE', #830, #65 ) ;
#2780 = DIRECTION ( 'NONE',  ( 0.3420201433256659929, 0.9396926207859094271, 2.197857363660188298E-16 ) ) ;
#2781 = ORIENTED_EDGE ( 'NONE', *, *, #9359, .T. ) ;
#2782 = VECTOR ( 'NONE', #383, 1000.000000000000000 ) ;
#2783 = DIRECTION ( 'NONE',  ( -0.000000000000000000, 1.000000000000000000, 2.449293598294710852E-16 ) ) ;
#2784 = ADVANCED_FACE ( 'NONE', ( #7016 ), #2165, .T. ) ;
#2785 = EDGE_CURVE ( 'NONE', #8011, #2075, #9206, .T. ) ;
#2786 = DIRECTION ( 'NONE',  ( 1.000000000000000000, 0.000000000000000000, -0.000000000000000000 ) ) ;
#2787 = VERTEX_POINT ( 'NONE', #4325 ) ;
#2788 = EDGE_CURVE ( 'NONE', #3778, #5585, #12467, .T. ) ;
#2789 = LINE ( 'NONE', #6775, #2792 ) ;
#2790 = DIRECTION ( 'NONE',  ( 1.000000000000000000, 0.000000000000000000, 0.000000000000000000 ) ) ;
#2791 = ORIENTED_EDGE ( 'NONE', *, *, #10666, .F. ) ;
#2792 = VECTOR ( 'NONE', #4811, 1000.000000000000000 ) ;
#2793 = CARTESIAN_POINT ( 'NONE',  ( 3.428999999999994497, 7.239000000000000767, 0.3809999999999962861 ) ) ;
#2794 = EDGE_CURVE ( 'NONE', #9262, #4971, #469, .T. ) ;
#2795 = FACE_OUTER_BOUND ( 'NONE', #10680, .T. ) ;
#2796 = ORIENTED_EDGE ( 'NONE', *, *, #5745, .T. ) ;
#2797 = DIRECTION ( 'NONE',  ( 0.000000000000000000, -1.000000000000000000, -2.548365665731588345E-16 ) ) ;
#2798 = ORIENTED_EDGE ( 'NONE', *, *, #10672, .F. ) ;
#2799 = VERTEX_POINT ( 'NONE', #4455 ) ;
#2800 = VECTOR ( 'NONE', #3812, 1000.000000000000000 ) ;
#2801 = EDGE_CURVE ( 'NONE', #1426, #1288, #8486, .T. ) ;
#2802 = AXIS2_PLACEMENT_3D ( 'NONE', #4693, #5786, #2663 ) ;
#2803 = ORIENTED_EDGE ( 'NONE', *, *, #6187, .F. ) ;
#2804 = ORIENTED_EDGE ( 'NONE', *, *, #4847, .F. ) ;
#2805 = SURFACE_STYLE_USAGE ( .BOTH. , #4961 ) ;
#2806 = LINE ( 'NONE', #8921, #12389 ) ;
#2807 = VERTEX_POINT ( 'NONE', #3335 ) ;
#2808 = VECTOR ( 'NONE', #8487, 1000.000000000000000 ) ;
#2809 = AXIS2_PLACEMENT_3D ( 'NONE', #7206, #11279, #4383 ) ;
#2810 = VECTOR ( 'NONE', #7720, 1000.000000000000000 ) ;
#2811 = LINE ( 'NONE', #7760, #255 ) ;
#2812 = CARTESIAN_POINT ( 'NONE',  ( 5.079999999999993854, 8.509000000000000341, 1.270000000000001128 ) ) ;
#2813 = EDGE_LOOP ( 'NONE', ( #11410, #1877, #3670, #10527 ) ) ;
#2814 = EDGE_LOOP ( 'NONE', ( #3247, #8852, #10827, #9068 ) ) ;
#2815 = DIRECTION ( 'NONE',  ( 0.7071067811865475727, -0.7071067811865475727, 0.000000000000000000 ) ) ;
#2816 = EDGE_LOOP ( 'NONE', ( #10289, #6525, #9080, #9242 ) ) ;
#2817 = EDGE_CURVE ( 'NONE', #8056, #3126, #6219, .T. ) ;
#2818 = CARTESIAN_POINT ( 'NONE',  ( -12.70000000000000639, 8.509000000000000341, -1.270000000000001128 ) ) ;
#2819 = EDGE_CURVE ( 'NONE', #8026, #8582, #1252, .T. ) ;
#2820 = CARTESIAN_POINT ( 'NONE',  ( -12.70000000000000462, 0.5080000000000000071, 0.7528818102449925664 ) ) ;
#2821 = DIRECTION ( 'NONE',  ( 0.000000000000000000, 0.2588190451025145222, -0.9659258262890699775 ) ) ;
#2822 = VECTOR ( 'NONE', #1816, 1000.000000000000000 ) ;
#2823 = AXIS2_PLACEMENT_3D ( 'NONE', #11020, #8154, #2083 ) ;
#2824 = DIRECTION ( 'NONE',  ( 1.000000000000000000, 0.000000000000000000, -0.000000000000000000 ) ) ;
#2825 = COLOUR_RGB ( '',0.2509803921568627416, 0.2509803921568627416, 0.2509803921568627416 ) ;
#2826 = DIRECTION ( 'NONE',  ( 0.000000000000000000, 1.733406087350420004E-16, -1.000000000000000000 ) ) ;
#2827 = ORIENTED_EDGE ( 'NONE', *, *, #9376, .T. ) ;
#2828 = CARTESIAN_POINT ( 'NONE',  ( 2.539999999999993818, 0.000000000000000000, 1.269999999999998908 ) ) ;
#2829 = AXIS2_PLACEMENT_3D ( 'NONE', #10404, #5463, #4227 ) ;
#2830 = DIRECTION ( 'NONE',  ( 0.000000000000000000, 0.000000000000000000, -1.000000000000000000 ) ) ;
#2831 = AXIS2_PLACEMENT_3D ( 'NONE', #10852, #888, #1858 ) ;
#2832 = DIRECTION ( 'NONE',  ( 0.000000000000000000, -1.440069553722777130E-16, 1.000000000000000000 ) ) ;
#2833 = DIRECTION ( 'NONE',  ( 0.000000000000000000, 1.000000000000000000, 0.000000000000000000 ) ) ;
#2834 = PLANE ( 'NONE',  #11333 ) ;
#2835 = EDGE_CURVE ( 'NONE', #6384, #7838, #10171, .T. ) ;
#2836 = FACE_BOUND ( 'NONE', #1041, .T. ) ;
#2837 = DIRECTION ( 'NONE',  ( 0.000000000000000000, 1.000000000000000000, -5.054934237236841843E-31 ) ) ;
#2838 = VERTEX_POINT ( 'NONE', #11353 ) ;
#2839 = DIRECTION ( 'NONE',  ( 0.000000000000000000, -0.7071067811865484609, 0.7071067811865465735 ) ) ;
#2840 = DIRECTION ( 'NONE',  ( 0.000000000000000000, -1.733406087350420004E-16, 1.000000000000000000 ) ) ;
#2841 = ORIENTED_EDGE ( 'NONE', *, *, #7419, .T. ) ;
#2842 = ADVANCED_FACE ( 'NONE', ( #9402 ), #7327, .F. ) ;
#2843 = LINE ( 'NONE', #7866, #12374 ) ;
#2844 = VERTEX_POINT ( 'NONE', #7274 ) ;
#2845 = CARTESIAN_POINT ( 'NONE',  ( -13.58900000000000574, 8.064500000000000668, 0.3809999999999964526 ) ) ;
#2846 = CARTESIAN_POINT ( 'NONE',  ( 22.85999999999999943, -1.925929944387235853E-31, 0.8889999999999991243 ) ) ;
#2847 = DIRECTION ( 'NONE',  ( 0.000000000000000000, -1.000000000000000000, -1.733406087350420004E-16 ) ) ;
#2848 = LINE ( 'NONE', #9807, #5492 ) ;
#2849 = ORIENTED_EDGE ( 'NONE', *, *, #8435, .F. ) ;
#2850 = VECTOR ( 'NONE', #9943, 1000.000000000000000 ) ;
#2851 = DIRECTION ( 'NONE',  ( -1.000000000000000000, -0.000000000000000000, -0.000000000000000000 ) ) ;
#2852 = CARTESIAN_POINT ( 'NONE',  ( -21.20900000000000674, 8.064500000000000668, -0.3810000000000023368 ) ) ;
#2853 = VERTEX_POINT ( 'NONE', #10232 ) ;
#2854 = ADVANCED_FACE ( 'NONE', ( #2296 ), #1442, .F. ) ;
#2855 = CARTESIAN_POINT ( 'NONE',  ( -26.28900000000000858, 8.064500000000000668, -0.3810000000000023368 ) ) ;
#2856 = CONTEXT_DEPENDENT_SHAPE_REPRESENTATION ( #12317, #10208 ) ;
#2857 = DIRECTION ( 'NONE',  ( 0.000000000000000000, -0.9659258262890699775, -0.2588190451025145222 ) ) ;
#2858 = ADVANCED_FACE ( 'NONE', ( #547 ), #11165, .F. ) ;
#2859 = LINE ( 'NONE', #9893, #4700 ) ;
#2860 = PLANE ( 'NONE',  #2512 ) ;
#2861 = ORIENTED_EDGE ( 'NONE', *, *, #639, .F. ) ;
#2862 = ADVANCED_FACE ( 'NONE', ( #12273 ), #8240, .F. ) ;
#2863 = PLANE ( 'NONE',  #8578 ) ;
#2864 = ORIENTED_EDGE ( 'NONE', *, *, #4263, .T. ) ;
#2865 = ADVANCED_FACE ( 'NONE', ( #12214 ), #2363, .F. ) ;
#2866 = VECTOR ( 'NONE', #10371, 1000.000000000000114 ) ;
#2867 = EDGE_CURVE ( 'NONE', #8247, #9722, #11221, .T. ) ;
#2868 = DIRECTION ( 'NONE',  ( -1.000000000000000000, 0.000000000000000000, 0.000000000000000000 ) ) ;
#2869 = VECTOR ( 'NONE', #2508, 1000.000000000000000 ) ;
#2870 = ORIENTED_EDGE ( 'NONE', *, *, #10293, .T. ) ;
#2871 = ORIENTED_EDGE ( 'NONE', *, *, #12028, .F. ) ;
#2872 = DIRECTION ( 'NONE',  ( 0.000000000000000000, -0.7071067811865484609, 0.7071067811865465735 ) ) ;
#2873 = DIRECTION ( 'NONE',  ( -0.000000000000000000, 1.000000000000000000, 1.733406087350420004E-16 ) ) ;
#2874 = ORIENTED_EDGE ( 'NONE', *, *, #8990, .F. ) ;
#2875 = DIRECTION ( 'NONE',  ( -1.000000000000000000, 0.000000000000000000, 0.000000000000000000 ) ) ;
#2876 = FACE_OUTER_BOUND ( 'NONE', #6957, .T. ) ;
#2877 = VERTEX_POINT ( 'NONE', #6485 ) ;
#2878 = ORIENTED_EDGE ( 'NONE', *, *, #10259, .T. ) ;
#2879 = CARTESIAN_POINT ( 'NONE',  ( 18.66899999999999693, 8.064500000000000668, 0.3809999999999964526 ) ) ;
#2880 = ORIENTED_EDGE ( 'NONE', *, *, #7055, .F. ) ;
#2881 = LINE ( 'NONE', #8992, #537 ) ;
#2882 = CARTESIAN_POINT ( 'NONE',  ( -23.30450000000000443, 8.509000000000000341, 0.8254999999999981242 ) ) ;
#2883 = ORIENTED_EDGE ( 'NONE', *, *, #3758, .F. ) ;
#2884 = CARTESIAN_POINT ( 'NONE',  ( 21.97099999999999653, 7.239000000000000767, 0.3809999999999962861 ) ) ;
#2885 = ORIENTED_EDGE ( 'NONE', *, *, #9783, .F. ) ;
#2886 = CARTESIAN_POINT ( 'NONE',  ( -10.16000000000000547, 0.5080000000000002292, -0.7528818102449945648 ) ) ;
#2887 = LINE ( 'NONE', #9974, #11503 ) ;
#2888 = FACE_OUTER_BOUND ( 'NONE', #12698, .T. ) ;
#2889 = LINE ( 'NONE', #10835, #12734 ) ;
#2890 = DIRECTION ( 'NONE',  ( 0.000000000000000000, 0.000000000000000000, 1.000000000000000000 ) ) ;
#2891 = ADVANCED_FACE ( 'NONE', ( #4526 ), #9342, .F. ) ;
#2892 = ORIENTED_EDGE ( 'NONE', *, *, #9445, .F. ) ;
#2893 = LINE ( 'NONE', #9736, #4958 ) ;
#2894 = DIRECTION ( 'NONE',  ( 0.000000000000000000, -0.000000000000000000, -1.000000000000000000 ) ) ;
#2895 = VERTEX_POINT ( 'NONE', #10431 ) ;
#2896 = CARTESIAN_POINT ( 'NONE',  ( 15.23999999999999666, 8.509000000000000341, -1.270000000000001128 ) ) ;
#2897 = LINE ( 'NONE', #6952, #8225 ) ;
#2898 = EDGE_LOOP ( 'NONE', ( #2208, #3384, #3495, #5028 ) ) ;
#2899 = LINE ( 'NONE', #8700, #9851 ) ;
#2900 = ORIENTED_EDGE ( 'NONE', *, *, #4596, .T. ) ;
#2901 = CARTESIAN_POINT ( 'NONE',  ( -22.86000000000000654, 3.110602869834277161E-16, -1.270000000000001128 ) ) ;
#2902 = EDGE_LOOP ( 'NONE', ( #9125, #10, #2741, #12879 ) ) ;
#2903 = PLANE ( 'NONE',  #8173 ) ;
#2904 = DIRECTION ( 'NONE',  ( 0.000000000000000000, -0.7071067811865484609, 0.7071067811865465735 ) ) ;
#2905 = DIRECTION ( 'NONE',  ( -0.000000000000000000, 1.000000000000000000, 1.733406087350420004E-16 ) ) ;
#2906 = LINE ( 'NONE', #11895, #1299 ) ;
#2907 = ORIENTED_EDGE ( 'NONE', *, *, #308, .T. ) ;
#2908 = ADVANCED_FACE ( 'NONE', ( #1508 ), #5487, .F. ) ;
#2909 = LINE ( 'NONE', #10929, #2639 ) ;
#2910 = SURFACE_SIDE_STYLE ('',( #10135 ) ) ;
#2911 = ORIENTED_EDGE ( 'NONE', *, *, #1982, .F. ) ;
#2912 = ADVANCED_FACE ( 'NONE', ( #5561, #9536 ), #7514, .F. ) ;
#2913 = CARTESIAN_POINT ( 'NONE',  ( -11.81100000000000527, 7.239000000000000767, 0.3809999999999962861 ) ) ;
#2914 = SHAPE_DEFINITION_REPRESENTATION ( #3256, #3815 ) ;
#2915 = ORIENTED_EDGE ( 'NONE', *, *, #12419, .F. ) ;
#2916 = FACE_OUTER_BOUND ( 'NONE', #6237, .T. ) ;
#2917 = DIRECTION ( 'NONE',  ( 0.000000000000000000, 0.000000000000000000, -1.000000000000000000 ) ) ;
#2918 = VERTEX_POINT ( 'NONE', #611 ) ;
#2919 = ORIENTED_EDGE ( 'NONE', *, *, #8589, .T. ) ;
#2920 = ORIENTED_EDGE ( 'NONE', *, *, #11288, .F. ) ;
#2921 = FACE_OUTER_BOUND ( 'NONE', #4920, .T. ) ;
#2922 = VECTOR ( 'NONE', #6116, 1000.000000000000000 ) ;
#2923 = VERTEX_POINT ( 'NONE', #4587 ) ;
#2924 =( GEOMETRIC_REPRESENTATION_CONTEXT ( 3 ) GLOBAL_UNCERTAINTY_ASSIGNED_CONTEXT ( ( #12442 ) ) GLOBAL_UNIT_ASSIGNED_CONTEXT ( ( #12049, #8134, #7176 ) ) REPRESENTATION_CONTEXT ( 'NONE', 'WORKASPACE' ) );
#2925 = CARTESIAN_POINT ( 'NONE',  ( -5.080000000000004512, -1.925929944387235853E-31, 0.8889999999999991243 ) ) ;
#2926 = CARTESIAN_POINT ( 'NONE',  ( -4.635500000000003951, 8.509000000000000341, -0.8255000000000036753 ) ) ;
#2927 = ORIENTED_EDGE ( 'NONE', *, *, #5494, .T. ) ;
#2928 = LINE ( 'NONE', #1948, #11287 ) ;
#2929 = LINE ( 'NONE', #4774, #8184 ) ;
#2930 = ORIENTED_EDGE ( 'NONE', *, *, #10569, .T. ) ;
#2931 = DIRECTION ( 'NONE',  ( 0.000000000000000000, 1.733406087350420004E-16, -1.000000000000000000 ) ) ;
#2932 =( GEOMETRIC_REPRESENTATION_CONTEXT ( 3 ) GLOBAL_UNCERTAINTY_ASSIGNED_CONTEXT ( ( #4044 ) ) GLOBAL_UNIT_ASSIGNED_CONTEXT ( ( #700, #11947, #11514 ) ) REPRESENTATION_CONTEXT ( 'NONE', 'WORKASPACE' ) );
#2933 = ORIENTED_EDGE ( 'NONE', *, *, #3808, .T. ) ;
#2934 = CARTESIAN_POINT ( 'NONE',  ( -11.81100000000000527, 8.064500000000000668, 0.3809999999999962861 ) ) ;
#2935 = EDGE_LOOP ( 'NONE', ( #8263, #8917, #2331, #8926 ) ) ;
#2936 = DIRECTION ( 'NONE',  ( -0.000000000000000000, 1.000000000000000000, 1.440069553722777130E-16 ) ) ;
#2937 = VERTEX_POINT ( 'NONE', #3530 ) ;
#2938 = EDGE_CURVE ( 'NONE', #821, #3700, #9097, .T. ) ;
#2939 = EDGE_CURVE ( 'NONE', #4821, #7320, #5124, .T. ) ;
#2940 = VECTOR ( 'NONE', #2261, 1000.000000000000114 ) ;
#2941 = CARTESIAN_POINT ( 'NONE',  ( 2.539999999999993818, 2.177422008883992879E-16, -0.8890000000000013447 ) ) ;
#2942 = VECTOR ( 'NONE', #2833, 1000.000000000000000 ) ;
#2943 = ORIENTED_EDGE ( 'NONE', *, *, #9434, .T. ) ;
#2944 = CARTESIAN_POINT ( 'NONE',  ( 9.016999999999994131, 7.810500000000000220, -0.1270000000000020557 ) ) ;
#2945 = PLANE ( 'NONE',  #4853 ) ;
#2946 = CARTESIAN_POINT ( 'NONE',  ( 7.620000000000000107, 7.239000000000000767, -2.201425730935033664E-16 ) ) ;
#2947 = CARTESIAN_POINT ( 'NONE',  ( -3.469446951953614189E-15, 3.110602869834277161E-16, -1.270000000000001128 ) ) ;
#2948 = CARTESIAN_POINT ( 'NONE',  ( 28.19400000000000617, 0.5080000000000000071, 0.7528818102449925664 ) ) ;
#2949 = VERTEX_POINT ( 'NONE', #10855 ) ;
#2950 = DIRECTION ( 'NONE',  ( -1.000000000000000000, -0.000000000000000000, -0.000000000000000000 ) ) ;
#2951 = DIRECTION ( 'NONE',  ( -0.000000000000000000, 0.000000000000000000, -1.000000000000000000 ) ) ;
#2952 = ORIENTED_EDGE ( 'NONE', *, *, #10173, .F. ) ;
#2953 = VECTOR ( 'NONE', #11229, 1000.000000000000114 ) ;
#2954 = FACE_OUTER_BOUND ( 'NONE', #12710, .T. ) ;
#2955 = EDGE_CURVE ( 'NONE', #4532, #9381, #4202, .T. ) ;
#2956 = PRODUCT_DEFINITION_SHAPE ( 'NONE', 'NONE',  #12896 ) ;
#2957 = ORIENTED_EDGE ( 'NONE', *, *, #598, .F. ) ;
#2958 = CARTESIAN_POINT ( 'NONE',  ( -15.24000000000000554, 0.000000000000000000, 1.269999999999998908 ) ) ;
#2959 = CARTESIAN_POINT ( 'NONE',  ( -5.080000000000004512, 3.110602869834277161E-16, -1.270000000000001128 ) ) ;
#2960 = ORIENTED_EDGE ( 'NONE', *, *, #4637, .F. ) ;
#2961 = VECTOR ( 'NONE', #1211, 1000.000000000000000 ) ;
#2962 = VECTOR ( 'NONE', #11439, 1000.000000000000000 ) ;
#2963 = LINE ( 'NONE', #8174, #5038 ) ;
#2964 = ORIENTED_EDGE ( 'NONE', *, *, #11058, .T. ) ;
#2965 = LINE ( 'NONE', #887, #7153 ) ;
#2966 = DIRECTION ( 'NONE',  ( -1.000000000000000000, -0.000000000000000000, -0.000000000000000000 ) ) ;
#2967 = CARTESIAN_POINT ( 'NONE',  ( -27.05100000000000549, 7.239000000000000767, 0.3809999999999962861 ) ) ;
#2968 = LINE ( 'NONE', #2185, #4646 ) ;
#2969 = VECTOR ( 'NONE', #10514, 1000.000000000000000 ) ;
#2970 = DIRECTION ( 'NONE',  ( -0.000000000000000000, 1.000000000000000000, 1.733406087350420004E-16 ) ) ;
#2971 = ORIENTED_EDGE ( 'NONE', *, *, #8622, .T. ) ;
#2972 = CARTESIAN_POINT ( 'NONE',  ( 22.85999999999999943, -1.925929944387235853E-31, 0.8889999999999991243 ) ) ;
#2973 = AXIS2_PLACEMENT_3D ( 'NONE', #5624, #8554, #12537 ) ;
#2974 = CARTESIAN_POINT ( 'NONE',  ( 7.175499999999994216, 8.509000000000000341, 0.8254999999999981242 ) ) ;
#2975 = ORIENTED_EDGE ( 'NONE', *, *, #5053, .T. ) ;
#2976 = LINE ( 'NONE', #2259, #3827 ) ;
#2977 = CONTEXT_DEPENDENT_SHAPE_REPRESENTATION ( #2066, #879 ) ;
#2978 = ORIENTED_EDGE ( 'NONE', *, *, #3698, .F. ) ;
#2979 = CARTESIAN_POINT ( 'NONE',  ( 0.4444999999999970086, 8.509000000000000341, 0.8254999999999981242 ) ) ;
#2980 = COLOUR_RGB ( '',0.2509803921568627416, 0.2509803921568627416, 0.2509803921568627416 ) ;
#2981 = VECTOR ( 'NONE', #10682, 1000.000000000000000 ) ;
#2982 = CARTESIAN_POINT ( 'NONE',  ( -4.191000000000003389, 8.064500000000000668, -0.3810000000000023368 ) ) ;
#2983 = LINE ( 'NONE', #1091, #425 ) ;
#2984 = ORIENTED_EDGE ( 'NONE', *, *, #7699, .T. ) ;
#2985 = EDGE_CURVE ( 'NONE', #11887, #5592, #2906, .T. ) ;
#2986 = ORIENTED_EDGE ( 'NONE', *, *, #2776, .F. ) ;
#2987 = EDGE_CURVE ( 'NONE', #2281, #6918, #3948, .T. ) ;
#2988 = AXIS2_PLACEMENT_3D ( 'NONE', #2967, #6963, #10925 ) ;
#2989 = ORIENTED_EDGE ( 'NONE', *, *, #7168, .T. ) ;
#2990 = VECTOR ( 'NONE', #5400, 1000.000000000000000 ) ;
#2991 = CARTESIAN_POINT ( 'NONE',  ( 20.31999999999999673, 0.5080000000000000071, 0.7528818102449925664 ) ) ;
#2992 = ADVANCED_FACE ( 'NONE', ( #6891 ), #26, .F. ) ;
#2993 = LINE ( 'NONE', #10879, #4814 ) ;
#2994 = DIRECTION ( 'NONE',  ( 0.000000000000000000, -0.9659258262890699775, -0.2588190451025145222 ) ) ;
#2995 = VERTEX_POINT ( 'NONE', #10926 ) ;
#2996 = AXIS2_PLACEMENT_3D ( 'NONE', #621, #4599, #3603 ) ;
#2997 = CARTESIAN_POINT ( 'NONE',  ( 0.8889999999999974589, 7.239000000000000767, 0.3809999999999962861 ) ) ;
#2998 = CARTESIAN_POINT ( 'NONE',  ( 28.19400000000000617, 0.000000000000000000, 0.000000000000000000 ) ) ;
#2999 = ORIENTED_EDGE ( 'NONE', *, *, #6459, .F. ) ;
#3000 = VECTOR ( 'NONE', #1788, 1000.000000000000000 ) ;
#3001 = DIRECTION ( 'NONE',  ( -0.000000000000000000, 1.000000000000000000, 1.733406087350420004E-16 ) ) ;
#3002 = ORIENTED_EDGE ( 'NONE', *, *, #7129, .F. ) ;
#3003 = DIRECTION ( 'NONE',  ( 0.000000000000000000, 0.000000000000000000, 1.000000000000000000 ) ) ;
#3004 = FACE_OUTER_BOUND ( 'NONE', #5873, .T. ) ;
#3005 = VERTEX_POINT ( 'NONE', #2044 ) ;
#3006 = EDGE_CURVE ( 'NONE', #1185, #5678, #7092, .T. ) ;
#3007 = AXIS2_PLACEMENT_3D ( 'NONE', #9261, #7197, #6266 ) ;
#3008 = VECTOR ( 'NONE', #5977, 1000.000000000000000 ) ;
#3009 = EDGE_CURVE ( 'NONE', #7721, #3094, #2968, .T. ) ;
#3010 = DIRECTION ( 'NONE',  ( 0.000000000000000000, 1.440069553722777130E-16, -1.000000000000000000 ) ) ;
#3011 = EDGE_LOOP ( 'NONE', ( #6279, #3074, #9847, #3474 ) ) ;
#3012 = CARTESIAN_POINT ( 'NONE',  ( -27.49550000000000693, 8.509000000000000341, 0.8254999999999981242 ) ) ;
#3013 = CARTESIAN_POINT ( 'NONE',  ( 23.74899999999999878, 7.239000000000000767, 0.3809999999999962861 ) ) ;
#3014 = DIRECTION ( 'NONE',  ( -0.000000000000000000, 0.000000000000000000, 1.000000000000000000 ) ) ;
#3015 = CARTESIAN_POINT ( 'NONE',  ( 17.77999999999999758, 2.177422008883992879E-16, -0.8890000000000013447 ) ) ;
#3016 = DIRECTION ( 'NONE',  ( 0.000000000000000000, 1.000000000000000000, 0.000000000000000000 ) ) ;
#3017 = DIRECTION ( 'NONE',  ( 0.000000000000000000, -0.000000000000000000, -1.000000000000000000 ) ) ;
#3018 = EDGE_CURVE ( 'NONE', #6726, #8596, #12873, .T. ) ;
#3019 = LINE ( 'NONE', #11164, #1172 ) ;
#3020 = VECTOR ( 'NONE', #2358, 1000.000000000000000 ) ;
#3021 = DIRECTION ( 'NONE',  ( 0.5773502691896252870, -0.5773502691896251759, -0.5773502691896267303 ) ) ;
#3022 = ADVANCED_FACE ( 'NONE', ( #5909 ), #1924, .F. ) ;
#3023 = VECTOR ( 'NONE', #8947, 1000.000000000000114 ) ;
#3024 = VECTOR ( 'NONE', #5752, 1000.000000000000000 ) ;
#3025 = CARTESIAN_POINT ( 'NONE',  ( 25.39999999999999858, 3.110602869834277161E-16, -1.270000000000001128 ) ) ;
#3026 = ADVANCED_FACE ( 'NONE', ( #9877 ), #6173, .F. ) ;
#3027 = ADVANCED_FACE ( 'NONE', ( #10061 ), #2110, .F. ) ;
#3028 = LINE ( 'NONE', #5242, #5707 ) ;
#3029 = EDGE_CURVE ( 'NONE', #5441, #12536, #961, .T. ) ;
#3030 = EDGE_LOOP ( 'NONE', ( #7308, #340, #41, #106 ) ) ;
#3031 = AXIS2_PLACEMENT_3D ( 'NONE', #5932, #2133, #5014 ) ;
#3032 = AXIS2_PLACEMENT_3D ( 'NONE', #5284, #332, #3190 ) ;
#3033 = VECTOR ( 'NONE', #9806, 1000.000000000000000 ) ;
#3034 = DIRECTION ( 'NONE',  ( -0.5773502691896253980, 0.5773502691896253980, -0.5773502691896265082 ) ) ;
#3035 = VERTEX_POINT ( 'NONE', #9992 ) ;
#3036 = DIRECTION ( 'NONE',  ( -0.000000000000000000, 1.000000000000000000, 2.449293598294710852E-16 ) ) ;
#3037 = PLANE ( 'NONE',  #10310 ) ;
#3038 = CARTESIAN_POINT ( 'NONE',  ( -6.477000000000003865, 7.810500000000000220, -0.1270000000000020557 ) ) ;
#3039 = CARTESIAN_POINT ( 'NONE',  ( -13.84300000000000708, 7.810500000000000220, -0.1270000000000020557 ) ) ;
#3040 = LINE ( 'NONE', #10989, #11615 ) ;
#3041 = VERTEX_POINT ( 'NONE', #4994 ) ;
#3042 = LINE ( 'NONE', #4084, #2850 ) ;
#3043 = LINE ( 'NONE', #1953, #517 ) ;
#3044 = CARTESIAN_POINT ( 'NONE',  ( -15.24000000000000554, 0.5080000000000000071, 0.7528818102449925664 ) ) ;
#3045 = ORIENTED_EDGE ( 'NONE', *, *, #10902, .T. ) ;
#3046 = PLANE ( 'NONE',  #9449 ) ;
#3047 = ITEM_DEFINED_TRANSFORMATION ( 'NONE', 'NONE', #2211,  #1564 ) ;
#3048 = ORIENTED_EDGE ( 'NONE', *, *, #3018, .T. ) ;
#3049 = CARTESIAN_POINT ( 'NONE',  ( 18.66899999999999693, 8.064500000000000668, 0.3809999999999964526 ) ) ;
#3050 = VECTOR ( 'NONE', #1088, 1000.000000000000000 ) ;
#3051 = DIRECTION ( 'NONE',  ( -1.000000000000000000, -0.000000000000000000, -0.000000000000000000 ) ) ;
#3052 = ORIENTED_EDGE ( 'NONE', *, *, #7254, .F. ) ;
#3053 = ORIENTED_EDGE ( 'NONE', *, *, #12419, .T. ) ;
#3054 = ORIENTED_EDGE ( 'NONE', *, *, #1465, .T. ) ;
#3055 = VECTOR ( 'NONE', #4924, 1000.000000000000000 ) ;
#3056 = CARTESIAN_POINT ( 'NONE',  ( 10.15999999999999481, 0.5080000000000002292, -0.7528818102449945648 ) ) ;
#3057 = AXIS2_PLACEMENT_3D ( 'NONE', #6300, #421, #6374 ) ;
#3058 =( NAMED_UNIT ( * ) PLANE_ANGLE_UNIT ( ) SI_UNIT ( $, .RADIAN. ) );
#3059 = VECTOR ( 'NONE', #5170, 1000.000000000000000 ) ;
#3060 = CARTESIAN_POINT ( 'NONE',  ( -14.35100000000000442, 8.064500000000000668, -0.3810000000000023368 ) ) ;
#3061 = LINE ( 'NONE', #253, #3855 ) ;
#3062 = ORIENTED_EDGE ( 'NONE', *, *, #7884, .T. ) ;
#3063 = VECTOR ( 'NONE', #3470, 1000.000000000000000 ) ;
#3064 = DIRECTION ( 'NONE',  ( -0.000000000000000000, 1.000000000000000000, 1.440069553722777130E-16 ) ) ;
#3065 = CARTESIAN_POINT ( 'NONE',  ( 20.31999999999999673, 8.509000000000000341, 1.270000000000001128 ) ) ;
#3066 = ORIENTED_EDGE ( 'NONE', *, *, #4937, .T. ) ;
#3067 = LINE ( 'NONE', #853, #9863 ) ;
#3068 = VECTOR ( 'NONE', #4256, 1000.000000000000000 ) ;
#3069 = ORIENTED_EDGE ( 'NONE', *, *, #4100, .F. ) ;
#3070 = CARTESIAN_POINT ( 'NONE',  ( 5.079999999999993854, 8.509000000000000341, 1.270000000000001128 ) ) ;
#3071 = EDGE_CURVE ( 'NONE', #6500, #11660, #8957, .T. ) ;
#3072 = EDGE_CURVE ( 'NONE', #12650, #7096, #4079, .T. ) ;
#3073 = CARTESIAN_POINT ( 'NONE',  ( 23.30449999999999733, 8.509000000000000341, -1.270000000000001128 ) ) ;
#3074 = ORIENTED_EDGE ( 'NONE', *, *, #11623, .F. ) ;
#3075 = EDGE_CURVE ( 'NONE', #1633, #10747, #12031, .T. ) ;
#3076 = PLANE ( 'NONE',  #6991 ) ;
#3077 = VECTOR ( 'NONE', #10042, 1000.000000000000000 ) ;
#3078 = ORIENTED_EDGE ( 'NONE', *, *, #9241, .F. ) ;
#3079 = CARTESIAN_POINT ( 'NONE',  ( 27.94000000000000128, 0.5080000000000000071, 0.7528818102449925664 ) ) ;
#3080 = CARTESIAN_POINT ( 'NONE',  ( -14.35100000000000442, 7.239000000000000767, 0.3809999999999962861 ) ) ;
#3081 = CARTESIAN_POINT ( 'NONE',  ( 27.94000000000000128, 0.000000000000000000, 1.269999999999998908 ) ) ;
#3082 = DIRECTION ( 'NONE',  ( -0.000000000000000000, 0.2588190451025140781, 0.9659258262890700886 ) ) ;
#3083 = DIRECTION ( 'NONE',  ( -1.000000000000000000, -0.000000000000000000, -0.000000000000000000 ) ) ;
#3084 = PLANE ( 'NONE',  #3556 ) ;
#3085 = VERTEX_POINT ( 'NONE', #1209 ) ;
#3086 = CARTESIAN_POINT ( 'NONE',  ( 11.04899999999999594, 8.064500000000000668, 0.3809999999999962861 ) ) ;
#3087 = DIRECTION ( 'NONE',  ( -1.000000000000000000, -0.000000000000000000, -0.000000000000000000 ) ) ;
#3088 = ORIENTED_EDGE ( 'NONE', *, *, #7904, .T. ) ;
#3089 = CARTESIAN_POINT ( 'NONE',  ( 11.81099999999999461, 8.064500000000000668, -0.3810000000000023368 ) ) ;
#3090 = FACE_OUTER_BOUND ( 'NONE', #7295, .T. ) ;
#3091 = DIRECTION ( 'NONE',  ( 0.000000000000000000, 1.000000000000000000, 2.548365665731588345E-16 ) ) ;
#3092 = CARTESIAN_POINT ( 'NONE',  ( 18.66899999999999693, 8.064500000000000668, -0.3810000000000023368 ) ) ;
#3093 = ADVANCED_FACE ( 'NONE', ( #5191 ), #228, .F. ) ;
#3094 = VERTEX_POINT ( 'NONE', #1328 ) ;
#3095 = FACE_OUTER_BOUND ( 'NONE', #5330, .T. ) ;
#3096 = ORIENTED_EDGE ( 'NONE', *, *, #6052, .F. ) ;
#3097 = LINE ( 'NONE', #2106, #11294 ) ;
#3098 = CARTESIAN_POINT ( 'NONE',  ( 28.19400000000000617, 0.5080000000000002292, -0.7528818102449945648 ) ) ;
#3099 = DIRECTION ( 'NONE',  ( -1.000000000000000000, -0.000000000000000000, -0.000000000000000000 ) ) ;
#3100 = CARTESIAN_POINT ( 'NONE',  ( 0.3810000000000000053, 0.5079999999999998961, -0.2031999999999997419 ) ) ;
#3101 = EDGE_CURVE ( 'NONE', #1050, #6766, #3417, .T. ) ;
#3102 = LINE ( 'NONE', #5051, #9091 ) ;
#3103 = CARTESIAN_POINT ( 'NONE',  ( -2.540000000000004032, -1.925929944387235853E-31, 0.8889999999999991243 ) ) ;
#3104 = EDGE_LOOP ( 'NONE', ( #8655, #1300, #1441, #3870 ) ) ;
#3105 = CARTESIAN_POINT ( 'NONE',  ( 11.04899999999999594, 7.239000000000000767, 0.3809999999999962861 ) ) ;
#3106 = LINE ( 'NONE', #1080, #95 ) ;
#3107 = ORIENTED_EDGE ( 'NONE', *, *, #6683, .F. ) ;
#3108 = CARTESIAN_POINT ( 'NONE',  ( 10.15999999999999481, 2.177422008883992879E-16, -0.8890000000000013447 ) ) ;
#3109 = CONTEXT_DEPENDENT_SHAPE_REPRESENTATION ( #923, #8781 ) ;
#3110 = EDGE_CURVE ( 'NONE', #10360, #7826, #7283, .T. ) ;
#3111 = ORIENTED_EDGE ( 'NONE', *, *, #5421, .T. ) ;
#3112 = CARTESIAN_POINT ( 'NONE',  ( -0.1961031209927693308, -3.200400000000000134, 0.2032000000000001583 ) ) ;
#3113 = DIRECTION ( 'NONE',  ( -1.000000000000000000, 0.000000000000000000, 0.000000000000000000 ) ) ;
#3114 = CARTESIAN_POINT ( 'NONE',  ( 2.539999999999996927, 0.5080000000000002292, -0.7528818102449945648 ) ) ;
#3115 = EDGE_CURVE ( 'NONE', #12496, #2807, #6497, .T. ) ;
#3116 = ORIENTED_EDGE ( 'NONE', *, *, #5738, .T. ) ;
#3117 = ORIENTED_EDGE ( 'NONE', *, *, #7718, .T. ) ;
#3118 = ORIENTED_EDGE ( 'NONE', *, *, #7904, .F. ) ;
#3119 = DIRECTION ( 'NONE',  ( -0.000000000000000000, 1.000000000000000000, 1.733406087350420004E-16 ) ) ;
#3120 = FACE_OUTER_BOUND ( 'NONE', #2394, .T. ) ;
#3121 = ORIENTED_EDGE ( 'NONE', *, *, #11596, .T. ) ;
#3122 = VECTOR ( 'NONE', #466, 1000.000000000000000 ) ;
#3123 = CARTESIAN_POINT ( 'NONE',  ( -3.469446951953614189E-15, 8.509000000000000341, -1.270000000000001128 ) ) ;
#3124 = LINE ( 'NONE', #1108, #10633 ) ;
#3125 = EDGE_LOOP ( 'NONE', ( #10383, #722, #7112, #11119 ) ) ;
#3126 = VERTEX_POINT ( 'NONE', #1398 ) ;
#3127 = STYLED_ITEM ( 'NONE', ( #5794 ), #6054 ) ;
#3128 = DIRECTION ( 'NONE',  ( 0.5773502691896253980, 0.5773502691896253980, -0.5773502691896265082 ) ) ;
#3129 = ORIENTED_EDGE ( 'NONE', *, *, #3582, .T. ) ;
#3130 = ADVANCED_FACE ( 'NONE', ( #9352 ), #420, .F. ) ;
#3131 = CARTESIAN_POINT ( 'NONE',  ( -12.70000000000000639, 0.5080000000000000071, 0.7528818102449925664 ) ) ;
#3132 = ORIENTED_EDGE ( 'NONE', *, *, #12100, .T. ) ;
#3133 = STYLED_ITEM ( 'NONE', ( #3279 ), #6475 ) ;
#3134 = LINE ( 'NONE', #7133, #11903 ) ;
#3135 = DIRECTION ( 'NONE',  ( -1.000000000000000000, -0.000000000000000000, -0.000000000000000000 ) ) ;
#3136 = CARTESIAN_POINT ( 'NONE',  ( -7.620000000000005436, 8.509000000000000341, 1.270000000000001128 ) ) ;
#3137 = CARTESIAN_POINT ( 'NONE',  ( 5.079999999999993854, 8.509000000000000341, -1.270000000000001128 ) ) ;
#3138 = PLANE ( 'NONE',  #783 ) ;
#3139 = CARTESIAN_POINT ( 'NONE',  ( 20.31999999999999673, 8.509000000000000341, 1.270000000000001128 ) ) ;
#3140 = EDGE_LOOP ( 'NONE', ( #625, #321, #7229, #9926 ) ) ;
#3141 = CARTESIAN_POINT ( 'NONE',  ( 27.94000000000000483, -1.925929944387235853E-31, 0.8889999999999991243 ) ) ;
#3142 = DIRECTION ( 'NONE',  ( 1.000000000000000000, 0.000000000000000000, 0.000000000000000000 ) ) ;
#3143 = FILL_AREA_STYLE_COLOUR ( '', #11686 ) ;
#3144 = ADVANCED_FACE ( 'NONE', ( #7226 ), #5434, .F. ) ;
#3145 = DIRECTION ( 'NONE',  ( -0.000000000000000000, 1.000000000000000000, 1.733406087350420004E-16 ) ) ;
#3146 = AXIS2_PLACEMENT_3D ( 'NONE', #3699, #5402, #2407 ) ;
#3147 = DIRECTION ( 'NONE',  ( -0.000000000000000000, -0.7071067811865482389, -0.7071067811865469066 ) ) ;
#3148 = LINE ( 'NONE', #1011, #4476 ) ;
#3149 = ORIENTED_EDGE ( 'NONE', *, *, #10292, .F. ) ;
#3150 = DIRECTION ( 'NONE',  ( 0.000000000000000000, 2.449293598294710852E-16, -1.000000000000000000 ) ) ;
#3151 = ORIENTED_EDGE ( 'NONE', *, *, #2987, .T. ) ;
#3152 = LINE ( 'NONE', #6170, #5887 ) ;
#3153 = VECTOR ( 'NONE', #7159, 1000.000000000000000 ) ;
#3154 = PLANE ( 'NONE',  #10074 ) ;
#3155 = DIRECTION ( 'NONE',  ( 0.000000000000000000, 0.000000000000000000, 1.000000000000000000 ) ) ;
#3156 = VECTOR ( 'NONE', #2024, 1000.000000000000000 ) ;
#3157 = DIRECTION ( 'NONE',  ( 0.000000000000000000, -5.054934237236841843E-31, -1.000000000000000000 ) ) ;
#3158 = CARTESIAN_POINT ( 'NONE',  ( 16.89099999999999469, 7.239000000000000767, 0.3809999999999962861 ) ) ;
#3159 = LINE ( 'NONE', #10749, #1082 ) ;
#3160 = EDGE_LOOP ( 'NONE', ( #7725, #9269, #10946, #8735 ) ) ;
#3161 =( REPRESENTATION_RELATIONSHIP ('NONE','NONE', #7825, #3815 ) REPRESENTATION_RELATIONSHIP_WITH_TRANSFORMATION ( #12358 )SHAPE_REPRESENTATION_RELATIONSHIP( ) );
#3162 = PLANE ( 'NONE',  #3264 ) ;
#3163 = VECTOR ( 'NONE', #3021, 1000.000000000000114 ) ;
#3164 = ORIENTED_EDGE ( 'NONE', *, *, #6542, .T. ) ;
#3165 = AXIS2_PLACEMENT_3D ( 'NONE', #10382, #422, #4401 ) ;
#3166 = VECTOR ( 'NONE', #7637, 1000.000000000000000 ) ;
#3167 = DIRECTION ( 'NONE',  ( -0.000000000000000000, 0.000000000000000000, 1.000000000000000000 ) ) ;
#3168 = EDGE_CURVE ( 'NONE', #11405, #12845, #6234, .T. ) ;
#3169 = EDGE_LOOP ( 'NONE', ( #9525, #6183, #8058, #5352 ) ) ;
#3170 = DIRECTION ( 'NONE',  ( -1.000000000000000000, -0.000000000000000000, -0.000000000000000000 ) ) ;
#3171 = EDGE_CURVE ( 'NONE', #12259, #2481, #8376, .T. ) ;
#3172 = DIRECTION ( 'NONE',  ( -1.000000000000000000, -0.000000000000000000, -0.000000000000000000 ) ) ;
#3173 = DIRECTION ( 'NONE',  ( 0.000000000000000000, 0.000000000000000000, -1.000000000000000000 ) ) ;
#3174 = ORIENTED_EDGE ( 'NONE', *, *, #7865, .F. ) ;
#3175 = DIRECTION ( 'NONE',  ( 0.000000000000000000, 0.9659258262890699775, 0.2588190451025145222 ) ) ;
#3176 = ORIENTED_EDGE ( 'NONE', *, *, #471, .F. ) ;
#3177 = EDGE_CURVE ( 'NONE', #880, #213, #5504, .T. ) ;
#3178 = VECTOR ( 'NONE', #1451, 1000.000000000000000 ) ;
#3179 = EDGE_CURVE ( 'NONE', #9451, #9508, #4538, .T. ) ;
#3180 = EDGE_CURVE ( 'NONE', #6661, #2245, #12348, .T. ) ;
#3181 = VERTEX_POINT ( 'NONE', #11366 ) ;
#3182 = ADVANCED_FACE ( 'NONE', ( #3350 ), #7340, .F. ) ;
#3183 = CARTESIAN_POINT ( 'NONE',  ( -20.32000000000000384, 0.000000000000000000, 0.000000000000000000 ) ) ;
#3184 = AXIS2_PLACEMENT_3D ( 'NONE', #1053, #2287, #10035 ) ;
#3185 = CARTESIAN_POINT ( 'NONE',  ( -25.84450000000000713, 8.509000000000000341, 0.8254999999999981242 ) ) ;
#3186 = EDGE_CURVE ( 'NONE', #10287, #3330, #10185, .T. ) ;
#3187 = CARTESIAN_POINT ( 'NONE',  ( -17.78000000000000469, 0.5080000000000000071, 0.7528818102449925664 ) ) ;
#3188 = PLANE ( 'NONE',  #2315 ) ;
#3189 = ORIENTED_EDGE ( 'NONE', *, *, #8598, .F. ) ;
#3190 = DIRECTION ( 'NONE',  ( 0.000000000000000000, 5.054934237236841843E-31, 1.000000000000000000 ) ) ;
#3191 = VERTEX_POINT ( 'NONE', #2374 ) ;
#3192 = EDGE_LOOP ( 'NONE', ( #3321, #6005, #10676, #3151 ) ) ;
#3193 = VECTOR ( 'NONE', #11586, 1000.000000000000000 ) ;
#3194 = PLANE ( 'NONE',  #3007 ) ;
#3195 = EDGE_LOOP ( 'NONE', ( #9814, #6582, #11751, #9898 ) ) ;
#3196 = ORIENTED_EDGE ( 'NONE', *, *, #9914, .T. ) ;
#3197 = VECTOR ( 'NONE', #6645, 1000.000000000000000 ) ;
#3198 = CARTESIAN_POINT ( 'NONE',  ( -3.469446951953614189E-15, 8.509000000000000341, -1.270000000000001128 ) ) ;
#3199 = ORIENTED_EDGE ( 'NONE', *, *, #2867, .F. ) ;
#3200 = VECTOR ( 'NONE', #9422, 1000.000000000000000 ) ;
#3201 = DIRECTION ( 'NONE',  ( -0.000000000000000000, 1.000000000000000000, 2.449293598294710852E-16 ) ) ;
#3202 = CARTESIAN_POINT ( 'NONE',  ( -20.32000000000000384, 0.5080000000000002292, -0.7528818102449945648 ) ) ;
#3203 = PLANE ( 'NONE',  #9470 ) ;
#3204 = CARTESIAN_POINT ( 'NONE',  ( -22.86000000000000654, 8.509000000000000341, -1.270000000000001128 ) ) ;
#3205 = LINE ( 'NONE', #3277, #3898 ) ;
#3206 = EDGE_CURVE ( 'NONE', #116, #8244, #2309, .T. ) ;
#3207 = DIRECTION ( 'NONE',  ( 1.000000000000000000, 0.000000000000000000, -0.000000000000000000 ) ) ;
#3208 = EDGE_LOOP ( 'NONE', ( #9583, #11476, #3686, #8830 ) ) ;
#3209 = FACE_OUTER_BOUND ( 'NONE', #3160, .T. ) ;
#3210 = DIRECTION ( 'NONE',  ( 0.000000000000000000, -5.054934237236841843E-31, -1.000000000000000000 ) ) ;
#3211 = SURFACE_SIDE_STYLE ('',( #7142 ) ) ;
#3212 = CARTESIAN_POINT ( 'NONE',  ( -8.509000000000005670, 7.239000000000000767, 0.3809999999999962861 ) ) ;
#3213 = VECTOR ( 'NONE', #10963, 1000.000000000000000 ) ;
#3214 = VECTOR ( 'NONE', #5821, 1000.000000000000000 ) ;
#3215 = VECTOR ( 'NONE', #4193, 1000.000000000000000 ) ;
#3216 = DIRECTION ( 'NONE',  ( -0.3420201433256659929, -0.9396926207859094271, -1.098928681830094149E-16 ) ) ;
#3217 = VECTOR ( 'NONE', #3229, 1000.000000000000000 ) ;
#3218 = LINE ( 'NONE', #12152, #12165 ) ;
#3219 = ORIENTED_EDGE ( 'NONE', *, *, #4713, .T. ) ;
#3220 = EDGE_CURVE ( 'NONE', #4374, #3910, #9482, .T. ) ;
#3221 = ADVANCED_FACE ( 'NONE', ( #9221 ), #3488, .F. ) ;
#3222 = COLOUR_RGB ( '',0.2509803921568627416, 0.2509803921568627416, 0.2509803921568627416 ) ;
#3223 = ADVANCED_FACE ( 'NONE', ( #6371 ), #2507, .F. ) ;
#3224 = AXIS2_PLACEMENT_3D ( 'NONE', #3924, #8875, #4973 ) ;
#3225 = DIRECTION ( 'NONE',  ( 0.000000000000000000, 0.2588190451025145222, -0.9659258262890699775 ) ) ;
#3226 = COLOUR_RGB ( '',0.2509803921568627416, 0.2509803921568627416, 0.2509803921568627416 ) ;
#3227 = DIRECTION ( 'NONE',  ( -1.000000000000000000, -0.000000000000000000, -0.000000000000000000 ) ) ;
#3228 = PLANE ( 'NONE',  #6938 ) ;
#3229 = DIRECTION ( 'NONE',  ( 0.000000000000000000, 0.000000000000000000, 1.000000000000000000 ) ) ;
#3230 = CARTESIAN_POINT ( 'NONE',  ( -25.40000000000000568, 0.000000000000000000, 1.269999999999998908 ) ) ;
#3231 = DIRECTION ( 'NONE',  ( 1.000000000000000000, 0.000000000000000000, 0.000000000000000000 ) ) ;
#3232 = VERTEX_POINT ( 'NONE', #6682 ) ;
#3233 = CARTESIAN_POINT ( 'NONE',  ( -3.469446951953614189E-15, 0.000000000000000000, 1.269999999999998908 ) ) ;
#3234 = VECTOR ( 'NONE', #10556, 1000.000000000000000 ) ;
#3235 = ORIENTED_EDGE ( 'NONE', *, *, #6011, .F. ) ;
#3236 = VECTOR ( 'NONE', #8087, 1000.000000000000000 ) ;
#3237 = DIRECTION ( 'NONE',  ( 0.000000000000000000, -1.733406087350420004E-16, 1.000000000000000000 ) ) ;
#3238 = AXIS2_PLACEMENT_3D ( 'NONE', #2934, #4840, #4043 ) ;
#3239 = ITEM_DEFINED_TRANSFORMATION ( 'NONE', 'NONE', #8248,  #1564 ) ;
#3240 = ORIENTED_EDGE ( 'NONE', *, *, #11791, .F. ) ;
#3241 = CARTESIAN_POINT ( 'NONE',  ( -12.70000000000000462, 0.000000000000000000, 1.269999999999998908 ) ) ;
#3242 = EDGE_CURVE ( 'NONE', #4914, #11195, #1650, .T. ) ;
#3243 = FACE_OUTER_BOUND ( 'NONE', #11268, .T. ) ;
#3244 = LINE ( 'NONE', #11000, #9079 ) ;
#3245 = ORIENTED_EDGE ( 'NONE', *, *, #10401, .F. ) ;
#3246 = ORIENTED_EDGE ( 'NONE', *, *, #11702, .F. ) ;
#3247 = ORIENTED_EDGE ( 'NONE', *, *, #1274, .T. ) ;
#3248 = PRODUCT_DEFINITION_SHAPE ( 'NONE', 'NONE',  #12890 ) ;
#3249 = EDGE_CURVE ( 'NONE', #6323, #11523, #5627, .T. ) ;
#3250 = ORIENTED_EDGE ( 'NONE', *, *, #2987, .F. ) ;
#3251 = CARTESIAN_POINT ( 'NONE',  ( -15.24000000000000554, 8.509000000000000341, -1.270000000000001128 ) ) ;
#3252 = LINE ( 'NONE', #6059, #5225 ) ;
#3253 =( LENGTH_UNIT ( ) NAMED_UNIT ( * ) SI_UNIT ( .MILLI., .METRE. ) );
#3254 = AXIS2_PLACEMENT_3D ( 'NONE', #7979, #12016, #6155 ) ;
#3255 = EDGE_CURVE ( 'NONE', #5994, #9559, #9673, .T. ) ;
#3256 = PRODUCT_DEFINITION_SHAPE ( 'NONE', 'NONE',  #6659 ) ;
#3257 = LINE ( 'NONE', #7249, #4714 ) ;
#3258 = FACE_OUTER_BOUND ( 'NONE', #6828, .T. ) ;
#3259 = ORIENTED_EDGE ( 'NONE', *, *, #5540, .F. ) ;
#3260 = CARTESIAN_POINT ( 'NONE',  ( -5.080000000000004512, 8.509000000000000341, -1.270000000000001128 ) ) ;
#3261 = EDGE_CURVE ( 'NONE', #11984, #6885, #754, .T. ) ;
#3262 = VERTEX_POINT ( 'NONE', #10639 ) ;
#3263 = EDGE_LOOP ( 'NONE', ( #4304, #6223, #11197, #9465 ) ) ;
#3264 = AXIS2_PLACEMENT_3D ( 'NONE', #7164, #10189, #4477 ) ;
#3265 = CARTESIAN_POINT ( 'NONE',  ( 12.69999999999999574, 0.5080000000000000071, 0.7528818102449925664 ) ) ;
#3266 = ORIENTED_EDGE ( 'NONE', *, *, #3101, .T. ) ;
#3267 = EDGE_LOOP ( 'NONE', ( #12647, #2056, #2404, #6677 ) ) ;
#3268 = CARTESIAN_POINT ( 'NONE',  ( 1.650999999999996248, 7.239000000000000767, -0.3810000000000025033 ) ) ;
#3269 = ORIENTED_EDGE ( 'NONE', *, *, #8060, .T. ) ;
#3270 = ADVANCED_FACE ( 'NONE', ( #11492 ), #3604, .F. ) ;
#3271 = CARTESIAN_POINT ( 'NONE',  ( 23.74899999999999878, 8.064500000000000668, 0.3809999999999962861 ) ) ;
#3272 = VECTOR ( 'NONE', #12166, 1000.000000000000000 ) ;
#3273 = DIRECTION ( 'NONE',  ( 0.7071067811865475727, -0.7071067811865475727, 0.000000000000000000 ) ) ;
#3274 = VERTEX_POINT ( 'NONE', #1711 ) ;
#3275 = CARTESIAN_POINT ( 'NONE',  ( 7.619999999999994778, 0.5080000000000000071, 0.7528818102449925664 ) ) ;
#3276 = DIRECTION ( 'NONE',  ( 0.7071067811865475727, -0.7071067811865475727, 0.000000000000000000 ) ) ;
#3277 = CARTESIAN_POINT ( 'NONE',  ( -20.32000000000000384, 8.509000000000000341, 0.8254999999999981242 ) ) ;
#3278 = EDGE_CURVE ( 'NONE', #2245, #2222, #1843, .T. ) ;
#3279 = PRESENTATION_STYLE_ASSIGNMENT (( #12142 ) ) ;
#3280 = ORIENTED_EDGE ( 'NONE', *, *, #3808, .F. ) ;
#3281 = DIRECTION ( 'NONE',  ( -1.000000000000000000, -0.000000000000000000, -0.000000000000000000 ) ) ;
#3282 = CARTESIAN_POINT ( 'NONE',  ( 0.3810000000000000053, 0.5079999999999997851, 0.2032000000000010465 ) ) ;
#3283 =( NAMED_UNIT ( * ) PLANE_ANGLE_UNIT ( ) SI_UNIT ( $, .RADIAN. ) );
#3284 = LINE ( 'NONE', #7276, #4530 ) ;
#3285 = ORIENTED_EDGE ( 'NONE', *, *, #11520, .T. ) ;
#3286 = AXIS2_PLACEMENT_3D ( 'NONE', #10904, #5962, #11 ) ;
#3287 = FILL_AREA_STYLE ('',( #4261 ) ) ;
#3288 = CARTESIAN_POINT ( 'NONE',  ( -7.175500000000004874, 8.509000000000000341, 0.8254999999999981242 ) ) ;
#3289 = VERTEX_POINT ( 'NONE', #12610 ) ;
#3290 = FACE_OUTER_BOUND ( 'NONE', #6074, .T. ) ;
#3291 = LINE ( 'NONE', #7089, #8590 ) ;
#3292 = DIRECTION ( 'NONE',  ( -0.000000000000000000, 1.000000000000000000, 2.449293598294710852E-16 ) ) ;
#3293 = CARTESIAN_POINT ( 'NONE',  ( -12.70000000000000639, 0.000000000000000000, 0.000000000000000000 ) ) ;
#3294 = DIRECTION ( 'NONE',  ( 0.000000000000000000, 1.000000000000000000, 1.733406087350420004E-16 ) ) ;
#3295 = CARTESIAN_POINT ( 'NONE',  ( 1.650999999999996248, 7.239000000000000767, 0.3809999999999962861 ) ) ;
#3296 = LINE ( 'NONE', #7342, #5037 ) ;
#3297 = EDGE_LOOP ( 'NONE', ( #4737, #12514, #10717, #12216 ) ) ;
#3298 = LINE ( 'NONE', #2451, #11580 ) ;
#3299 = DIRECTION ( 'NONE',  ( 0.000000000000000000, 1.000000000000000000, 0.000000000000000000 ) ) ;
#3300 = ORIENTED_EDGE ( 'NONE', *, *, #7332, .F. ) ;
#3301 = EDGE_CURVE ( 'NONE', #10468, #4698, #4734, .T. ) ;
#3302 = PLANE ( 'NONE',  #9659 ) ;
#3303 = EDGE_LOOP ( 'NONE', ( #11435, #11921, #1627, #1218 ) ) ;
#3304 = DIRECTION ( 'NONE',  ( 1.000000000000000000, 0.000000000000000000, 0.000000000000000000 ) ) ;
#3305 = LINE ( 'NONE', #10456, #7003 ) ;
#3306 = CARTESIAN_POINT ( 'NONE',  ( 25.39999999999999858, 2.177422008883992879E-16, -0.8890000000000013447 ) ) ;
#3307 = EDGE_CURVE ( 'NONE', #3094, #880, #11681, .T. ) ;
#3308 = ORIENTED_EDGE ( 'NONE', *, *, #8558, .T. ) ;
#3309 = FACE_OUTER_BOUND ( 'NONE', #7785, .T. ) ;
#3310 = ORIENTED_EDGE ( 'NONE', *, *, #10420, .F. ) ;
#3311 = CARTESIAN_POINT ( 'NONE',  ( 16.12899999999999778, 7.239000000000000767, 0.3809999999999962861 ) ) ;
#3312 = PRODUCT_DEFINITION_CONTEXT ( 'detailed design', #6754, 'design' ) ;
#3313 = EDGE_CURVE ( 'NONE', #12099, #2877, #8748, .T. ) ;
#3314 = ORIENTED_EDGE ( 'NONE', *, *, #1659, .T. ) ;
#3315 = CARTESIAN_POINT ( 'NONE',  ( 17.77999999999999758, 8.509000000000000341, -1.270000000000001128 ) ) ;
#3316 = LINE ( 'NONE', #12118, #6904 ) ;
#3317 = DIRECTION ( 'NONE',  ( 0.000000000000000000, -1.000000000000000000, -1.733406087350420004E-16 ) ) ;
#3318 = EDGE_LOOP ( 'NONE', ( #9534, #9518, #9995, #12713 ) ) ;
#3319 = DIRECTION ( 'NONE',  ( 1.000000000000000000, 0.000000000000000000, 0.000000000000000000 ) ) ;
#3320 = ORIENTED_EDGE ( 'NONE', *, *, #6050, .F. ) ;
#3321 = ORIENTED_EDGE ( 'NONE', *, *, #4657, .T. ) ;
#3322 = CARTESIAN_POINT ( 'NONE',  ( 0.8889999999999974589, 7.239000000000000767, -0.3810000000000025033 ) ) ;
#3323 = ORIENTED_EDGE ( 'NONE', *, *, #12722, .T. ) ;
#3324 = ORIENTED_EDGE ( 'NONE', *, *, #7968, .F. ) ;
#3325 = ADVANCED_FACE ( 'NONE', ( #5763 ), #9546, .F. ) ;
#3326 = DIRECTION ( 'NONE',  ( 0.000000000000000000, 0.000000000000000000, 1.000000000000000000 ) ) ;
#3327 = ORIENTED_EDGE ( 'NONE', *, *, #4754, .F. ) ;
#3328 = LINE ( 'NONE', #7505, #1291 ) ;
#3329 = DIRECTION ( 'NONE',  ( -0.000000000000000000, 1.000000000000000000, 1.733406087350420004E-16 ) ) ;
#3330 = VERTEX_POINT ( 'NONE', #10515 ) ;
#3331 = CARTESIAN_POINT ( 'NONE',  ( 8.508999999999995012, 7.239000000000000767, 0.3809999999999962861 ) ) ;
#3332 = DIRECTION ( 'NONE',  ( 0.000000000000000000, 0.000000000000000000, -1.000000000000000000 ) ) ;
#3333 = LINE ( 'NONE', #11281, #3059 ) ;
#3334 = ORIENTED_EDGE ( 'NONE', *, *, #5460, .T. ) ;
#3335 = CARTESIAN_POINT ( 'NONE',  ( 21.20899999999999963, 8.064500000000000668, -0.3810000000000023368 ) ) ;
#3336 = DIRECTION ( 'NONE',  ( -0.000000000000000000, -0.000000000000000000, 1.000000000000000000 ) ) ;
#3337 = CARTESIAN_POINT ( 'NONE',  ( -17.78000000000000469, 0.5080000000000002292, -0.7528818102449945648 ) ) ;
#3338 = ADVANCED_FACE ( 'NONE', ( #3542 ), #814, .F. ) ;
#3339 = ORIENTED_EDGE ( 'NONE', *, *, #10977, .T. ) ;
#3340 = EDGE_CURVE ( 'NONE', #6690, #4255, #4791, .T. ) ;
#3341 = LINE ( 'NONE', #8367, #6368 ) ;
#3342 = AXIS2_PLACEMENT_3D ( 'NONE', #8333, #3441, #6514 ) ;
#3343 = VECTOR ( 'NONE', #4584, 1000.000000000000000 ) ;
#3344 = ORIENTED_EDGE ( 'NONE', *, *, #2130, .F. ) ;
#3345 = PRODUCT_DEFINITION_SHAPE ( 'NONE', 'NONE',  #12887 ) ;
#3346 = ADVANCED_FACE ( 'NONE', ( #7778 ), #2834, .F. ) ;
#3347 = CARTESIAN_POINT ( 'NONE',  ( -10.16000000000000547, 2.177422008883992879E-16, -0.8890000000000013447 ) ) ;
#3348 = CARTESIAN_POINT ( 'NONE',  ( 22.85999999999999943, 0.5080000000000000071, 0.7528818102449925664 ) ) ;
#3349 = CARTESIAN_POINT ( 'NONE',  ( 0.8889999999999974589, 7.239000000000000767, 0.3809999999999962861 ) ) ;
#3350 = FACE_OUTER_BOUND ( 'NONE', #3263, .T. ) ;
#3351 = CARTESIAN_POINT ( 'NONE',  ( -5.080000000000004512, 0.5080000000000000071, 0.7528818102449925664 ) ) ;
#3352 = FACE_OUTER_BOUND ( 'NONE', #9658, .T. ) ;
#3353 = ORIENTED_EDGE ( 'NONE', *, *, #9161, .F. ) ;
#3354 = EDGE_CURVE ( 'NONE', #6384, #8762, #5823, .T. ) ;
#3355 = DIRECTION ( 'NONE',  ( 0.000000000000000000, 1.000000000000000000, -5.054934237236841843E-31 ) ) ;
#3356 = LINE ( 'NONE', #2257, #11329 ) ;
#3357 = VERTEX_POINT ( 'NONE', #9794 ) ;
#3358 = CARTESIAN_POINT ( 'NONE',  ( -5.080000000000004512, 3.110602869834277161E-16, -1.270000000000001128 ) ) ;
#3359 = EDGE_LOOP ( 'NONE', ( #7297, #5228, #5989, #12577 ) ) ;
#3360 = VECTOR ( 'NONE', #12090, 1000.000000000000114 ) ;
#3361 = VECTOR ( 'NONE', #2058, 1000.000000000000000 ) ;
#3362 = DIRECTION ( 'NONE',  ( 0.000000000000000000, -5.054934237236841843E-31, -1.000000000000000000 ) ) ;
#3363 = ORIENTED_EDGE ( 'NONE', *, *, #6665, .F. ) ;
#3364 = DIRECTION ( 'NONE',  ( -0.000000000000000000, 1.000000000000000000, 1.733406087350420004E-16 ) ) ;
#3365 = DIRECTION ( 'NONE',  ( -1.000000000000000000, 0.000000000000000000, 0.000000000000000000 ) ) ;
#3366 = EDGE_LOOP ( 'NONE', ( #8929, #8603, #6262, #5022 ) ) ;
#3367 = CARTESIAN_POINT ( 'NONE',  ( 21.20899999999999963, 7.239000000000000767, 0.3809999999999962861 ) ) ;
#3368 = ORIENTED_EDGE ( 'NONE', *, *, #8204, .F. ) ;
#3369 = ADVANCED_FACE ( 'NONE', ( #4669 ), #869, .F. ) ;
#3370 = CARTESIAN_POINT ( 'NONE',  ( 7.619999999999994778, 0.5080000000000002292, -0.7528818102449945648 ) ) ;
#3371 = VECTOR ( 'NONE', #12679, 1000.000000000000000 ) ;
#3372 = EDGE_CURVE ( 'NONE', #7478, #10984, #8626, .T. ) ;
#3373 = VERTEX_POINT ( 'NONE', #5888 ) ;
#3374 = ADVANCED_FACE ( 'NONE', ( #11026 ), #7075, .F. ) ;
#3375 = CARTESIAN_POINT ( 'NONE',  ( 7.619999999999994778, 0.000000000000000000, 0.000000000000000000 ) ) ;
#3376 = CARTESIAN_POINT ( 'NONE',  ( 4.190999999999993619, 8.064500000000000668, 0.3809999999999964526 ) ) ;
#3377 = VECTOR ( 'NONE', #11922, 1000.000000000000000 ) ;
#3378 = EDGE_CURVE ( 'NONE', #11876, #6180, #6152, .T. ) ;
#3379 = DIRECTION ( 'NONE',  ( 0.000000000000000000, -1.000000000000000000, -2.338910953479677683E-16 ) ) ;
#3380 = ORIENTED_EDGE ( 'NONE', *, *, #8940, .F. ) ;
#3381 = FACE_OUTER_BOUND ( 'NONE', #793, .T. ) ;
#3382 = ORIENTED_EDGE ( 'NONE', *, *, #2384, .T. ) ;
#3383 = VECTOR ( 'NONE', #10127, 1000.000000000000000 ) ;
#3384 = ORIENTED_EDGE ( 'NONE', *, *, #4140, .T. ) ;
#3385 = ORIENTED_EDGE ( 'NONE', *, *, #4605, .T. ) ;
#3386 = DIRECTION ( 'NONE',  ( 0.000000000000000000, 0.000000000000000000, -1.000000000000000000 ) ) ;
#3387 = ORIENTED_EDGE ( 'NONE', *, *, #7431, .F. ) ;
#3388 = AXIS2_PLACEMENT_3D ( 'NONE', #8897, #7726, #3945 ) ;
#3389 = ADVANCED_FACE ( 'NONE', ( #11819 ), #7976, .F. ) ;
#3390 = VERTEX_POINT ( 'NONE', #5033 ) ;
#3391 = CARTESIAN_POINT ( 'NONE',  ( -22.86000000000000654, 8.509000000000000341, 1.270000000000001128 ) ) ;
#3392 = ORIENTED_EDGE ( 'NONE', *, *, #12415, .T. ) ;
#3393 = DIRECTION ( 'NONE',  ( 0.000000000000000000, 5.054934237236841843E-31, 1.000000000000000000 ) ) ;
#3394 = CARTESIAN_POINT ( 'NONE',  ( -3.429000000000005155, 7.239000000000000767, 0.3809999999999962861 ) ) ;
#3395 = ORIENTED_EDGE ( 'NONE', *, *, #148, .F. ) ;
#3396 = CARTESIAN_POINT ( 'NONE',  ( -23.74900000000000588, 7.239000000000000767, -0.3810000000000025033 ) ) ;
#3397 = CARTESIAN_POINT ( 'NONE',  ( -25.40000000000000568, 0.5080000000000002292, -0.7528818102449945648 ) ) ;
#3398 = AXIS2_PLACEMENT_3D ( 'NONE', #9197, #270, #4246 ) ;
#3399 = FACE_OUTER_BOUND ( 'NONE', #6271, .T. ) ;
#3400 = ORIENTED_EDGE ( 'NONE', *, *, #5222, .T. ) ;
#3401 = CARTESIAN_POINT ( 'NONE',  ( 10.15999999999999481, 8.509000000000000341, -1.270000000000001128 ) ) ;
#3402 = DIRECTION ( 'NONE',  ( -0.000000000000000000, 0.000000000000000000, -1.000000000000000000 ) ) ;
#3403 = EDGE_CURVE ( 'NONE', #116, #5441, #10110, .T. ) ;
#3404 = DIRECTION ( 'NONE',  ( 0.000000000000000000, -0.9659258262890700886, 0.2588190451025140781 ) ) ;
#3405 = VECTOR ( 'NONE', #9991, 1000.000000000000000 ) ;
#3406 = ORIENTED_EDGE ( 'NONE', *, *, #6015, .T. ) ;
#3407 = EDGE_CURVE ( 'NONE', #745, #7426, #11875, .T. ) ;
#3408 = DIRECTION ( 'NONE',  ( 1.000000000000000000, 0.000000000000000000, 0.000000000000000000 ) ) ;
#3409 = VECTOR ( 'NONE', #10803, 999.9999999999998863 ) ;
#3410 = FACE_OUTER_BOUND ( 'NONE', #4551, .T. ) ;
#3411 = ORIENTED_EDGE ( 'NONE', *, *, #1349, .F. ) ;
#3412 = ADVANCED_FACE ( 'NONE', ( #938 ), #3866, .F. ) ;
#3413 = CARTESIAN_POINT ( 'NONE',  ( -19.17700000000000671, 7.810500000000000220, -0.1270000000000020557 ) ) ;
#3414 = EDGE_CURVE ( 'NONE', #4017, #12678, #12071, .T. ) ;
#3415 = CARTESIAN_POINT ( 'NONE',  ( 10.15999999999999481, 0.000000000000000000, 1.269999999999998908 ) ) ;
#3416 = LINE ( 'NONE', #484, #8201 ) ;
#3417 = LINE ( 'NONE', #6299, #4198 ) ;
#3418 = AXIS2_PLACEMENT_3D ( 'NONE', #6603, #5602, #11528 ) ;
#3419 = DIRECTION ( 'NONE',  ( -1.000000000000000000, -0.000000000000000000, -0.000000000000000000 ) ) ;
#3420 = AXIS2_PLACEMENT_3D ( 'NONE', #5779, #2904, #8573 ) ;
#3421 = DIRECTION ( 'NONE',  ( 0.000000000000000000, 2.449293598294710852E-16, -1.000000000000000000 ) ) ;
#3422 = ORIENTED_EDGE ( 'NONE', *, *, #1213, .T. ) ;
#3423 = AXIS2_PLACEMENT_3D ( 'NONE', #11584, #10536, #6836 ) ;
#3424 = EDGE_CURVE ( 'NONE', #5576, #6447, #5960, .T. ) ;
#3425 = CARTESIAN_POINT ( 'NONE',  ( -15.24000000000000554, -1.925929944387235853E-31, 0.8889999999999991243 ) ) ;
#3426 = EDGE_CURVE ( 'NONE', #450, #1297, #10039, .T. ) ;
#3427 = PLANE ( 'NONE',  #11133 ) ;
#3428 = EDGE_LOOP ( 'NONE', ( #4577, #11241, #10023, #3066 ) ) ;
#3429 = LINE ( 'NONE', #7416, #10469 ) ;
#3430 = CONTEXT_DEPENDENT_SHAPE_REPRESENTATION ( #7007, #6822 ) ;
#3431 = VERTEX_POINT ( 'NONE', #12853 ) ;
#3432 = VECTOR ( 'NONE', #596, 1000.000000000000000 ) ;
#3433 = VECTOR ( 'NONE', #1265, 1000.000000000000000 ) ;
#3434 = EDGE_CURVE ( 'NONE', #3810, #2591, #9077, .T. ) ;
#3435 = LINE ( 'NONE', #2584, #8768 ) ;
#3436 = ORIENTED_EDGE ( 'NONE', *, *, #10412, .T. ) ;
#3437 = CARTESIAN_POINT ( 'NONE',  ( -22.86000000000000654, 0.5080000000000000071, 0.7528818102449925664 ) ) ;
#3438 = LINE ( 'NONE', #11314, #8451 ) ;
#3439 = CARTESIAN_POINT ( 'NONE',  ( 12.69999999999999574, 3.110602869834277161E-16, -1.270000000000001128 ) ) ;
#3440 = VERTEX_POINT ( 'NONE', #3931 ) ;
#3441 = DIRECTION ( 'NONE',  ( 0.000000000000000000, 1.000000000000000000, -5.054934237236841843E-31 ) ) ;
#3442 = ORIENTED_EDGE ( 'NONE', *, *, #870, .F. ) ;
#3443 = LINE ( 'NONE', #5456, #9698 ) ;
#3444 = AXIS2_PLACEMENT_3D ( 'NONE', #7518, #9597, #674 ) ;
#3445 = UNCERTAINTY_MEASURE_WITH_UNIT (LENGTH_MEASURE( 1.000000000000000082E-05 ), #792, 'distance_accuracy_value', 'NONE');
#3446 = VECTOR ( 'NONE', #10119, 999.9999999999998863 ) ;
#3447 = ORIENTED_EDGE ( 'NONE', *, *, #2229, .T. ) ;
#3448 = DIRECTION ( 'NONE',  ( -1.000000000000000000, -0.000000000000000000, -0.000000000000000000 ) ) ;
#3449 =( NAMED_UNIT ( * ) PLANE_ANGLE_UNIT ( ) SI_UNIT ( $, .RADIAN. ) );
#3450 = LINE ( 'NONE', #1483, #11894 ) ;
#3451 = AXIS2_PLACEMENT_3D ( 'NONE', #1482, #4296, #9316 ) ;
#3452 = VECTOR ( 'NONE', #9428, 1000.000000000000000 ) ;
#3453 = ADVANCED_FACE ( 'NONE', ( #7012 ), #8044, .F. ) ;
#3454 = CARTESIAN_POINT ( 'NONE',  ( 24.00300000000000011, 7.810500000000000220, -0.1270000000000020557 ) ) ;
#3455 = VERTEX_POINT ( 'NONE', #10973 ) ;
#3456 = LINE ( 'NONE', #7559, #1748 ) ;
#3457 = EDGE_LOOP ( 'NONE', ( #2989, #7964, #2647, #6666, #6924, #11731, #654, #11574 ) ) ;
#3458 = ORIENTED_EDGE ( 'NONE', *, *, #10034, .T. ) ;
#3459 = DIRECTION ( 'NONE',  ( 0.000000000000000000, 1.000000000000000000, 2.548365665731588345E-16 ) ) ;
#3460 = DIRECTION ( 'NONE',  ( -0.000000000000000000, 1.000000000000000000, 1.733406087350420004E-16 ) ) ;
#3461 = ORIENTED_EDGE ( 'NONE', *, *, #6936, .T. ) ;
#3462 = PRODUCT_DEFINITION_SHAPE ( 'NONE', 'NONE',  #12899 ) ;
#3463 = ORIENTED_EDGE ( 'NONE', *, *, #7027, .T. ) ;
#3464 = VECTOR ( 'NONE', #6186, 1000.000000000000000 ) ;
#3465 = FACE_BOUND ( 'NONE', #5437, .T. ) ;
#3466 = VERTEX_POINT ( 'NONE', #1002 ) ;
#3467 = LINE ( 'NONE', #11411, #11080 ) ;
#3468 = CARTESIAN_POINT ( 'NONE',  ( 28.19400000000000617, 0.5080000000000002292, -0.7528818102449945648 ) ) ;
#3469 = EDGE_LOOP ( 'NONE', ( #4439, #12594, #8973, #7741 ) ) ;
#3470 = DIRECTION ( 'NONE',  ( -1.000000000000000000, 0.000000000000000000, 0.000000000000000000 ) ) ;
#3471 = DIRECTION ( 'NONE',  ( 0.7071067811865475727, -0.7071067811865475727, 0.000000000000000000 ) ) ;
#3472 = EDGE_CURVE ( 'NONE', #856, #8478, #4979, .T. ) ;
#3473 = AXIS2_PLACEMENT_3D ( 'NONE', #6105, #12811, #103 ) ;
#3474 = ORIENTED_EDGE ( 'NONE', *, *, #6933, .T. ) ;
#3475 = LINE ( 'NONE', #9535, #4515 ) ;
#3476 = CARTESIAN_POINT ( 'NONE',  ( 12.69999999999999574, 3.110602869834277161E-16, -1.270000000000001128 ) ) ;
#3477 = SURFACE_STYLE_USAGE ( .BOTH. , #11550 ) ;
#3478 = DIRECTION ( 'NONE',  ( 0.7071067811865475727, -0.7071067811865475727, 0.000000000000000000 ) ) ;
#3479 = VERTEX_POINT ( 'NONE', #6019 ) ;
#3480 = EDGE_CURVE ( 'NONE', #5498, #7242, #9977, .T. ) ;
#3481 = LINE ( 'NONE', #6289, #12600 ) ;
#3482 = VECTOR ( 'NONE', #9862, 1000.000000000000000 ) ;
#3483 = CARTESIAN_POINT ( 'NONE',  ( 22.41549999999999798, 8.509000000000000341, 0.8254999999999981242 ) ) ;
#3484 = EDGE_LOOP ( 'NONE', ( #4382, #1352, #7099, #7906 ) ) ;
#3485 = LINE ( 'NONE', #5501, #8794 ) ;
#3486 = DIRECTION ( 'NONE',  ( 0.000000000000000000, 2.449293598294710852E-16, -1.000000000000000000 ) ) ;
#3487 = CARTESIAN_POINT ( 'NONE',  ( 7.619999999999994778, 2.177422008883992879E-16, -0.8890000000000013447 ) ) ;
#3488 = PLANE ( 'NONE',  #5712 ) ;
#3489 = ADVANCED_FACE ( 'NONE', ( #4122 ), #3138, .F. ) ;
#3490 = DIRECTION ( 'NONE',  ( -0.000000000000000000, 0.2588190451025140781, 0.9659258262890700886 ) ) ;
#3491 = FACE_BOUND ( 'NONE', #7413, .T. ) ;
#3492 = ORIENTED_EDGE ( 'NONE', *, *, #1181, .F. ) ;
#3493 = CARTESIAN_POINT ( 'NONE',  ( 5.079999999999993854, 8.509000000000000341, -1.270000000000001128 ) ) ;
#3494 = EDGE_CURVE ( 'NONE', #6637, #9769, #4059, .T. ) ;
#3495 = ORIENTED_EDGE ( 'NONE', *, *, #4452, .F. ) ;
#3496 = CARTESIAN_POINT ( 'NONE',  ( -1.651000000000003132, 8.064500000000000668, 0.3809999999999964526 ) ) ;
#3497 = VERTEX_POINT ( 'NONE', #8821 ) ;
#3498 = CARTESIAN_POINT ( 'NONE',  ( -27.94000000000000483, 0.000000000000000000, 0.000000000000000000 ) ) ;
#3499 = EDGE_CURVE ( 'NONE', #10582, #7887, #9399, .T. ) ;
#3500 = PLANE ( 'NONE',  #7357 ) ;
#3501 = LINE ( 'NONE', #5333, #3452 ) ;
#3502 = DIRECTION ( 'NONE',  ( -1.000000000000000000, -0.000000000000000000, -0.000000000000000000 ) ) ;
#3503 = ORIENTED_EDGE ( 'NONE', *, *, #6305, .T. ) ;
#3504 = CARTESIAN_POINT ( 'NONE',  ( 5.968999999999994976, 8.064500000000000668, 0.3809999999999964526 ) ) ;
#3505 = ORIENTED_EDGE ( 'NONE', *, *, #4452, .T. ) ;
#3506 = CARTESIAN_POINT ( 'NONE',  ( 13.58899999999999686, 8.064500000000000668, 0.3809999999999964526 ) ) ;
#3507 = EDGE_CURVE ( 'NONE', #3440, #12316, #11218, .T. ) ;
#3508 = VERTEX_POINT ( 'NONE', #467 ) ;
#3509 = ADVANCED_FACE ( 'NONE', ( #12330 ), #2361, .F. ) ;
#3510 = DIRECTION ( 'NONE',  ( -0.000000000000000000, 1.000000000000000000, 2.449293598294710852E-16 ) ) ;
#3511 = CARTESIAN_POINT ( 'NONE',  ( -20.32000000000000384, 8.509000000000000341, -1.270000000000001128 ) ) ;
#3512 = ADVANCED_FACE ( 'NONE', ( #2235 ), #5364, .F. ) ;
#3513 = CARTESIAN_POINT ( 'NONE',  ( 5.079999999999993854, 0.000000000000000000, 0.000000000000000000 ) ) ;
#3514 = ORIENTED_EDGE ( 'NONE', *, *, #8094, .T. ) ;
#3515 = DIRECTION ( 'NONE',  ( -1.000000000000000000, -0.000000000000000000, -0.000000000000000000 ) ) ;
#3516 = ORIENTED_EDGE ( 'NONE', *, *, #12808, .T. ) ;
#3517 = ORIENTED_EDGE ( 'NONE', *, *, #9141, .T. ) ;
#3518 = ADVANCED_FACE ( 'NONE', ( #3399 ), #4181, .T. ) ;
#3519 = CARTESIAN_POINT ( 'NONE',  ( 24.95549999999999713, 8.509000000000000341, -1.270000000000001128 ) ) ;
#3520 = ORIENTED_EDGE ( 'NONE', *, *, #12455, .T. ) ;
#3521 = ORIENTED_EDGE ( 'NONE', *, *, #7956, .T. ) ;
#3522 = DIRECTION ( 'NONE',  ( 0.000000000000000000, 2.449293598294710852E-16, -1.000000000000000000 ) ) ;
#3523 = ORIENTED_EDGE ( 'NONE', *, *, #9070, .T. ) ;
#3524 = CARTESIAN_POINT ( 'NONE',  ( -25.40000000000000568, 0.000000000000000000, 1.269999999999998908 ) ) ;
#3525 = DIRECTION ( 'NONE',  ( 0.000000000000000000, -1.000000000000000000, -2.667820306312752381E-16 ) ) ;
#3526 = ORIENTED_EDGE ( 'NONE', *, *, #8598, .T. ) ;
#3527 = CARTESIAN_POINT ( 'NONE',  ( -24.51100000000000634, 8.064500000000000668, 0.3809999999999962861 ) ) ;
#3528 = CARTESIAN_POINT ( 'NONE',  ( 20.31999999999999673, -1.925929944387235853E-31, 0.8889999999999991243 ) ) ;
#3529 = ORIENTED_EDGE ( 'NONE', *, *, #12515, .T. ) ;
#3530 = CARTESIAN_POINT ( 'NONE',  ( 22.85999999999999943, 0.5080000000000002292, -0.7528818102449945648 ) ) ;
#3531 = CARTESIAN_POINT ( 'NONE',  ( 12.69999999999999574, -1.925929944387235853E-31, 0.8889999999999991243 ) ) ;
#3532 = EDGE_CURVE ( 'NONE', #62, #3390, #8235, .T. ) ;
#3533 = LINE ( 'NONE', #5753, #514 ) ;
#3534 = CARTESIAN_POINT ( 'NONE',  ( -24.95550000000000423, 8.509000000000000341, 0.8254999999999981242 ) ) ;
#3535 = EDGE_CURVE ( 'NONE', #3373, #8582, #7387, .T. ) ;
#3536 = PLANE ( 'NONE',  #3444 ) ;
#3537 = ORIENTED_EDGE ( 'NONE', *, *, #6548, .T. ) ;
#3538 = LINE ( 'NONE', #11485, #6089 ) ;
#3539 = LINE ( 'NONE', #7521, #6106 ) ;
#3540 = DIRECTION ( 'NONE',  ( 0.000000000000000000, 0.000000000000000000, -1.000000000000000000 ) ) ;
#3541 = DIRECTION ( 'NONE',  ( 0.000000000000000000, -5.054934237236841843E-31, -1.000000000000000000 ) ) ;
#3542 = FACE_OUTER_BOUND ( 'NONE', #10753, .T. ) ;
#3543 = CARTESIAN_POINT ( 'NONE',  ( 24.51099999999999923, 7.239000000000000767, 0.3809999999999962861 ) ) ;
#3544 = DIRECTION ( 'NONE',  ( 0.000000000000000000, 0.000000000000000000, 1.000000000000000000 ) ) ;
#3545 = ORIENTED_EDGE ( 'NONE', *, *, #6516, .F. ) ;
#3546 = CARTESIAN_POINT ( 'NONE',  ( -17.78000000000000469, 0.000000000000000000, 1.269999999999998908 ) ) ;
#3547 = DIRECTION ( 'NONE',  ( -0.000000000000000000, 0.2588190451025140781, 0.9659258262890700886 ) ) ;
#3548 = ORIENTED_EDGE ( 'NONE', *, *, #3728, .T. ) ;
#3549 = DIRECTION ( 'NONE',  ( -0.000000000000000000, 1.000000000000000000, 1.733406087350420004E-16 ) ) ;
#3550 = ORIENTED_EDGE ( 'NONE', *, *, #1038, .T. ) ;
#3551 = CARTESIAN_POINT ( 'NONE',  ( -12.70000000000000462, 8.509000000000000341, 1.270000000000001128 ) ) ;
#3552 = VERTEX_POINT ( 'NONE', #4385 ) ;
#3553 = DIRECTION ( 'NONE',  ( 0.000000000000000000, 5.054934237236841843E-31, 1.000000000000000000 ) ) ;
#3554 = LINE ( 'NONE', #2325, #8416 ) ;
#3555 = CARTESIAN_POINT ( 'NONE',  ( 27.94000000000000128, 2.177422008883992879E-16, -0.8890000000000013447 ) ) ;
#3556 = AXIS2_PLACEMENT_3D ( 'NONE', #7077, #5102, #1249 ) ;
#3557 = ORIENTED_EDGE ( 'NONE', *, *, #10796, .F. ) ;
#3558 = ORIENTED_EDGE ( 'NONE', *, *, #2435, .F. ) ;
#3559 = DIRECTION ( 'NONE',  ( 1.000000000000000000, 0.000000000000000000, 0.000000000000000000 ) ) ;
#3560 = UNCERTAINTY_MEASURE_WITH_UNIT (LENGTH_MEASURE( 1.000000000000000082E-05 ), #10278, 'distance_accuracy_value', 'NONE');
#3561 = EDGE_CURVE ( 'NONE', #8379, #7745, #3205, .T. ) ;
#3562 = ORIENTED_EDGE ( 'NONE', *, *, #10574, .F. ) ;
#3563 = VECTOR ( 'NONE', #5990, 1000.000000000000000 ) ;
#3564 = ADVANCED_FACE ( 'NONE', ( #8357 ), #5301, .F. ) ;
#3565 = PLANE ( 'NONE',  #1120 ) ;
#3566 = DIRECTION ( 'NONE',  ( 0.000000000000000000, 0.000000000000000000, 1.000000000000000000 ) ) ;
#3567 = ORIENTED_EDGE ( 'NONE', *, *, #7345, .T. ) ;
#3568 = DIRECTION ( 'NONE',  ( 0.000000000000000000, 0.9659258262890700886, -0.2588190451025140781 ) ) ;
#3569 = EDGE_CURVE ( 'NONE', #10847, #6249, #6215, .T. ) ;
#3570 = DIRECTION ( 'NONE',  ( -1.000000000000000000, -0.000000000000000000, -0.000000000000000000 ) ) ;
#3571 = EDGE_LOOP ( 'NONE', ( #12646, #11155, #6781, #2602 ) ) ;
#3572 = ADVANCED_FACE ( 'NONE', ( #8422 ), #12398, .F. ) ;
#3573 = AXIS2_PLACEMENT_3D ( 'NONE', #5319, #7404, #12282 ) ;
#3574 = CARTESIAN_POINT ( 'NONE',  ( -10.16000000000000547, 3.110602869834277161E-16, -1.270000000000001128 ) ) ;
#3575 = VECTOR ( 'NONE', #7204, 1000.000000000000000 ) ;
#3576 = EDGE_LOOP ( 'NONE', ( #7763, #9237, #891, #12332 ) ) ;
#3577 = VERTEX_POINT ( 'NONE', #1383 ) ;
#3578 = DIRECTION ( 'NONE',  ( -0.000000000000000000, 0.000000000000000000, -1.000000000000000000 ) ) ;
#3579 = ORIENTED_EDGE ( 'NONE', *, *, #1776, .T. ) ;
#3580 = ADVANCED_FACE ( 'NONE', ( #9339 ), #10366, .F. ) ;
#3581 = ORIENTED_EDGE ( 'NONE', *, *, #3894, .T. ) ;
#3582 = EDGE_CURVE ( 'NONE', #1626, #6860, #7456, .T. ) ;
#3583 = VECTOR ( 'NONE', #1500, 1000.000000000000000 ) ;
#3584 = FACE_OUTER_BOUND ( 'NONE', #4350, .T. ) ;
#3585 = VERTEX_POINT ( 'NONE', #11415 ) ;
#3586 = PLANE ( 'NONE',  #6309 ) ;
#3587 = VECTOR ( 'NONE', #9672, 1000.000000000000000 ) ;
#3588 = DIRECTION ( 'NONE',  ( 0.000000000000000000, 0.000000000000000000, -1.000000000000000000 ) ) ;
#3589 = ORIENTED_EDGE ( 'NONE', *, *, #655, .T. ) ;
#3590 = DIRECTION ( 'NONE',  ( 0.000000000000000000, -0.9659258262890699775, -0.2588190451025145222 ) ) ;
#3591 = ORIENTED_EDGE ( 'NONE', *, *, #3561, .T. ) ;
#3592 = DIRECTION ( 'NONE',  ( 0.000000000000000000, 1.000000000000000000, 2.548365665731588345E-16 ) ) ;
#3593 = VECTOR ( 'NONE', #12027, 1000.000000000000000 ) ;
#3594 = CARTESIAN_POINT ( 'NONE',  ( -19.43100000000000449, 7.239000000000000767, 0.3809999999999962861 ) ) ;
#3595 = CARTESIAN_POINT ( 'NONE',  ( -28.19400000000000617, 0.5080000000000002292, -0.7528818102449945648 ) ) ;
#3596 = FACE_OUTER_BOUND ( 'NONE', #2064, .T. ) ;
#3597 = FACE_OUTER_BOUND ( 'NONE', #3923, .T. ) ;
#3598 = ORIENTED_EDGE ( 'NONE', *, *, #4375, .F. ) ;
#3599 = AXIS2_PLACEMENT_3D ( 'NONE', #12402, #10497, #4456 ) ;
#3600 = VECTOR ( 'NONE', #463, 1000.000000000000000 ) ;
#3601 = LINE ( 'NONE', #7587, #10243 ) ;
#3602 = CARTESIAN_POINT ( 'NONE',  ( -20.32000000000000384, 0.000000000000000000, 1.269999999999998908 ) ) ;
#3603 = DIRECTION ( 'NONE',  ( 0.000000000000000000, -0.000000000000000000, -1.000000000000000000 ) ) ;
#3604 = PLANE ( 'NONE',  #6569 ) ;
#3605 = EDGE_LOOP ( 'NONE', ( #51, #6758, #9778, #3339 ) ) ;
#3606 = LINE ( 'NONE', #12543, #4329 ) ;
#3607 = CARTESIAN_POINT ( 'NONE',  ( -11.81100000000000527, 7.239000000000000767, -0.3810000000000025033 ) ) ;
#3608 = ORIENTED_EDGE ( 'NONE', *, *, #9013, .F. ) ;
#3609 = CARTESIAN_POINT ( 'NONE',  ( 10.15999999999999481, 3.110602869834277161E-16, -1.270000000000001128 ) ) ;
#3610 = VECTOR ( 'NONE', #1673, 1000.000000000000000 ) ;
#3611 = FILL_AREA_STYLE_COLOUR ( '', #5094 ) ;
#3612 = EDGE_LOOP ( 'NONE', ( #128, #12367, #379, #8659 ) ) ;
#3613 = EDGE_CURVE ( 'NONE', #45, #9203, #3333, .T. ) ;
#3614 = LINE ( 'NONE', #2651, #11741 ) ;
#3615 = ORIENTED_EDGE ( 'NONE', *, *, #1274, .F. ) ;
#3616 = DIRECTION ( 'NONE',  ( 1.000000000000000000, 0.000000000000000000, -0.000000000000000000 ) ) ;
#3617 = VERTEX_POINT ( 'NONE', #11161 ) ;
#3618 = CARTESIAN_POINT ( 'NONE',  ( -21.71700000000000230, 7.810500000000000220, -0.1270000000000020557 ) ) ;
#3619 = VECTOR ( 'NONE', #10762, 1000.000000000000114 ) ;
#3620 = AXIS2_PLACEMENT_3D ( 'NONE', #7149, #2174, #1979 ) ;
#3621 = CARTESIAN_POINT ( 'NONE',  ( 26.54299999999999926, 7.810500000000000220, -0.1270000000000020557 ) ) ;
#3622 = DIRECTION ( 'NONE',  ( -0.000000000000000000, 1.000000000000000000, 2.449293598294710852E-16 ) ) ;
#3623 = SURFACE_SIDE_STYLE ('',( #6765 ) ) ;
#3624 = VECTOR ( 'NONE', #8557, 1000.000000000000000 ) ;
#3625 = ORIENTED_EDGE ( 'NONE', *, *, #7807, .F. ) ;
#3626 = LINE ( 'NONE', #832, #9513 ) ;
#3627 = VECTOR ( 'NONE', #3717, 1000.000000000000000 ) ;
#3628 = FACE_OUTER_BOUND ( 'NONE', #5804, .T. ) ;
#3629 = VECTOR ( 'NONE', #9480, 1000.000000000000114 ) ;
#3630 = ORIENTED_EDGE ( 'NONE', *, *, #11230, .F. ) ;
#3631 = VECTOR ( 'NONE', #10646, 1000.000000000000000 ) ;
#3632 = EDGE_CURVE ( 'NONE', #8727, #2729, #211, .T. ) ;
#3633 = CARTESIAN_POINT ( 'NONE',  ( 3.428999999999994497, 7.239000000000000767, 0.3809999999999962861 ) ) ;
#3634 = CARTESIAN_POINT ( 'NONE',  ( 24.12999999999999901, 0.000000000000000000, 0.000000000000000000 ) ) ;
#3635 = ORIENTED_EDGE ( 'NONE', *, *, #8311, .T. ) ;
#3636 = LINE ( 'NONE', #12571, #1480 ) ;
#3637 = VECTOR ( 'NONE', #6712, 1000.000000000000114 ) ;
#3638 = DIRECTION ( 'NONE',  ( 0.000000000000000000, -1.000000000000000000, -1.733406087350420004E-16 ) ) ;
#3639 = SURFACE_STYLE_FILL_AREA ( #5851 ) ;
#3640 = ORIENTED_EDGE ( 'NONE', *, *, #5900, .F. ) ;
#3641 = VECTOR ( 'NONE', #285, 1000.000000000000000 ) ;
#3642 = CARTESIAN_POINT ( 'NONE',  ( -5.969000000000005635, 7.239000000000000767, 0.3809999999999962861 ) ) ;
#3643 = EDGE_CURVE ( 'NONE', #2415, #6726, #6352, .T. ) ;
#3644 = AXIS2_PLACEMENT_3D ( 'NONE', #7647, #5813, #1835 ) ;
#3645 = ORIENTED_EDGE ( 'NONE', *, *, #9464, .T. ) ;
#3646 = ORIENTED_EDGE ( 'NONE', *, *, #5276, .T. ) ;
#3647 = ORIENTED_EDGE ( 'NONE', *, *, #2640, .T. ) ;
#3648 = ORIENTED_EDGE ( 'NONE', *, *, #1349, .T. ) ;
#3649 = EDGE_CURVE ( 'NONE', #954, #8529, #5484, .T. ) ;
#3650 = VECTOR ( 'NONE', #4649, 1000.000000000000000 ) ;
#3651 = EDGE_CURVE ( 'NONE', #1012, #9634, #8483, .T. ) ;
#3652 = COLOUR_RGB ( '',0.2509803921568627416, 0.2509803921568627416, 0.2509803921568627416 ) ;
#3653 = AXIS2_PLACEMENT_3D ( 'NONE', #1922, #5907, #7796 ) ;
#3654 = LINE ( 'NONE', #8414, #3650 ) ;
#3655 = ORIENTED_EDGE ( 'NONE', *, *, #632, .F. ) ;
#3656 = DIRECTION ( 'NONE',  ( 0.000000000000000000, -0.9659258262890699775, -0.2588190451025145222 ) ) ;
#3657 = ADVANCED_FACE ( 'NONE', ( #5558 ), #9723, .F. ) ;
#3658 = EDGE_CURVE ( 'NONE', #1424, #1963, #544, .T. ) ;
#3659 = PLANE ( 'NONE',  #10681 ) ;
#3660 = ORIENTED_EDGE ( 'NONE', *, *, #7492, .F. ) ;
#3661 = PLANE ( 'NONE',  #4608 ) ;
#3662 = DIRECTION ( 'NONE',  ( 0.000000000000000000, 0.000000000000000000, -1.000000000000000000 ) ) ;
#3663 = ORIENTED_EDGE ( 'NONE', *, *, #11559, .T. ) ;
#3664 = AXIS2_PLACEMENT_3D ( 'NONE', #11587, #2666, #1674 ) ;
#3665 = PLANE ( 'NONE',  #3599 ) ;
#3666 = CARTESIAN_POINT ( 'NONE',  ( 17.77999999999999758, 0.000000000000000000, 1.269999999999998908 ) ) ;
#3667 = DIRECTION ( 'NONE',  ( 0.000000000000000000, -1.440069553722777377E-16, 1.000000000000000000 ) ) ;
#3668 = EDGE_CURVE ( 'NONE', #9203, #5993, #6670, .T. ) ;
#3669 = DIRECTION ( 'NONE',  ( 0.000000000000000000, 0.000000000000000000, -1.000000000000000000 ) ) ;
#3670 = ORIENTED_EDGE ( 'NONE', *, *, #3702, .F. ) ;
#3671 = ADVANCED_FACE ( 'NONE', ( #12656 ), #12465, .F. ) ;
#3672 = LINE ( 'NONE', #11816, #691 ) ;
#3673 = LINE ( 'NONE', #12787, #9046 ) ;
#3674 = CARTESIAN_POINT ( 'NONE',  ( 26.28900000000000148, 7.239000000000000767, -0.3810000000000025033 ) ) ;
#3675 = DIRECTION ( 'NONE',  ( -0.000000000000000000, 1.000000000000000000, 1.733406087350420004E-16 ) ) ;
#3676 = VERTEX_POINT ( 'NONE', #1505 ) ;
#3677 = FACE_OUTER_BOUND ( 'NONE', #9942, .T. ) ;
#3678 = LINE ( 'NONE', #756, #11502 ) ;
#3679 = ORIENTED_EDGE ( 'NONE', *, *, #1737, .T. ) ;
#3680 = CARTESIAN_POINT ( 'NONE',  ( 15.23999999999999666, 8.509000000000000341, 1.270000000000001128 ) ) ;
#3681 = CLOSED_SHELL ( 'NONE', ( #10091, #3027, #5427, #3144, #2558, #692, #11137, #8150, #12746, #4548, #1064, #9811, #1663, #6329, #7624, #11994, #11085, #12519, #8498 ) ) ;
#3682 = ORIENTED_EDGE ( 'NONE', *, *, #7854, .F. ) ;
#3683 = LINE ( 'NONE', #8831, #11524 ) ;
#3684 = ORIENTED_EDGE ( 'NONE', *, *, #229, .T. ) ;
#3685 = LINE ( 'NONE', #10918, #4424 ) ;
#3686 = ORIENTED_EDGE ( 'NONE', *, *, #6692, .F. ) ;
#3687 = LINE ( 'NONE', #5450, #5259 ) ;
#3688 = DIRECTION ( 'NONE',  ( 1.000000000000000000, 0.000000000000000000, -0.000000000000000000 ) ) ;
#3689 = CARTESIAN_POINT ( 'NONE',  ( 17.77999999999999758, 8.509000000000000341, -1.270000000000001128 ) ) ;
#3690 = LINE ( 'NONE', #10532, #9996 ) ;
#3691 = ORIENTED_EDGE ( 'NONE', *, *, #2801, .T. ) ;
#3692 = LINE ( 'NONE', #9754, #5969 ) ;
#3693 = CARTESIAN_POINT ( 'NONE',  ( -27.05100000000000549, 8.064500000000000668, 0.3809999999999962861 ) ) ;
#3694 = VERTEX_POINT ( 'NONE', #2690 ) ;
#3695 = PLANE ( 'NONE',  #1321 ) ;
#3696 = VECTOR ( 'NONE', #8559, 1000.000000000000000 ) ;
#3697 = VERTEX_POINT ( 'NONE', #11475 ) ;
#3698 = EDGE_CURVE ( 'NONE', #8147, #3987, #2749, .T. ) ;
#3699 = CARTESIAN_POINT ( 'NONE',  ( 28.19400000000000617, 8.509000000000000341, -1.270000000000001128 ) ) ;
#3700 = VERTEX_POINT ( 'NONE', #10623 ) ;
#3701 = DIRECTION ( 'NONE',  ( -0.5773502691896253980, 0.5773502691896253980, -0.5773502691896265082 ) ) ;
#3702 = EDGE_CURVE ( 'NONE', #8789, #10647, #10691, .T. ) ;
#3703 = ORIENTED_EDGE ( 'NONE', *, *, #6639, .F. ) ;
#3704 = ORIENTED_EDGE ( 'NONE', *, *, #5923, .T. ) ;
#3705 = PLANE ( 'NONE',  #5308 ) ;
#3706 = ORIENTED_EDGE ( 'NONE', *, *, #8431, .F. ) ;
#3707 = ORIENTED_EDGE ( 'NONE', *, *, #2229, .F. ) ;
#3708 = CLOSED_SHELL ( 'NONE', ( #3961, #6053, #6135, #12261, #8761, #10343, #11898, #11583, #12062, #3022, #2029, #4302, #7406, #12423, #2618, #1422, #2891, #1540, #5479 ) ) ;
#3709 = DIRECTION ( 'NONE',  ( 1.000000000000000000, 0.000000000000000000, 0.000000000000000000 ) ) ;
#3710 = ORIENTED_EDGE ( 'NONE', *, *, #5620, .T. ) ;
#3711 = CARTESIAN_POINT ( 'NONE',  ( -9.271000000000004349, 8.064500000000000668, -0.3810000000000023368 ) ) ;
#3712 = LINE ( 'NONE', #9840, #6534 ) ;
#3713 = ORIENTED_EDGE ( 'NONE', *, *, #1975, .F. ) ;
#3714 = LINE ( 'NONE', #1696, #5791 ) ;
#3715 = ORIENTED_EDGE ( 'NONE', *, *, #9709, .T. ) ;
#3716 =( NAMED_UNIT ( * ) SI_UNIT ( $, .STERADIAN. ) SOLID_ANGLE_UNIT ( ) );
#3717 = DIRECTION ( 'NONE',  ( 1.000000000000000000, 0.000000000000000000, 0.000000000000000000 ) ) ;
#3718 = VECTOR ( 'NONE', #9412, 1000.000000000000000 ) ;
#3719 = DIRECTION ( 'NONE',  ( 1.000000000000000000, 0.000000000000000000, -0.000000000000000000 ) ) ;
#3720 = CARTESIAN_POINT ( 'NONE',  ( -18.92300000000000892, 7.810500000000001108, 0.1269999999999965878 ) ) ;
#3721 = EDGE_LOOP ( 'NONE', ( #11811, #7561, #7949, #5915 ) ) ;
#3722 = DIRECTION ( 'NONE',  ( 1.000000000000000000, 0.000000000000000000, -0.000000000000000000 ) ) ;
#3723 = DIRECTION ( 'NONE',  ( -1.000000000000000000, -0.000000000000000000, -0.000000000000000000 ) ) ;
#3724 = EDGE_CURVE ( 'NONE', #8312, #6722, #667, .T. ) ;
#3725 = DIRECTION ( 'NONE',  ( -1.000000000000000000, -0.000000000000000000, -0.000000000000000000 ) ) ;
#3726 = DIRECTION ( 'NONE',  ( 0.000000000000000000, 0.000000000000000000, 1.000000000000000000 ) ) ;
#3727 = DIRECTION ( 'NONE',  ( -1.000000000000000000, -0.000000000000000000, -0.000000000000000000 ) ) ;
#3728 = EDGE_CURVE ( 'NONE', #358, #12359, #7575, .T. ) ;
#3729 = VECTOR ( 'NONE', #2359, 1000.000000000000000 ) ;
#3730 = VERTEX_POINT ( 'NONE', #737 ) ;
#3731 = DIRECTION ( 'NONE',  ( 0.000000000000000000, -0.000000000000000000, 1.000000000000000000 ) ) ;
#3732 = CARTESIAN_POINT ( 'NONE',  ( -22.86000000000000654, 0.000000000000000000, 1.269999999999998908 ) ) ;
#3733 = VERTEX_POINT ( 'NONE', #7641 ) ;
#3734 = EDGE_CURVE ( 'NONE', #10473, #1639, #11547, .T. ) ;
#3735 = PLANE ( 'NONE',  #8067 ) ;
#3736 = ORIENTED_EDGE ( 'NONE', *, *, #4946, .T. ) ;
#3737 = CARTESIAN_POINT ( 'NONE',  ( 8.064499999999995339, 8.509000000000000341, 0.8254999999999981242 ) ) ;
#3738 = EDGE_CURVE ( 'NONE', #8405, #3262, #3714, .T. ) ;
#3739 = VERTEX_POINT ( 'NONE', #6731 ) ;
#3740 = LINE ( 'NONE', #5834, #10220 ) ;
#3741 = ORIENTED_EDGE ( 'NONE', *, *, #8431, .T. ) ;
#3742 = DIRECTION ( 'NONE',  ( 1.000000000000000000, 0.000000000000000000, 0.000000000000000000 ) ) ;
#3743 = EDGE_CURVE ( 'NONE', #5994, #6504, #802, .T. ) ;
#3744 = PLANE ( 'NONE',  #6760 ) ;
#3745 = FACE_OUTER_BOUND ( 'NONE', #454, .T. ) ;
#3746 = DIRECTION ( 'NONE',  ( -1.000000000000000000, -0.000000000000000000, -0.000000000000000000 ) ) ;
#3747 = LINE ( 'NONE', #7013, #6490 ) ;
#3748 = EDGE_LOOP ( 'NONE', ( #1620, #5127, #3706, #9843 ) ) ;
#3749 = AXIS2_PLACEMENT_3D ( 'NONE', #2607, #650, #1868 ) ;
#3750 = PLANE ( 'NONE',  #10962 ) ;
#3751 = DIRECTION ( 'NONE',  ( 0.000000000000000000, 0.000000000000000000, 1.000000000000000000 ) ) ;
#3752 = ORIENTED_EDGE ( 'NONE', *, *, #4380, .T. ) ;
#3753 = AXIS2_PLACEMENT_3D ( 'NONE', #2657, #6581, #10530 ) ;
#3754 = PLANE ( 'NONE',  #10264 ) ;
#3755 = CARTESIAN_POINT ( 'NONE',  ( 19.04999999999999716, 0.000000000000000000, 0.000000000000000000 ) ) ;
#3756 = ORIENTED_EDGE ( 'NONE', *, *, #6898, .F. ) ;
#3757 = CARTESIAN_POINT ( 'NONE',  ( 8.508999999999995012, 8.064500000000000668, 0.3809999999999964526 ) ) ;
#3758 = EDGE_CURVE ( 'NONE', #3508, #111, #1574, .T. ) ;
#3759 = CARTESIAN_POINT ( 'NONE',  ( -27.94000000000000483, 0.000000000000000000, 1.269999999999998908 ) ) ;
#3760 = CARTESIAN_POINT ( 'NONE',  ( 14.35099999999999554, 8.064500000000000668, 0.3809999999999962861 ) ) ;
#3761 = ORIENTED_EDGE ( 'NONE', *, *, #12037, .F. ) ;
#3762 = CARTESIAN_POINT ( 'NONE',  ( -2.540000000000004032, -1.925929944387235853E-31, 0.8889999999999991243 ) ) ;
#3763 = ORIENTED_EDGE ( 'NONE', *, *, #1883, .T. ) ;
#3764 = EDGE_LOOP ( 'NONE', ( #7876, #4510, #11215, #10894 ) ) ;
#3765 = AXIS2_PLACEMENT_3D ( 'NONE', #11525, #2476, #9441 ) ;
#3766 = PRESENTATION_STYLE_ASSIGNMENT (( #10874 ) ) ;
#3767 = AXIS2_PLACEMENT_3D ( 'NONE', #6131, #8143, #985 ) ;
#3768 = ORIENTED_EDGE ( 'NONE', *, *, #1430, .T. ) ;
#3769 = FACE_OUTER_BOUND ( 'NONE', #8203, .T. ) ;
#3770 = VERTEX_POINT ( 'NONE', #608 ) ;
#3771 = ADVANCED_FACE ( 'NONE', ( #4585 ), #4722, .F. ) ;
#3772 = PLANE ( 'NONE',  #108 ) ;
#3773 = ORIENTED_EDGE ( 'NONE', *, *, #4274, .T. ) ;
#3774 = AXIS2_PLACEMENT_3D ( 'NONE', #6948, #9139, #6157 ) ;
#3775 = AXIS2_PLACEMENT_3D ( 'NONE', #10106, #4118, #8100 ) ;
#3776 = DIRECTION ( 'NONE',  ( 0.000000000000000000, -1.440069553722777130E-16, 1.000000000000000000 ) ) ;
#3777 = DIRECTION ( 'NONE',  ( -0.000000000000000000, 0.000000000000000000, -1.000000000000000000 ) ) ;
#3778 = VERTEX_POINT ( 'NONE', #4776 ) ;
#3779 = ORIENTED_EDGE ( 'NONE', *, *, #10707, .T. ) ;
#3780 = CARTESIAN_POINT ( 'NONE',  ( -25.40000000000000568, 0.5080000000000000071, 0.7528818102449925664 ) ) ;
#3781 = EDGE_LOOP ( 'NONE', ( #11376, #5967, #606, #2517 ) ) ;
#3782 = DIRECTION ( 'NONE',  ( 0.000000000000000000, 1.000000000000000000, 0.000000000000000000 ) ) ;
#3783 = PLANE ( 'NONE',  #8427 ) ;
#3784 = PLANE ( 'NONE',  #5320 ) ;
#3785 = VECTOR ( 'NONE', #9825, 1000.000000000000000 ) ;
#3786 = VECTOR ( 'NONE', #5029, 1000.000000000000000 ) ;
#3787 = CARTESIAN_POINT ( 'NONE',  ( 27.94000000000000128, 2.177422008883992879E-16, -0.8890000000000013447 ) ) ;
#3788 = DIRECTION ( 'NONE',  ( -1.000000000000000000, -0.000000000000000000, -0.000000000000000000 ) ) ;
#3789 = VECTOR ( 'NONE', #4015, 1000.000000000000000 ) ;
#3790 = CARTESIAN_POINT ( 'NONE',  ( 6.730999999999993655, 7.239000000000000767, 0.3809999999999962861 ) ) ;
#3791 = AXIS2_PLACEMENT_3D ( 'NONE', #8560, #5766, #2894 ) ;
#3792 = CARTESIAN_POINT ( 'NONE',  ( 45.72000000000000597, 7.239000000000000767, -2.201425730935033664E-16 ) ) ;
#3793 = DIRECTION ( 'NONE',  ( -0.000000000000000000, 1.000000000000000000, 1.733406087350420004E-16 ) ) ;
#3794 = AXIS2_PLACEMENT_3D ( 'NONE', #1666, #10333, #5641 ) ;
#3795 = DIRECTION ( 'NONE',  ( -0.000000000000000000, 0.000000000000000000, 1.000000000000000000 ) ) ;
#3796 = EDGE_CURVE ( 'NONE', #4252, #9416, #8734, .T. ) ;
#3797 = DIRECTION ( 'NONE',  ( 0.000000000000000000, 1.440069553722777130E-16, -1.000000000000000000 ) ) ;
#3798 = LINE ( 'NONE', #2767, #12335 ) ;
#3799 = ORIENTED_EDGE ( 'NONE', *, *, #2149, .T. ) ;
#3800 = EDGE_CURVE ( 'NONE', #9741, #8408, #9878, .T. ) ;
#3801 = FACE_OUTER_BOUND ( 'NONE', #5104, .T. ) ;
#3802 =( NAMED_UNIT ( * ) SI_UNIT ( $, .STERADIAN. ) SOLID_ANGLE_UNIT ( ) );
#3803 = ORIENTED_EDGE ( 'NONE', *, *, #3220, .F. ) ;
#3804 = VECTOR ( 'NONE', #9349, 1000.000000000000000 ) ;
#3805 = CARTESIAN_POINT ( 'NONE',  ( 27.94000000000000128, 8.509000000000000341, 1.270000000000001128 ) ) ;
#3806 = ADVANCED_FACE ( 'NONE', ( #8707 ), #12875, .F. ) ;
#3807 = ORIENTED_EDGE ( 'NONE', *, *, #6126, .F. ) ;
#3808 = EDGE_CURVE ( 'NONE', #7651, #10287, #10729, .T. ) ;
#3809 = CARTESIAN_POINT ( 'NONE',  ( -14.35100000000000442, 7.239000000000000767, 0.3809999999999962861 ) ) ;
#3810 = VERTEX_POINT ( 'NONE', #8844 ) ;
#3811 = CARTESIAN_POINT ( 'NONE',  ( 16.12899999999999778, 8.064500000000000668, -0.3810000000000023368 ) ) ;
#3812 = DIRECTION ( 'NONE',  ( -0.000000000000000000, 1.000000000000000000, 1.733406087350420004E-16 ) ) ;
#3813 = CARTESIAN_POINT ( 'NONE',  ( -25.40000000000000568, 2.177422008883992879E-16, -0.8890000000000013447 ) ) ;
#3814 = EDGE_CURVE ( 'NONE', #1751, #2084, #769, .T. ) ;
#3815 = SHAPE_REPRESENTATION ( 'Pin - Gold', ( #1564 ), #5949 ) ;
#3816 = CARTESIAN_POINT ( 'NONE',  ( -19.43100000000000449, 8.064500000000000668, 0.3809999999999964526 ) ) ;
#3817 = ORIENTED_EDGE ( 'NONE', *, *, #3168, .F. ) ;
#3818 = AXIS2_PLACEMENT_3D ( 'NONE', #5297, #10491, #11412 ) ;
#3819 = CARTESIAN_POINT ( 'NONE',  ( 25.39999999999999858, 8.509000000000000341, 1.270000000000001128 ) ) ;
#3820 = CARTESIAN_POINT ( 'NONE',  ( -20.32000000000000384, 8.509000000000000341, 1.270000000000001128 ) ) ;
#3821 = ORIENTED_EDGE ( 'NONE', *, *, #6252, .F. ) ;
#3822 = VECTOR ( 'NONE', #768, 1000.000000000000000 ) ;
#3823 = FACE_OUTER_BOUND ( 'NONE', #12110, .T. ) ;
#3824 = CARTESIAN_POINT ( 'NONE',  ( 3.809999999999993836, 0.000000000000000000, 0.000000000000000000 ) ) ;
#3825 = EDGE_LOOP ( 'NONE', ( #6336, #11308, #8444, #10097 ) ) ;
#3826 = VECTOR ( 'NONE', #12776, 1000.000000000000000 ) ;
#3827 = VECTOR ( 'NONE', #9164, 999.9999999999998863 ) ;
#3828 = DIRECTION ( 'NONE',  ( 0.000000000000000000, 2.449293598294710852E-16, -1.000000000000000000 ) ) ;
#3829 = AXIS2_PLACEMENT_3D ( 'NONE', #11300, #11177, #7470 ) ;
#3830 = DIRECTION ( 'NONE',  ( -0.000000000000000000, 1.000000000000000000, 2.449293598294710852E-16 ) ) ;
#3831 = EDGE_LOOP ( 'NONE', ( #1418, #6621, #9471, #9738 ) ) ;
#3832 = FACE_OUTER_BOUND ( 'NONE', #6647, .T. ) ;
#3833 = ORIENTED_EDGE ( 'NONE', *, *, #2750, .F. ) ;
#3834 = EDGE_LOOP ( 'NONE', ( #1851, #1555, #6640, #7717 ) ) ;
#3835 = VECTOR ( 'NONE', #739, 1000.000000000000000 ) ;
#3836 = VECTOR ( 'NONE', #4536, 1000.000000000000000 ) ;
#3837 = VECTOR ( 'NONE', #11971, 1000.000000000000000 ) ;
#3838 = ORIENTED_EDGE ( 'NONE', *, *, #8036, .F. ) ;
#3839 = VERTEX_POINT ( 'NONE', #5782 ) ;
#3840 = CARTESIAN_POINT ( 'NONE',  ( 25.39999999999999858, 0.000000000000000000, 1.269999999999998908 ) ) ;
#3841 = ORIENTED_EDGE ( 'NONE', *, *, #8927, .F. ) ;
#3842 = MECHANICAL_DESIGN_GEOMETRIC_PRESENTATION_REPRESENTATION (  '', ( #2399 ), #1766 ) ;
#3843 = VECTOR ( 'NONE', #12866, 1000.000000000000000 ) ;
#3844 = VECTOR ( 'NONE', #7475, 1000.000000000000114 ) ;
#3845 = LINE ( 'NONE', #3711, #7144 ) ;
#3846 = CARTESIAN_POINT ( 'NONE',  ( -27.94000000000000483, 3.110602869834277161E-16, -1.270000000000001128 ) ) ;
#3847 = VERTEX_POINT ( 'NONE', #12684 ) ;
#3848 = ORIENTED_EDGE ( 'NONE', *, *, #9370, .F. ) ;
#3849 = LINE ( 'NONE', #4838, #84 ) ;
#3850 = ORIENTED_EDGE ( 'NONE', *, *, #9177, .T. ) ;
#3851 = DIRECTION ( 'NONE',  ( 0.000000000000000000, 0.000000000000000000, -1.000000000000000000 ) ) ;
#3852 = LINE ( 'NONE', #927, #10073 ) ;
#3853 = AXIS2_PLACEMENT_3D ( 'NONE', #188, #4105, #8084 ) ;
#3854 = PLANE ( 'NONE',  #110 ) ;
#3855 = VECTOR ( 'NONE', #10016, 1000.000000000000000 ) ;
#3856 = DIRECTION ( 'NONE',  ( 0.000000000000000000, 2.449293598294710852E-16, -1.000000000000000000 ) ) ;
#3857 = ORIENTED_EDGE ( 'NONE', *, *, #6979, .F. ) ;
#3858 = DIRECTION ( 'NONE',  ( 0.000000000000000000, 0.000000000000000000, -1.000000000000000000 ) ) ;
#3859 = EDGE_CURVE ( 'NONE', #11723, #9508, #7799, .T. ) ;
#3860 = ADVANCED_FACE ( 'NONE', ( #3911 ), #9116, .F. ) ;
#3861 = AXIS2_PLACEMENT_3D ( 'NONE', #6330, #11263, #8526 ) ;
#3862 = PLANE ( 'NONE',  #4224 ) ;
#3863 = VECTOR ( 'NONE', #714, 1000.000000000000000 ) ;
#3864 = DIRECTION ( 'NONE',  ( 0.000000000000000000, 0.000000000000000000, -1.000000000000000000 ) ) ;
#3865 = FACE_OUTER_BOUND ( 'NONE', #4610, .T. ) ;
#3866 = PLANE ( 'NONE',  #948 ) ;
#3867 = ORIENTED_EDGE ( 'NONE', *, *, #6516, .T. ) ;
#3868 = DIRECTION ( 'NONE',  ( -0.000000000000000000, 1.000000000000000000, 0.000000000000000000 ) ) ;
#3869 = LINE ( 'NONE', #687, #10860 ) ;
#3870 = ORIENTED_EDGE ( 'NONE', *, *, #10774, .F. ) ;
#3871 = EDGE_CURVE ( 'NONE', #4374, #6247, #3040, .T. ) ;
#3872 = CARTESIAN_POINT ( 'NONE',  ( 2.539999999999996927, 8.509000000000000341, -0.8255000000000036753 ) ) ;
#3873 = LINE ( 'NONE', #14, #6983 ) ;
#3874 = AXIS2_PLACEMENT_3D ( 'NONE', #10539, #836, #1619 ) ;
#3875 = VERTEX_POINT ( 'NONE', #11967 ) ;
#3876 = DIRECTION ( 'NONE',  ( 0.000000000000000000, 1.000000000000000000, 2.548365665731588345E-16 ) ) ;
#3877 = VECTOR ( 'NONE', #9064, 1000.000000000000000 ) ;
#3878 = ORIENTED_EDGE ( 'NONE', *, *, #9709, .F. ) ;
#3879 = FACE_OUTER_BOUND ( 'NONE', #3366, .T. ) ;
#3880 = ADVANCED_FACE ( 'NONE', ( #6892, #11772 ), #10856, .F. ) ;
#3881 = EDGE_LOOP ( 'NONE', ( #5025, #2000, #5011, #12803 ) ) ;
#3882 = CARTESIAN_POINT ( 'NONE',  ( 10.15999999999999481, 0.5080000000000002292, -0.7528818102449945648 ) ) ;
#3883 = FACE_OUTER_BOUND ( 'NONE', #1738, .T. ) ;
#3884 = LINE ( 'NONE', #1727, #10891 ) ;
#3885 = CARTESIAN_POINT ( 'NONE',  ( -22.86000000000000654, 0.5080000000000002292, -0.7528818102449945648 ) ) ;
#3886 = ORIENTED_EDGE ( 'NONE', *, *, #6692, .T. ) ;
#3887 = ADVANCED_FACE ( 'NONE', ( #963 ), #7730, .F. ) ;
#3888 = AXIS2_PLACEMENT_3D ( 'NONE', #2048, #9997, #1078 ) ;
#3889 = PLANE ( 'NONE',  #3473 ) ;
#3890 = EDGE_CURVE ( 'NONE', #6860, #11876, #5981, .T. ) ;
#3891 = CARTESIAN_POINT ( 'NONE',  ( 2.539999999999996927, 0.5080000000000000071, 0.7528818102449925664 ) ) ;
#3892 = ORIENTED_EDGE ( 'NONE', *, *, #181, .F. ) ;
#3893 = DIRECTION ( 'NONE',  ( 0.000000000000000000, 1.733406087350420004E-16, -1.000000000000000000 ) ) ;
#3894 = EDGE_CURVE ( 'NONE', #8885, #4873, #8958, .T. ) ;
#3895 = SHAPE_DEFINITION_REPRESENTATION ( #9401, #7825 ) ;
#3896 = ORIENTED_EDGE ( 'NONE', *, *, #7699, .F. ) ;
#3897 = DIRECTION ( 'NONE',  ( 0.000000000000000000, -2.449293598294710852E-16, 1.000000000000000000 ) ) ;
#3898 = VECTOR ( 'NONE', #8161, 1000.000000000000000 ) ;
#3899 = VECTOR ( 'NONE', #12464, 1000.000000000000000 ) ;
#3900 = CARTESIAN_POINT ( 'NONE',  ( 15.23999999999999666, 2.177422008883992879E-16, -0.8890000000000013447 ) ) ;
#3901 = CARTESIAN_POINT ( 'NONE',  ( 10.16000000000000014, 7.239000000000000767, -2.201425730935033664E-16 ) ) ;
#3902 = VERTEX_POINT ( 'NONE', #4016 ) ;
#3903 = ORIENTED_EDGE ( 'NONE', *, *, #9066, .F. ) ;
#3904 = ORIENTED_EDGE ( 'NONE', *, *, #1883, .F. ) ;
#3905 = EDGE_CURVE ( 'NONE', #10340, #9340, #7995, .T. ) ;
#3906 = ADVANCED_FACE ( 'NONE', ( #9994 ), #7284, .F. ) ;
#3907 = DIRECTION ( 'NONE',  ( 0.000000000000000000, -5.054934237236841843E-31, -1.000000000000000000 ) ) ;
#3908 = VECTOR ( 'NONE', #940, 1000.000000000000000 ) ;
#3909 = ORIENTED_EDGE ( 'NONE', *, *, #8602, .F. ) ;
#3910 = VERTEX_POINT ( 'NONE', #8120 ) ;
#3911 = FACE_OUTER_BOUND ( 'NONE', #8639, .T. ) ;
#3912 = PLANE ( 'NONE',  #656 ) ;
#3913 = DIRECTION ( 'NONE',  ( 0.000000000000000000, 0.000000000000000000, -1.000000000000000000 ) ) ;
#3914 = ORIENTED_EDGE ( 'NONE', *, *, #6097, .T. ) ;
#3915 = CARTESIAN_POINT ( 'NONE',  ( -25.40000000000000568, 8.509000000000000341, 1.270000000000001128 ) ) ;
#3916 = AXIS2_PLACEMENT_3D ( 'NONE', #1761, #5749, #12711 ) ;
#3917 = CARTESIAN_POINT ( 'NONE',  ( -19.43100000000000449, 8.064500000000000668, 0.3809999999999962861 ) ) ;
#3918 = ORIENTED_EDGE ( 'NONE', *, *, #7106, .T. ) ;
#3919 = LINE ( 'NONE', #8804, #5495 ) ;
#3920 = ORIENTED_EDGE ( 'NONE', *, *, #3963, .F. ) ;
#3921 = CARTESIAN_POINT ( 'NONE',  ( 27.94000000000000483, 3.110602869834277161E-16, -1.270000000000001128 ) ) ;
#3922 = DIRECTION ( 'NONE',  ( 0.000000000000000000, 0.9659258262890700886, -0.2588190451025140781 ) ) ;
#3923 = EDGE_LOOP ( 'NONE', ( #9257, #10982, #10324, #10741 ) ) ;
#3924 = CARTESIAN_POINT ( 'NONE',  ( 13.58899999999999686, 8.064500000000000668, 0.3809999999999964526 ) ) ;
#3925 = ORIENTED_EDGE ( 'NONE', *, *, #10598, .F. ) ;
#3926 = LINE ( 'NONE', #810, #11481 ) ;
#3927 = FACE_OUTER_BOUND ( 'NONE', #9649, .T. ) ;
#3928 = EDGE_CURVE ( 'NONE', #6085, #4047, #363, .T. ) ;
#3929 = CARTESIAN_POINT ( 'NONE',  ( -19.43100000000000449, 7.239000000000000767, -0.3810000000000025033 ) ) ;
#3930 = CARTESIAN_POINT ( 'NONE',  ( 15.23999999999999666, 0.5080000000000000071, 0.7528818102449925664 ) ) ;
#3931 = CARTESIAN_POINT ( 'NONE',  ( 25.39999999999999858, 0.5080000000000000071, 0.7528818102449925664 ) ) ;
#3932 = ORIENTED_EDGE ( 'NONE', *, *, #6464, .F. ) ;
#3933 = CARTESIAN_POINT ( 'NONE',  ( 22.85999999999999943, 3.110602869834277161E-16, -1.270000000000001128 ) ) ;
#3934 = DIRECTION ( 'NONE',  ( -0.000000000000000000, 0.000000000000000000, -1.000000000000000000 ) ) ;
#3935 = EDGE_LOOP ( 'NONE', ( #12185, #2288, #7697, #412 ) ) ;
#3936 = ORIENTED_EDGE ( 'NONE', *, *, #565, .F. ) ;
#3937 = LINE ( 'NONE', #4129, #11599 ) ;
#3938 = DIRECTION ( 'NONE',  ( 0.000000000000000000, -0.000000000000000000, -1.000000000000000000 ) ) ;
#3939 = ORIENTED_EDGE ( 'NONE', *, *, #7093, .T. ) ;
#3940 = DIRECTION ( 'NONE',  ( -1.000000000000000000, -0.000000000000000000, -0.000000000000000000 ) ) ;
#3941 = ORIENTED_EDGE ( 'NONE', *, *, #12652, .F. ) ;
#3942 = LINE ( 'NONE', #7927, #10651 ) ;
#3943 = ADVANCED_FACE ( 'NONE', ( #294 ), #99, .T. ) ;
#3944 = ORIENTED_EDGE ( 'NONE', *, *, #4128, .T. ) ;
#3945 = DIRECTION ( 'NONE',  ( 0.000000000000000000, 5.054934237236841843E-31, 1.000000000000000000 ) ) ;
#3946 = LINE ( 'NONE', #11964, #515 ) ;
#3947 = FACE_OUTER_BOUND ( 'NONE', #10480, .T. ) ;
#3948 = LINE ( 'NONE', #1991, #3789 ) ;
#3949 = ORIENTED_EDGE ( 'NONE', *, *, #7321, .T. ) ;
#3950 = CARTESIAN_POINT ( 'NONE',  ( 18.22449999999999903, 8.509000000000000341, 0.8254999999999981242 ) ) ;
#3951 = LINE ( 'NONE', #3044, #1952 ) ;
#3952 = ORIENTED_EDGE ( 'NONE', *, *, #12184, .T. ) ;
#3953 = CARTESIAN_POINT ( 'NONE',  ( 7.619999999999994778, 3.110602869834277161E-16, -1.270000000000001128 ) ) ;
#3954 = ITEM_DEFINED_TRANSFORMATION ( 'NONE', 'NONE', #3451,  #1564 ) ;
#3955 = ORIENTED_EDGE ( 'NONE', *, *, #9945, .T. ) ;
#3956 = DIRECTION ( 'NONE',  ( -1.000000000000000000, 0.000000000000000000, -0.000000000000000000 ) ) ;
#3957 = CARTESIAN_POINT ( 'NONE',  ( 5.079999999999993854, 8.509000000000000341, 1.270000000000001128 ) ) ;
#3958 = CARTESIAN_POINT ( 'NONE',  ( -10.16000000000000547, 3.110602869834277161E-16, -1.270000000000001128 ) ) ;
#3959 = SURFACE_SIDE_STYLE ('',( #2127 ) ) ;
#3960 = ORIENTED_EDGE ( 'NONE', *, *, #3535, .F. ) ;
#3961 = ADVANCED_FACE ( 'NONE', ( #169, #2046 ), #1330, .F. ) ;
#3962 = ORIENTED_EDGE ( 'NONE', *, *, #6438, .T. ) ;
#3963 = EDGE_CURVE ( 'NONE', #864, #9452, #12033, .T. ) ;
#3964 = VERTEX_POINT ( 'NONE', #11112 ) ;
#3965 = SURFACE_STYLE_USAGE ( .BOTH. , #8139 ) ;
#3966 = EDGE_CURVE ( 'NONE', #4316, #10294, #3102, .T. ) ;
#3967 = LINE ( 'NONE', #7830, #2313 ) ;
#3968 = DIRECTION ( 'NONE',  ( -0.000000000000000000, 1.000000000000000000, 1.733406087350420004E-16 ) ) ;
#3969 = EDGE_LOOP ( 'NONE', ( #2878, #1092, #7879, #738 ) ) ;
#3970 = EDGE_CURVE ( 'NONE', #8155, #7429, #2186, .T. ) ;
#3971 = EDGE_CURVE ( 'NONE', #12299, #1050, #5192, .T. ) ;
#3972 = DIRECTION ( 'NONE',  ( 0.000000000000000000, 1.000000000000000000, -5.054934237236841843E-31 ) ) ;
#3973 = DIRECTION ( 'NONE',  ( -0.000000000000000000, -0.000000000000000000, 1.000000000000000000 ) ) ;
#3974 = VERTEX_POINT ( 'NONE', #3230 ) ;
#3975 = DIRECTION ( 'NONE',  ( -1.000000000000000000, 0.000000000000000000, 0.000000000000000000 ) ) ;
#3976 = VECTOR ( 'NONE', #9960, 1000.000000000000000 ) ;
#3977 = VECTOR ( 'NONE', #5032, 1000.000000000000000 ) ;
#3978 = EDGE_LOOP ( 'NONE', ( #12203, #10475, #11957, #6773 ) ) ;
#3979 = DIRECTION ( 'NONE',  ( 1.000000000000000000, 0.000000000000000000, -0.000000000000000000 ) ) ;
#3980 = ORIENTED_EDGE ( 'NONE', *, *, #7956, .F. ) ;
#3981 = CARTESIAN_POINT ( 'NONE',  ( 25.39999999999999858, -1.925929944387235853E-31, 0.8889999999999991243 ) ) ;
#3982 = EDGE_CURVE ( 'NONE', #6441, #10550, #230, .T. ) ;
#3983 = ORIENTED_EDGE ( 'NONE', *, *, #5745, .F. ) ;
#3984 = MECHANICAL_DESIGN_GEOMETRIC_PRESENTATION_REPRESENTATION (  '', ( #662 ), #8807 ) ;
#3985 = VECTOR ( 'NONE', #1621, 1000.000000000000000 ) ;
#3986 = DIRECTION ( 'NONE',  ( 0.000000000000000000, 0.9659258262890700886, -0.2588190451025140781 ) ) ;
#3987 = VERTEX_POINT ( 'NONE', #12227 ) ;
#3988 = CARTESIAN_POINT ( 'NONE',  ( -25.40000000000000568, 2.177422008883992879E-16, -0.8890000000000013447 ) ) ;
#3989 = DIRECTION ( 'NONE',  ( -1.000000000000000000, 0.000000000000000000, -0.000000000000000000 ) ) ;
#3990 = LINE ( 'NONE', #8159, #6772 ) ;
#3991 = CARTESIAN_POINT ( 'NONE',  ( -2.540000000000004032, -1.925929944387235853E-31, 0.8889999999999991243 ) ) ;
#3992 = CARTESIAN_POINT ( 'NONE',  ( -10.16000000000000547, 3.110602869834277161E-16, -1.270000000000001128 ) ) ;
#3993 = DIRECTION ( 'NONE',  ( 0.000000000000000000, -0.9659258262890700886, 0.2588190451025140781 ) ) ;
#3994 = ORIENTED_EDGE ( 'NONE', *, *, #8002, .T. ) ;
#3995 = VECTOR ( 'NONE', #8360, 1000.000000000000114 ) ;
#3996 = PLANE ( 'NONE',  #3254 ) ;
#3997 = LINE ( 'NONE', #12017, #1278 ) ;
#3998 = VECTOR ( 'NONE', #7724, 1000.000000000000000 ) ;
#3999 = VERTEX_POINT ( 'NONE', #9156 ) ;
#4000 = LINE ( 'NONE', #11951, #142 ) ;
#4001 = DIRECTION ( 'NONE',  ( -1.000000000000000000, 0.000000000000000000, -0.000000000000000000 ) ) ;
#4002 = ORIENTED_EDGE ( 'NONE', *, *, #1391, .F. ) ;
#4003 = EDGE_CURVE ( 'NONE', #4320, #8394, #7341, .T. ) ;
#4004 = LINE ( 'NONE', #5183, #6555 ) ;
#4005 = ORIENTED_EDGE ( 'NONE', *, *, #1139, .T. ) ;
#4006 = AXIS2_PLACEMENT_3D ( 'NONE', #2560, #11477, #8545 ) ;
#4007 = VECTOR ( 'NONE', #1681, 1000.000000000000000 ) ;
#4008 = VECTOR ( 'NONE', #6727, 1000.000000000000000 ) ;
#4009 = DIRECTION ( 'NONE',  ( 1.000000000000000000, 0.000000000000000000, 0.000000000000000000 ) ) ;
#4010 = EDGE_LOOP ( 'NONE', ( #5660, #2114, #2960, #120 ) ) ;
#4011 = EDGE_CURVE ( 'NONE', #8582, #4346, #12092, .T. ) ;
#4012 = PLANE ( 'NONE',  #6944 ) ;
#4013 = LINE ( 'NONE', #7030, #10944 ) ;
#4014 = DIRECTION ( 'NONE',  ( -0.7071067811865475727, -0.7071067811865475727, 0.000000000000000000 ) ) ;
#4015 = DIRECTION ( 'NONE',  ( -1.000000000000000000, -0.000000000000000000, -0.000000000000000000 ) ) ;
#4016 = CARTESIAN_POINT ( 'NONE',  ( -17.78000000000000469, 3.110602869834277161E-16, -1.270000000000001128 ) ) ;
#4017 = VERTEX_POINT ( 'NONE', #3295 ) ;
#4018 = PLANE ( 'NONE',  #11794 ) ;
#4019 = VECTOR ( 'NONE', #10851, 1000.000000000000000 ) ;
#4020 = EDGE_LOOP ( 'NONE', ( #11328, #1898, #8999, #5893, #7267, #9682, #7002, #6602 ) ) ;
#4021 = CARTESIAN_POINT ( 'NONE',  ( 26.28900000000000148, 7.239000000000000767, 0.3809999999999962861 ) ) ;
#4022 = ITEM_DEFINED_TRANSFORMATION ( 'NONE', 'NONE', #11776,  #1564 ) ;
#4023 = EDGE_LOOP ( 'NONE', ( #4361, #4414, #3395, #423 ) ) ;
#4024 = CARTESIAN_POINT ( 'NONE',  ( -27.94000000000000483, 0.5080000000000000071, 0.7528818102449925664 ) ) ;
#4025 = EDGE_CURVE ( 'NONE', #2454, #450, #8180, .T. ) ;
#4026 = VECTOR ( 'NONE', #3588, 1000.000000000000000 ) ;
#4027 = DIRECTION ( 'NONE',  ( 1.000000000000000000, 0.000000000000000000, 0.000000000000000000 ) ) ;
#4028 = ADVANCED_FACE ( 'NONE', ( #2252 ), #12283, .T. ) ;
#4029 = FILL_AREA_STYLE_COLOUR ( '', #6894 ) ;
#4030 = ORIENTED_EDGE ( 'NONE', *, *, #10951, .T. ) ;
#4031 = ORIENTED_EDGE ( 'NONE', *, *, #10153, .T. ) ;
#4032 = EDGE_CURVE ( 'NONE', #8407, #11523, #6035, .T. ) ;
#4033 = ORIENTED_EDGE ( 'NONE', *, *, #1605, .T. ) ;
#4034 = VECTOR ( 'NONE', #2561, 1000.000000000000000 ) ;
#4035 = AXIS2_PLACEMENT_3D ( 'NONE', #8187, #3237, #7235 ) ;
#4036 = DIRECTION ( 'NONE',  ( 0.000000000000000000, -1.440069553722777130E-16, 1.000000000000000000 ) ) ;
#4037 = EDGE_CURVE ( 'NONE', #843, #9158, #10062, .T. ) ;
#4038 = FACE_OUTER_BOUND ( 'NONE', #6191, .T. ) ;
#4039 = ORIENTED_EDGE ( 'NONE', *, *, #4657, .F. ) ;
#4040 =( GEOMETRIC_REPRESENTATION_CONTEXT ( 3 ) GLOBAL_UNCERTAINTY_ASSIGNED_CONTEXT ( ( #1046 ) ) GLOBAL_UNIT_ASSIGNED_CONTEXT ( ( #8246, #12217, #9214 ) ) REPRESENTATION_CONTEXT ( 'NONE', 'WORKASPACE' ) );
#4041 = DIRECTION ( 'NONE',  ( 0.000000000000000000, -0.7071067811865484609, 0.7071067811865465735 ) ) ;
#4042 = VERTEX_POINT ( 'NONE', #1146 ) ;
#4043 = DIRECTION ( 'NONE',  ( 0.000000000000000000, 0.000000000000000000, 1.000000000000000000 ) ) ;
#4044 = UNCERTAINTY_MEASURE_WITH_UNIT (LENGTH_MEASURE( 1.000000000000000082E-05 ), #700, 'distance_accuracy_value', 'NONE');
#4045 = DIRECTION ( 'NONE',  ( 0.000000000000000000, 1.440069553722777130E-16, -1.000000000000000000 ) ) ;
#4046 = ADVANCED_FACE ( 'NONE', ( #11235 ), #2311, .F. ) ;
#4047 = VERTEX_POINT ( 'NONE', #9484 ) ;
#4048 = EDGE_CURVE ( 'NONE', #651, #954, #562, .T. ) ;
#4049 = VECTOR ( 'NONE', #10498, 1000.000000000000000 ) ;
#4050 = VECTOR ( 'NONE', #10440, 1000.000000000000000 ) ;
#4051 = MECHANICAL_DESIGN_GEOMETRIC_PRESENTATION_REPRESENTATION (  '', ( #7395 ), #6567 ) ;
#4052 = CARTESIAN_POINT ( 'NONE',  ( 27.49549999999999983, 8.509000000000000341, -0.8255000000000036753 ) ) ;
#4053 = ORIENTED_EDGE ( 'NONE', *, *, #10510, .F. ) ;
#4054 = AXIS2_PLACEMENT_3D ( 'NONE', #4854, #12013, #10901 ) ;
#4055 = DIRECTION ( 'NONE',  ( 0.000000000000000000, 0.000000000000000000, 1.000000000000000000 ) ) ;
#4056 = DIRECTION ( 'NONE',  ( 0.000000000000000000, 1.440069553722777130E-16, -1.000000000000000000 ) ) ;
#4057 = FACE_OUTER_BOUND ( 'NONE', #7061, .T. ) ;
#4058 = PLANE ( 'NONE',  #12542 ) ;
#4059 = LINE ( 'NONE', #1125, #2442 ) ;
#4060 = CARTESIAN_POINT ( 'NONE',  ( -2.540000000000004032, 3.110602869834277161E-16, -1.270000000000001128 ) ) ;
#4061 = ORIENTED_EDGE ( 'NONE', *, *, #1825, .T. ) ;
#4062 = AXIS2_PLACEMENT_3D ( 'NONE', #531, #1685, #4512 ) ;
#4063 = CARTESIAN_POINT ( 'NONE',  ( -22.86000000000000654, -1.925929944387235853E-31, 0.8889999999999991243 ) ) ;
#4064 = VECTOR ( 'NONE', #12472, 1000.000000000000114 ) ;
#4065 = LINE ( 'NONE', #5175, #8974 ) ;
#4066 = AXIS2_PLACEMENT_3D ( 'NONE', #11423, #10373, #5426 ) ;
#4067 = DIRECTION ( 'NONE',  ( 0.000000000000000000, -5.054934237236841843E-31, -1.000000000000000000 ) ) ;
#4068 = SURFACE_STYLE_USAGE ( .BOTH. , #1912 ) ;
#4069 = LINE ( 'NONE', #11035, #3215 ) ;
#4070 = ADVANCED_FACE ( 'NONE', ( #3677 ), #9607, .F. ) ;
#4071 = ORIENTED_EDGE ( 'NONE', *, *, #10367, .T. ) ;
#4072 = PRESENTATION_LAYER_ASSIGNMENT (  '', '', ( #748 ) ) ;
#4073 = AXIS2_PLACEMENT_3D ( 'NONE', #5201, #5006, #3113 ) ;
#4074 = DIRECTION ( 'NONE',  ( 1.000000000000000000, 0.000000000000000000, 0.000000000000000000 ) ) ;
#4075 = VERTEX_POINT ( 'NONE', #8442 ) ;
#4076 = PLANE ( 'NONE',  #2350 ) ;
#4077 = FACE_OUTER_BOUND ( 'NONE', #7358, .T. ) ;
#4078 = LINE ( 'NONE', #11041, #4673 ) ;
#4079 = LINE ( 'NONE', #1145, #8775 ) ;
#4080 = DIRECTION ( 'NONE',  ( 0.000000000000000000, -1.000000000000000000, 0.000000000000000000 ) ) ;
#4081 = PLANE ( 'NONE',  #883 ) ;
#4082 = ORIENTED_EDGE ( 'NONE', *, *, #900, .T. ) ;
#4083 = EDGE_CURVE ( 'NONE', #11641, #3126, #487, .T. ) ;
#4084 = CARTESIAN_POINT ( 'NONE',  ( -9.715500000000005798, 8.509000000000000341, -1.270000000000001128 ) ) ;
#4085 = AXIS2_PLACEMENT_3D ( 'NONE', #3824, #7683, #645 ) ;
#4086 = VECTOR ( 'NONE', #8329, 1000.000000000000000 ) ;
#4087 = FACE_OUTER_BOUND ( 'NONE', #12498, .T. ) ;
#4088 = ORIENTED_EDGE ( 'NONE', *, *, #5842, .T. ) ;
#4089 = DIRECTION ( 'NONE',  ( -0.000000000000000000, -0.7071067811865482389, -0.7071067811865469066 ) ) ;
#4090 = CARTESIAN_POINT ( 'NONE',  ( 0.000000000000000000, 0.000000000000000000, 0.000000000000000000 ) ) ;
#4091 = ORIENTED_EDGE ( 'NONE', *, *, #8395, .T. ) ;
#4092 = ADVANCED_BREP_SHAPE_REPRESENTATION ( '', ( #6590, #6322, #10238, #6054, #10675, #10503, #10525, #2194, #6144, #6207, #1908, #1735, #10611, #1848, #10390, #1947, #6231, #1783, #10848, #10548, #1881, #10808, #2138, #6475, #1564 ), #11138 ) ;
#4093 = DIRECTION ( 'NONE',  ( 1.000000000000000000, 0.000000000000000000, 0.000000000000000000 ) ) ;
#4094 = CARTESIAN_POINT ( 'NONE',  ( -11.81100000000000527, 8.064500000000000668, -0.3810000000000023368 ) ) ;
#4095 = LINE ( 'NONE', #7108, #2922 ) ;
#4096 = VECTOR ( 'NONE', #638, 1000.000000000000000 ) ;
#4097 = ORIENTED_EDGE ( 'NONE', *, *, #184, .T. ) ;
#4098 = LINE ( 'NONE', #11317, #12702 ) ;
#4099 = ORIENTED_EDGE ( 'NONE', *, *, #11915, .F. ) ;
#4100 = EDGE_CURVE ( 'NONE', #5254, #7312, #3606, .T. ) ;
#4101 = VERTEX_POINT ( 'NONE', #2574 ) ;
#4102 = CLOSED_SHELL ( 'NONE', ( #1834, #12842, #8403, #8402, #3657, #600, #7634, #7098, #11662, #9503, #12501, #12597, #6287, #12458, #12377, #3572, #5149, #2189, #8509 ) ) ;
#4103 = VECTOR ( 'NONE', #6377, 1000.000000000000000 ) ;
#4104 = LINE ( 'NONE', #4226, #7984 ) ;
#4105 = DIRECTION ( 'NONE',  ( 0.000000000000000000, -1.000000000000000000, 0.000000000000000000 ) ) ;
#4106 = CARTESIAN_POINT ( 'NONE',  ( 19.43099999999999739, 7.239000000000000767, -0.3810000000000025033 ) ) ;
#4107 = CARTESIAN_POINT ( 'NONE',  ( -5.080000000000004512, 8.509000000000000341, 1.270000000000001128 ) ) ;
#4108 = CARTESIAN_POINT ( 'NONE',  ( -5.080000000000004512, 8.509000000000000341, 0.8254999999999981242 ) ) ;
#4109 = EDGE_CURVE ( 'NONE', #2729, #845, #12416, .T. ) ;
#4110 = PLANE ( 'NONE',  #9175 ) ;
#4111 = ORIENTED_EDGE ( 'NONE', *, *, #1254, .T. ) ;
#4112 = DIRECTION ( 'NONE',  ( 1.000000000000000000, 0.000000000000000000, 0.000000000000000000 ) ) ;
#4113 = ORIENTED_EDGE ( 'NONE', *, *, #7649, .T. ) ;
#4114 = CARTESIAN_POINT ( 'NONE',  ( -22.86000000000000654, 0.5080000000000000071, 0.7528818102449925664 ) ) ;
#4115 = ORIENTED_EDGE ( 'NONE', *, *, #11060, .T. ) ;
#4116 = FACE_OUTER_BOUND ( 'NONE', #9867, .T. ) ;
#4117 = ORIENTED_EDGE ( 'NONE', *, *, #11986, .F. ) ;
#4118 = DIRECTION ( 'NONE',  ( 0.000000000000000000, 0.2588190451025145222, -0.9659258262890699775 ) ) ;
#4119 = CARTESIAN_POINT ( 'NONE',  ( 15.23999999999999666, 0.5080000000000000071, 0.7528818102449925664 ) ) ;
#4120 = PLANE ( 'NONE',  #10921 ) ;
#4121 = FACE_OUTER_BOUND ( 'NONE', #1402, .T. ) ;
#4122 = FACE_OUTER_BOUND ( 'NONE', #3359, .T. ) ;
#4123 = CARTESIAN_POINT ( 'NONE',  ( -18.66900000000000404, 7.239000000000000767, 0.3809999999999962861 ) ) ;
#4124 = ORIENTED_EDGE ( 'NONE', *, *, #9947, .T. ) ;
#4125 = LINE ( 'NONE', #10170, #1789 ) ;
#4126 = CARTESIAN_POINT ( 'NONE',  ( 18.66899999999999693, 8.064500000000000668, 0.3809999999999962861 ) ) ;
#4127 = CARTESIAN_POINT ( 'NONE',  ( 28.19400000000000617, 8.509000000000000341, -1.270000000000001128 ) ) ;
#4128 = EDGE_CURVE ( 'NONE', #5719, #3585, #5629, .T. ) ;
#4129 = CARTESIAN_POINT ( 'NONE',  ( 12.69999999999999574, 0.000000000000000000, 1.269999999999998908 ) ) ;
#4130 = AXIS2_PLACEMENT_3D ( 'NONE', #9098, #5125, #10129 ) ;
#4131 = EDGE_CURVE ( 'NONE', #5409, #9358, #4471, .T. ) ;
#4132 = DIRECTION ( 'NONE',  ( 0.000000000000000000, 0.000000000000000000, 1.000000000000000000 ) ) ;
#4133 = CARTESIAN_POINT ( 'NONE',  ( 12.69999999999999574, -1.925929944387235853E-31, 0.8889999999999991243 ) ) ;
#4134 = EDGE_LOOP ( 'NONE', ( #7533, #3848, #4741, #787 ) ) ;
#4135 = ADVANCED_FACE ( 'NONE', ( #10517 ), #7407, .F. ) ;
#4136 = CARTESIAN_POINT ( 'NONE',  ( -28.19400000000000617, -1.925929944387235853E-31, 0.8889999999999991243 ) ) ;
#4137 = ORIENTED_EDGE ( 'NONE', *, *, #8809, .F. ) ;
#4138 = EDGE_CURVE ( 'NONE', #10410, #10582, #10444, .T. ) ;
#4139 = DIRECTION ( 'NONE',  ( -0.000000000000000000, 0.2588190451025140781, 0.9659258262890700886 ) ) ;
#4140 = EDGE_CURVE ( 'NONE', #2995, #11846, #5435, .T. ) ;
#4141 = DIRECTION ( 'NONE',  ( 0.000000000000000000, 0.2588190451025145222, -0.9659258262890699775 ) ) ;
#4142 = CARTESIAN_POINT ( 'NONE',  ( 5.079999999999993854, 0.000000000000000000, 1.269999999999998908 ) ) ;
#4143 = CARTESIAN_POINT ( 'NONE',  ( -12.70000000000000462, 0.000000000000000000, 1.269999999999998908 ) ) ;
#4144 = CARTESIAN_POINT ( 'NONE',  ( 27.94000000000000483, 0.5080000000000002292, -0.7528818102449945648 ) ) ;
#4145 = CARTESIAN_POINT ( 'NONE',  ( 12.69999999999999574, 2.177422008883992879E-16, -0.8890000000000013447 ) ) ;
#4146 = EDGE_LOOP ( 'NONE', ( #970, #1623, #10936, #10219, #3838, #8001, #12077, #3557 ) ) ;
#4147 = PLANE ( 'NONE',  #8880 ) ;
#4148 = EDGE_CURVE ( 'NONE', #6726, #6484, #11430, .T. ) ;
#4149 = PRESENTATION_STYLE_ASSIGNMENT (( #10930 ) ) ;
#4150 = EDGE_LOOP ( 'NONE', ( #532, #9744, #5154, #238 ) ) ;
#4151 = LINE ( 'NONE', #5197, #8611 ) ;
#4152 = ORIENTED_EDGE ( 'NONE', *, *, #1030, .F. ) ;
#4153 = LINE ( 'NONE', #1281, #1280 ) ;
#4154 = FACE_OUTER_BOUND ( 'NONE', #7987, .T. ) ;
#4155 = DIRECTION ( 'NONE',  ( -1.000000000000000000, 0.000000000000000000, 0.000000000000000000 ) ) ;
#4156 = ORIENTED_EDGE ( 'NONE', *, *, #8112, .T. ) ;
#4157 = VERTEX_POINT ( 'NONE', #10322 ) ;
#4158 = DIRECTION ( 'NONE',  ( 0.000000000000000000, 0.000000000000000000, 1.000000000000000000 ) ) ;
#4159 = EDGE_CURVE ( 'NONE', #4259, #1655, #1400, .T. ) ;
#4160 = EDGE_CURVE ( 'NONE', #2118, #12773, #5506, .T. ) ;
#4161 = CARTESIAN_POINT ( 'NONE',  ( 12.69999999999999574, 0.000000000000000000, 1.269999999999998908 ) ) ;
#4162 = DIRECTION ( 'NONE',  ( -0.000000000000000000, 1.000000000000000000, 1.440069553722777130E-16 ) ) ;
#4163 = DIRECTION ( 'NONE',  ( 0.5773502691896252870, -0.5773502691896251759, -0.5773502691896267303 ) ) ;
#4164 = FACE_OUTER_BOUND ( 'NONE', #4681, .T. ) ;
#4165 = ORIENTED_EDGE ( 'NONE', *, *, #3499, .F. ) ;
#4166 =( LENGTH_UNIT ( ) NAMED_UNIT ( * ) SI_UNIT ( .MILLI., .METRE. ) );
#4167 = EDGE_LOOP ( 'NONE', ( #6119, #10363, #3235, #7821 ) ) ;
#4168 = ORIENTED_EDGE ( 'NONE', *, *, #9593, .F. ) ;
#4169 = AXIS2_PLACEMENT_3D ( 'NONE', #12639, #7687, #1810 ) ;
#4170 = ORIENTED_EDGE ( 'NONE', *, *, #8688, .T. ) ;
#4171 = DIRECTION ( 'NONE',  ( -1.000000000000000000, -0.000000000000000000, -0.000000000000000000 ) ) ;
#4172 = ORIENTED_EDGE ( 'NONE', *, *, #7365, .T. ) ;
#4173 = ADVANCED_FACE ( 'NONE', ( #8629 ), #12481, .F. ) ;
#4174 = FACE_OUTER_BOUND ( 'NONE', #7953, .T. ) ;
#4175 = ORIENTED_EDGE ( 'NONE', *, *, #4630, .T. ) ;
#4176 = STYLED_ITEM ( 'NONE', ( #5591 ), #6322 ) ;
#4177 = FACE_OUTER_BOUND ( 'NONE', #1937, .T. ) ;
#4178 = LINE ( 'NONE', #8158, #7565 ) ;
#4179 = LINE ( 'NONE', #347, #732 ) ;
#4180 = PLANE ( 'NONE',  #1095 ) ;
#4181 = PLANE ( 'NONE',  #12436 ) ;
#4182 = EDGE_CURVE ( 'NONE', #12295, #8779, #1653, .T. ) ;
#4183 = FILL_AREA_STYLE_COLOUR ( '', #8966 ) ;
#4184 = ORIENTED_EDGE ( 'NONE', *, *, #6349, .T. ) ;
#4185 = DIRECTION ( 'NONE',  ( 0.000000000000000000, 0.000000000000000000, 1.000000000000000000 ) ) ;
#4186 = CARTESIAN_POINT ( 'NONE',  ( 0.8889999999999974589, 7.239000000000000767, -0.3810000000000025033 ) ) ;
#4187 = CARTESIAN_POINT ( 'NONE',  ( -12.70000000000000462, 0.000000000000000000, 0.000000000000000000 ) ) ;
#4188 = ORIENTED_EDGE ( 'NONE', *, *, #8438, .T. ) ;
#4189 = CARTESIAN_POINT ( 'NONE',  ( 25.39999999999999858, 0.5080000000000002292, -0.7528818102449945648 ) ) ;
#4190 = VECTOR ( 'NONE', #12756, 1000.000000000000000 ) ;
#4191 = EDGE_CURVE ( 'NONE', #5861, #3902, #686, .T. ) ;
#4192 = CARTESIAN_POINT ( 'NONE',  ( -27.94000000000000483, 0.5080000000000002292, -0.7528818102449945648 ) ) ;
#4193 = DIRECTION ( 'NONE',  ( -1.000000000000000000, -0.000000000000000000, -0.000000000000000000 ) ) ;
#4194 = ORIENTED_EDGE ( 'NONE', *, *, #4754, .T. ) ;
#4195 = DIRECTION ( 'NONE',  ( 0.000000000000000000, -1.000000000000000000, -1.733406087350420004E-16 ) ) ;
#4196 = ORIENTED_EDGE ( 'NONE', *, *, #8112, .F. ) ;
#4197 = FACE_OUTER_BOUND ( 'NONE', #10484, .T. ) ;
#4198 = VECTOR ( 'NONE', #293, 1000.000000000000000 ) ;
#4199 = LINE ( 'NONE', #8898, #8838 ) ;
#4200 = FACE_OUTER_BOUND ( 'NONE', #2593, .T. ) ;
#4201 = AXIS2_PLACEMENT_3D ( 'NONE', #6096, #10055, #4195 ) ;
#4202 = LINE ( 'NONE', #6034, #11705 ) ;
#4203 = EDGE_CURVE ( 'NONE', #975, #821, #5574, .T. ) ;
#4204 = DIRECTION ( 'NONE',  ( 0.000000000000000000, 1.440069553722777130E-16, -1.000000000000000000 ) ) ;
#4205 = FACE_BOUND ( 'NONE', #2902, .T. ) ;
#4206 = ORIENTED_EDGE ( 'NONE', *, *, #6293, .T. ) ;
#4207 = CARTESIAN_POINT ( 'NONE',  ( 5.079999999999993854, 8.509000000000000341, -1.270000000000001128 ) ) ;
#4208 = EDGE_CURVE ( 'NONE', #2222, #10302, #7592, .T. ) ;
#4209 = ORIENTED_EDGE ( 'NONE', *, *, #10707, .F. ) ;
#4210 = EDGE_CURVE ( 'NONE', #3431, #12863, #5824, .T. ) ;
#4211 = AXIS2_PLACEMENT_3D ( 'NONE', #3524, #11343, #8298 ) ;
#4212 = DIRECTION ( 'NONE',  ( -1.000000000000000000, 0.000000000000000000, -0.000000000000000000 ) ) ;
#4213 = ITEM_DEFINED_TRANSFORMATION ( 'NONE', 'NONE', #4085,  #1564 ) ;
#4214 = EDGE_LOOP ( 'NONE', ( #7613, #12487, #12061, #5862 ) ) ;
#4215 = EDGE_CURVE ( 'NONE', #3440, #1600, #4792, .T. ) ;
#4216 = PLANE ( 'NONE',  #5026 ) ;
#4217 = PLANE ( 'NONE',  #4073 ) ;
#4218 = LINE ( 'NONE', #115, #4928 ) ;
#4219 = EDGE_CURVE ( 'NONE', #7836, #12359, #2706, .T. ) ;
#4220 = AXIS2_PLACEMENT_3D ( 'NONE', #409, #9466, #11418 ) ;
#4221 = EDGE_LOOP ( 'NONE', ( #3088, #7024, #1413, #4956 ) ) ;
#4222 = DIRECTION ( 'NONE',  ( 0.000000000000000000, -0.9659258262890700886, 0.2588190451025140781 ) ) ;
#4223 = EDGE_LOOP ( 'NONE', ( #8488, #11667, #7388, #1178 ) ) ;
#4224 = AXIS2_PLACEMENT_3D ( 'NONE', #5760, #1840, #7775 ) ;
#4225 = VERTEX_POINT ( 'NONE', #7917 ) ;
#4226 = CARTESIAN_POINT ( 'NONE',  ( -15.24000000000000554, 8.509000000000000341, -1.270000000000001128 ) ) ;
#4227 = DIRECTION ( 'NONE',  ( 1.000000000000000000, 0.000000000000000000, 0.000000000000000000 ) ) ;
#4228 = AXIS2_PLACEMENT_3D ( 'NONE', #7114, #9115, #11987 ) ;
#4229 = CARTESIAN_POINT ( 'NONE',  ( -20.32000000000000384, 0.5080000000000000071, 0.7528818102449925664 ) ) ;
#4230 = LINE ( 'NONE', #7056, #3236 ) ;
#4231 = CARTESIAN_POINT ( 'NONE',  ( 25.39999999999999858, -1.925929944387235853E-31, 0.8889999999999991243 ) ) ;
#4232 = CARTESIAN_POINT ( 'NONE',  ( 5.968999999999994976, 7.239000000000000767, 0.3809999999999962861 ) ) ;
#4233 = VECTOR ( 'NONE', #5643, 1000.000000000000000 ) ;
#4234 = EDGE_LOOP ( 'NONE', ( #7681, #3387, #12454, #10649 ) ) ;
#4235 = CARTESIAN_POINT ( 'NONE',  ( 2.539999999999996927, 8.509000000000000341, 0.8254999999999981242 ) ) ;
#4236 = ORIENTED_EDGE ( 'NONE', *, *, #5715, .F. ) ;
#4237 = ORIENTED_EDGE ( 'NONE', *, *, #1656, .T. ) ;
#4238 = AXIS2_PLACEMENT_3D ( 'NONE', #644, #779, #1736 ) ;
#4239 = CARTESIAN_POINT ( 'NONE',  ( -28.19400000000000617, -1.925929944387235853E-31, 0.8889999999999991243 ) ) ;
#4240 = ORIENTED_EDGE ( 'NONE', *, *, #7999, .F. ) ;
#4241 = VERTEX_POINT ( 'NONE', #6947 ) ;
#4242 = CARTESIAN_POINT ( 'NONE',  ( -7.620000000000005436, 8.509000000000000341, -1.270000000000001128 ) ) ;
#4243 = ORIENTED_EDGE ( 'NONE', *, *, #4148, .F. ) ;
#4244 = AXIS2_PLACEMENT_3D ( 'NONE', #3693, #4809, #4625 ) ;
#4245 = CARTESIAN_POINT ( 'NONE',  ( -1.651000000000003132, 7.239000000000000767, -0.3810000000000025033 ) ) ;
#4246 = DIRECTION ( 'NONE',  ( 0.000000000000000000, 0.000000000000000000, -1.000000000000000000 ) ) ;
#4247 = ORIENTED_EDGE ( 'NONE', *, *, #2817, .T. ) ;
#4248 = CARTESIAN_POINT ( 'NONE',  ( 2.539999999999993818, 0.5080000000000002292, -0.7528818102449945648 ) ) ;
#4249 = DIRECTION ( 'NONE',  ( 0.000000000000000000, 0.000000000000000000, 1.000000000000000000 ) ) ;
#4250 = CARTESIAN_POINT ( 'NONE',  ( -7.620000000000005436, 2.177422008883992879E-16, -0.8890000000000013447 ) ) ;
#4251 = FILL_AREA_STYLE ('',( #4183 ) ) ;
#4252 = VERTEX_POINT ( 'NONE', #12857 ) ;
#4253 = LINE ( 'NONE', #1193, #10351 ) ;
#4254 = DIRECTION ( 'NONE',  ( 0.000000000000000000, 2.338910953479677683E-16, -1.000000000000000000 ) ) ;
#4255 = VERTEX_POINT ( 'NONE', #8750 ) ;
#4256 = DIRECTION ( 'NONE',  ( 0.000000000000000000, 1.000000000000000000, 0.000000000000000000 ) ) ;
#4257 = VECTOR ( 'NONE', #5288, 1000.000000000000000 ) ;
#4258 = VECTOR ( 'NONE', #3227, 1000.000000000000000 ) ;
#4259 = VERTEX_POINT ( 'NONE', #1780 ) ;
#4260 = VECTOR ( 'NONE', #5897, 1000.000000000000000 ) ;
#4261 = FILL_AREA_STYLE_COLOUR ( '', #9686 ) ;
#4262 = VECTOR ( 'NONE', #2765, 1000.000000000000000 ) ;
#4263 = EDGE_CURVE ( 'NONE', #6866, #10214, #1845, .T. ) ;
#4264 = DIRECTION ( 'NONE',  ( 1.000000000000000000, 0.000000000000000000, -0.000000000000000000 ) ) ;
#4265 = ORIENTED_EDGE ( 'NONE', *, *, #11858, .F. ) ;
#4266 = PLANE ( 'NONE',  #9815 ) ;
#4267 =( GEOMETRIC_REPRESENTATION_CONTEXT ( 3 ) GLOBAL_UNCERTAINTY_ASSIGNED_CONTEXT ( ( #2530 ) ) GLOBAL_UNIT_ASSIGNED_CONTEXT ( ( #4438, #1492, #9450 ) ) REPRESENTATION_CONTEXT ( 'NONE', 'WORKASPACE' ) );
#4268 = VECTOR ( 'NONE', #3986, 1000.000000000000114 ) ;
#4269 = CARTESIAN_POINT ( 'NONE',  ( -12.70000000000000462, 0.5080000000000002292, -0.7528818102449945648 ) ) ;
#4270 = STYLED_ITEM ( 'NONE', ( #5864 ), #10808 ) ;
#4271 = CARTESIAN_POINT ( 'NONE',  ( -5.080000000000004512, 8.509000000000000341, 1.270000000000001128 ) ) ;
#4272 = DIRECTION ( 'NONE',  ( -0.000000000000000000, 0.2588190451025140781, 0.9659258262890700886 ) ) ;
#4273 = CARTESIAN_POINT ( 'NONE',  ( -15.24000000000000554, 0.5080000000000002292, -0.7528818102449945648 ) ) ;
#4274 = EDGE_CURVE ( 'NONE', #3694, #11876, #11877, .T. ) ;
#4275 = CARTESIAN_POINT ( 'NONE',  ( 11.81099999999999461, 7.239000000000000767, -0.3810000000000025033 ) ) ;
#4276 = DIRECTION ( 'NONE',  ( -0.5773502691896253980, 0.5773502691896253980, -0.5773502691896265082 ) ) ;
#4277 = VERTEX_POINT ( 'NONE', #11624 ) ;
#4278 = FACE_OUTER_BOUND ( 'NONE', #4721, .T. ) ;
#4279 =( LENGTH_UNIT ( ) NAMED_UNIT ( * ) SI_UNIT ( .MILLI., .METRE. ) );
#4280 = ORIENTED_EDGE ( 'NONE', *, *, #7175, .T. ) ;
#4281 = VECTOR ( 'NONE', #2717, 1000.000000000000000 ) ;
#4282 = DIRECTION ( 'NONE',  ( 1.000000000000000000, 0.000000000000000000, -0.000000000000000000 ) ) ;
#4283 = ORIENTED_EDGE ( 'NONE', *, *, #4314, .F. ) ;
#4284 = LINE ( 'NONE', #9166, #8563 ) ;
#4285 = EDGE_CURVE ( 'NONE', #11102, #9562, #2893, .T. ) ;
#4286 = DIRECTION ( 'NONE',  ( -0.000000000000000000, 1.000000000000000000, 2.449293598294710852E-16 ) ) ;
#4287 = CARTESIAN_POINT ( 'NONE',  ( 27.94000000000000128, 8.509000000000000341, -1.270000000000001128 ) ) ;
#4288 = ORIENTED_EDGE ( 'NONE', *, *, #1465, .F. ) ;
#4289 = CARTESIAN_POINT ( 'NONE',  ( -5.080000000000004512, 0.5080000000000000071, 0.7528818102449925664 ) ) ;
#4290 = CARTESIAN_POINT ( 'NONE',  ( 17.77999999999999758, 0.000000000000000000, 1.269999999999998908 ) ) ;
#4291 = VERTEX_POINT ( 'NONE', #9675 ) ;
#4292 = VERTEX_POINT ( 'NONE', #815 ) ;
#4293 = CARTESIAN_POINT ( 'NONE',  ( 17.77999999999999758, 0.000000000000000000, 1.269999999999998908 ) ) ;
#4294 = EDGE_LOOP ( 'NONE', ( #12369, #6339, #10096, #5302 ) ) ;
#4295 = LINE ( 'NONE', #11005, #10254 ) ;
#4296 = DIRECTION ( 'NONE',  ( 0.000000000000000000, 0.000000000000000000, 1.000000000000000000 ) ) ;
#4297 = DIRECTION ( 'NONE',  ( -1.000000000000000000, -0.000000000000000000, -0.000000000000000000 ) ) ;
#4298 = VECTOR ( 'NONE', #12563, 1000.000000000000000 ) ;
#4299 = AXIS2_PLACEMENT_3D ( 'NONE', #3306, #6246, #8075 ) ;
#4300 = ADVANCED_FACE ( 'NONE', ( #2766 ), #7779, .F. ) ;
#4301 = CARTESIAN_POINT ( 'NONE',  ( -22.86000000000000654, 0.5080000000000000071, 0.7528818102449925664 ) ) ;
#4302 = ADVANCED_FACE ( 'NONE', ( #5891 ), #8823, .F. ) ;
#4303 = FACE_OUTER_BOUND ( 'NONE', #9025, .T. ) ;
#4304 = ORIENTED_EDGE ( 'NONE', *, *, #6250, .T. ) ;
#4305 = ADVANCED_FACE ( 'NONE', ( #2836, #9927 ), #7715, .F. ) ;
#4306 =( NAMED_UNIT ( * ) SI_UNIT ( $, .STERADIAN. ) SOLID_ANGLE_UNIT ( ) );
#4307 = ORIENTED_EDGE ( 'NONE', *, *, #8684, .F. ) ;
#4308 = EDGE_LOOP ( 'NONE', ( #7893, #3069, #6342, #10174 ) ) ;
#4309 = VECTOR ( 'NONE', #11433, 1000.000000000000000 ) ;
#4310 = LINE ( 'NONE', #9065, #6562 ) ;
#4311 = ORIENTED_EDGE ( 'NONE', *, *, #1704, .F. ) ;
#4312 = ADVANCED_FACE ( 'NONE', ( #1004 ), #6748, .F. ) ;
#4313 = ORIENTED_EDGE ( 'NONE', *, *, #1824, .F. ) ;
#4314 = EDGE_CURVE ( 'NONE', #1803, #3810, #7856, .T. ) ;
#4315 = DIRECTION ( 'NONE',  ( 0.000000000000000000, -0.000000000000000000, -1.000000000000000000 ) ) ;
#4316 = VERTEX_POINT ( 'NONE', #6816 ) ;
#4317 = LINE ( 'NONE', #2553, #884 ) ;
#4318 = VECTOR ( 'NONE', #1849, 1000.000000000000000 ) ;
#4319 = DIRECTION ( 'NONE',  ( -1.000000000000000000, 0.000000000000000000, 0.000000000000000000 ) ) ;
#4320 = VERTEX_POINT ( 'NONE', #4983 ) ;
#4321 = DIRECTION ( 'NONE',  ( 0.000000000000000000, -1.000000000000000000, -2.548365665731588345E-16 ) ) ;
#4322 = CARTESIAN_POINT ( 'NONE',  ( -27.94000000000000483, 3.110602869834277161E-16, -1.270000000000001128 ) ) ;
#4323 = DIRECTION ( 'NONE',  ( 0.000000000000000000, -1.000000000000000000, 0.000000000000000000 ) ) ;
#4324 = ORIENTED_EDGE ( 'NONE', *, *, #8050, .F. ) ;
#4325 = CARTESIAN_POINT ( 'NONE',  ( -7.620000000000005436, -1.925929944387235853E-31, 0.8889999999999991243 ) ) ;
#4326 = LINE ( 'NONE', #12076, #9391 ) ;
#4327 = DIRECTION ( 'NONE',  ( 1.000000000000000000, 0.000000000000000000, 0.000000000000000000 ) ) ;
#4328 = ORIENTED_EDGE ( 'NONE', *, *, #1988, .T. ) ;
#4329 = VECTOR ( 'NONE', #3419, 1000.000000000000000 ) ;
#4330 = LINE ( 'NONE', #5241, #6591 ) ;
#4331 = DIRECTION ( 'NONE',  ( -0.000000000000000000, 0.000000000000000000, -1.000000000000000000 ) ) ;
#4332 = ORIENTED_EDGE ( 'NONE', *, *, #4858, .T. ) ;
#4333 = EDGE_CURVE ( 'NONE', #9187, #8779, #7659, .T. ) ;
#4334 = EDGE_CURVE ( 'NONE', #8871, #10256, #9858, .T. ) ;
#4335 = FACE_OUTER_BOUND ( 'NONE', #8289, .T. ) ;
#4336 = DIRECTION ( 'NONE',  ( 1.000000000000000000, 0.000000000000000000, -0.000000000000000000 ) ) ;
#4337 = DIRECTION ( 'NONE',  ( 0.000000000000000000, 2.449293598294710852E-16, -1.000000000000000000 ) ) ;
#4338 = DIRECTION ( 'NONE',  ( 0.000000000000000000, -5.054934237236841843E-31, -1.000000000000000000 ) ) ;
#4339 = PRODUCT_DEFINITION ( 'UNKNOWN', '', #5956, #3312 ) ;
#4340 = AXIS2_PLACEMENT_3D ( 'NONE', #6218, #8165, #2239 ) ;
#4341 = CARTESIAN_POINT ( 'NONE',  ( 19.43099999999999739, 8.064500000000000668, 0.3809999999999962861 ) ) ;
#4342 = LINE ( 'NONE', #2509, #8996 ) ;
#4343 = ORIENTED_EDGE ( 'NONE', *, *, #6202, .F. ) ;
#4344 = CARTESIAN_POINT ( 'NONE',  ( 22.85999999999999943, -1.925929944387235853E-31, 0.8889999999999991243 ) ) ;
#4345 =( NAMED_UNIT ( * ) SI_UNIT ( $, .STERADIAN. ) SOLID_ANGLE_UNIT ( ) );
#4346 = VERTEX_POINT ( 'NONE', #8886 ) ;
#4347 = EDGE_CURVE ( 'NONE', #6480, #8364, #8943, .T. ) ;
#4348 = CARTESIAN_POINT ( 'NONE',  ( 8.508999999999995012, 7.239000000000000767, 0.3809999999999962861 ) ) ;
#4349 = ITEM_DEFINED_TRANSFORMATION ( 'NONE', 'NONE', #1995,  #1564 ) ;
#4350 = EDGE_LOOP ( 'NONE', ( #3529, #4117, #529, #3062 ) ) ;
#4351 = VECTOR ( 'NONE', #7161, 1000.000000000000000 ) ;
#4352 = CARTESIAN_POINT ( 'NONE',  ( -5.080000000000004512, 8.509000000000000341, -1.270000000000001128 ) ) ;
#4353 = LINE ( 'NONE', #8457, #1579 ) ;
#4354 = DIRECTION ( 'NONE',  ( -1.000000000000000000, -0.000000000000000000, -0.000000000000000000 ) ) ;
#4355 = VERTEX_POINT ( 'NONE', #10231 ) ;
#4356 = FACE_OUTER_BOUND ( 'NONE', #10831, .T. ) ;
#4357 = ORIENTED_EDGE ( 'NONE', *, *, #10559, .F. ) ;
#4358 = CLOSED_SHELL ( 'NONE', ( #4447, #10095, #2638, #6295, #8250, #5500, #6802, #3223, #4028, #5980, #2552, #1421, #12113, #125, #5341, #11262, #10661, #11223, #5727 ) ) ;
#4359 = LINE ( 'NONE', #12370, #2410 ) ;
#4360 = UNCERTAINTY_MEASURE_WITH_UNIT (LENGTH_MEASURE( 1.000000000000000082E-05 ), #4678, 'distance_accuracy_value', 'NONE');
#4361 = ORIENTED_EDGE ( 'NONE', *, *, #12097, .F. ) ;
#4362 = CARTESIAN_POINT ( 'NONE',  ( 26.28900000000000148, 8.064500000000000668, 0.3809999999999964526 ) ) ;
#4363 = DIRECTION ( 'NONE',  ( 0.000000000000000000, 0.000000000000000000, 1.000000000000000000 ) ) ;
#4364 = DIRECTION ( 'NONE',  ( -0.000000000000000000, 0.000000000000000000, -1.000000000000000000 ) ) ;
#4365 = EDGE_CURVE ( 'NONE', #1872, #9626, #5234, .T. ) ;
#4366 = CARTESIAN_POINT ( 'NONE',  ( -3.469446951953614189E-15, 2.177422008883992879E-16, -0.8890000000000013447 ) ) ;
#4367 = ORIENTED_EDGE ( 'NONE', *, *, #2419, .F. ) ;
#4368 = FILL_AREA_STYLE ('',( #11204 ) ) ;
#4369 = EDGE_CURVE ( 'NONE', #8273, #9508, #9205, .T. ) ;
#4370 = ORIENTED_EDGE ( 'NONE', *, *, #962, .F. ) ;
#4371 = ORIENTED_EDGE ( 'NONE', *, *, #7417, .F. ) ;
#4372 = LINE ( 'NONE', #8345, #2386 ) ;
#4373 = ORIENTED_EDGE ( 'NONE', *, *, #4203, .T. ) ;
#4374 = VERTEX_POINT ( 'NONE', #278 ) ;
#4375 = EDGE_CURVE ( 'NONE', #1856, #6047, #4253, .T. ) ;
#4376 = EDGE_CURVE ( 'NONE', #4419, #5120, #6022, .T. ) ;
#4377 = PLANE ( 'NONE',  #8854 ) ;
#4378 = ORIENTED_EDGE ( 'NONE', *, *, #6694, .F. ) ;
#4379 = DIRECTION ( 'NONE',  ( 0.000000000000000000, 1.000000000000000000, 0.000000000000000000 ) ) ;
#4380 = EDGE_CURVE ( 'NONE', #11905, #8342, #11092, .T. ) ;
#4381 = PLANE ( 'NONE',  #3818 ) ;
#4382 = ORIENTED_EDGE ( 'NONE', *, *, #3643, .T. ) ;
#4383 = DIRECTION ( 'NONE',  ( 0.000000000000000000, 0.000000000000000000, -1.000000000000000000 ) ) ;
#4384 = DIRECTION ( 'NONE',  ( -1.000000000000000000, -0.000000000000000000, -0.000000000000000000 ) ) ;
#4385 = CARTESIAN_POINT ( 'NONE',  ( 5.079999999999993854, 0.000000000000000000, 1.269999999999998908 ) ) ;
#4386 = ORIENTED_EDGE ( 'NONE', *, *, #10054, .F. ) ;
#4387 = CARTESIAN_POINT ( 'NONE',  ( -2.540000000000004032, 2.177422008883992879E-16, -0.8890000000000013447 ) ) ;
#4388 = CARTESIAN_POINT ( 'NONE',  ( -3.469446951953614189E-15, 0.5080000000000000071, 0.7528818102449925664 ) ) ;
#4389 = ADVANCED_FACE ( 'NONE', ( #3209 ), #9277, .F. ) ;
#4390 = CARTESIAN_POINT ( 'NONE',  ( -21.20900000000000674, 7.239000000000000767, 0.3809999999999962861 ) ) ;
#4391 = VECTOR ( 'NONE', #2734, 1000.000000000000000 ) ;
#4392 = PLANE ( 'NONE',  #9056 ) ;
#4393 = ORIENTED_EDGE ( 'NONE', *, *, #7148, .F. ) ;
#4394 = PRODUCT_DEFINITION_SHAPE ( 'NONE', 'NONE',  #12893 ) ;
#4395 = PLANE ( 'NONE',  #5055 ) ;
#4396 = VECTOR ( 'NONE', #1536, 1000.000000000000000 ) ;
#4397 = CARTESIAN_POINT ( 'NONE',  ( -16.12900000000000489, 7.239000000000000767, 0.3809999999999962861 ) ) ;
#4398 = PLANE ( 'NONE',  #718 ) ;
#4399 = DIRECTION ( 'NONE',  ( 0.000000000000000000, 5.054934237236841843E-31, 1.000000000000000000 ) ) ;
#4400 = DIRECTION ( 'NONE',  ( 0.000000000000000000, -1.000000000000000000, -2.548365665731588345E-16 ) ) ;
#4401 = DIRECTION ( 'NONE',  ( -0.000000000000000000, 0.000000000000000000, -1.000000000000000000 ) ) ;
#4402 = ORIENTED_EDGE ( 'NONE', *, *, #3859, .F. ) ;
#4403 = PRESENTATION_LAYER_ASSIGNMENT (  '', '', ( #4176 ) ) ;
#4404 = DIRECTION ( 'NONE',  ( 0.000000000000000000, 0.000000000000000000, 1.000000000000000000 ) ) ;
#4405 = EDGE_CURVE ( 'NONE', #9340, #2737, #2032, .T. ) ;
#4406 =( NAMED_UNIT ( * ) PLANE_ANGLE_UNIT ( ) SI_UNIT ( $, .RADIAN. ) );
#4407 = EDGE_LOOP ( 'NONE', ( #1048, #11546, #11407, #1427 ) ) ;
#4408 = DIRECTION ( 'NONE',  ( 0.000000000000000000, -1.000000000000000000, 0.000000000000000000 ) ) ;
#4409 = CONTEXT_DEPENDENT_SHAPE_REPRESENTATION ( #7663, #6392 ) ;
#4410 = ORIENTED_EDGE ( 'NONE', *, *, #5906, .T. ) ;
#4411 = VECTOR ( 'NONE', #3142, 1000.000000000000000 ) ;
#4412 = VECTOR ( 'NONE', #3362, 1000.000000000000000 ) ;
#4413 = DIRECTION ( 'NONE',  ( 1.000000000000000000, 0.000000000000000000, 0.000000000000000000 ) ) ;
#4414 = ORIENTED_EDGE ( 'NONE', *, *, #5385, .F. ) ;
#4415 = VECTOR ( 'NONE', #6681, 1000.000000000000000 ) ;
#4416 = DIRECTION ( 'NONE',  ( -0.000000000000000000, 1.000000000000000000, 1.733406087350420004E-16 ) ) ;
#4417 = DIRECTION ( 'NONE',  ( 0.7071067811865475727, -0.7071067811865475727, 0.000000000000000000 ) ) ;
#4418 = LINE ( 'NONE', #4558, #2152 ) ;
#4419 = VERTEX_POINT ( 'NONE', #5035 ) ;
#4420 = DIRECTION ( 'NONE',  ( 0.000000000000000000, -1.000000000000000000, 0.000000000000000000 ) ) ;
#4421 = EDGE_LOOP ( 'NONE', ( #2335, #6610, #10533, #527, #3314, #9609, #11413, #12489 ) ) ;
#4422 = DIRECTION ( 'NONE',  ( 0.000000000000000000, 1.000000000000000000, 1.733406087350420004E-16 ) ) ;
#4423 = VECTOR ( 'NONE', #8307, 1000.000000000000000 ) ;
#4424 = VECTOR ( 'NONE', #956, 1000.000000000000000 ) ;
#4425 = ORIENTED_EDGE ( 'NONE', *, *, #12808, .F. ) ;
#4426 = DIRECTION ( 'NONE',  ( 0.000000000000000000, 0.000000000000000000, 1.000000000000000000 ) ) ;
#4427 = DIRECTION ( 'NONE',  ( 1.000000000000000000, 0.000000000000000000, 0.000000000000000000 ) ) ;
#4428 = ADVANCED_FACE ( 'NONE', ( #11220 ), #2295, .F. ) ;
#4429 = ADVANCED_FACE ( 'NONE', ( #8048 ), #9979, .T. ) ;
#4430 = CARTESIAN_POINT ( 'NONE',  ( -13.58900000000000574, 8.064500000000000668, -0.3810000000000023368 ) ) ;
#4431 = VECTOR ( 'NONE', #502, 1000.000000000000000 ) ;
#4432 = CARTESIAN_POINT ( 'NONE',  ( 23.74899999999999878, 8.064500000000000668, -0.3810000000000023368 ) ) ;
#4433 = EDGE_LOOP ( 'NONE', ( #11719, #395, #11721, #4939, #5702, #8463, #5604, #9777 ) ) ;
#4434 = SURFACE_STYLE_FILL_AREA ( #10350 ) ;
#4435 = EDGE_CURVE ( 'NONE', #9119, #1434, #79, .T. ) ;
#4436 = ORIENTED_EDGE ( 'NONE', *, *, #2742, .T. ) ;
#4437 = ORIENTED_EDGE ( 'NONE', *, *, #386, .T. ) ;
#4438 =( LENGTH_UNIT ( ) NAMED_UNIT ( * ) SI_UNIT ( .MILLI., .METRE. ) );
#4439 = ORIENTED_EDGE ( 'NONE', *, *, #1257, .T. ) ;
#4440 = VECTOR ( 'NONE', #677, 1000.000000000000000 ) ;
#4441 = VERTEX_POINT ( 'NONE', #12074 ) ;
#4442 = FACE_OUTER_BOUND ( 'NONE', #12264, .T. ) ;
#4443 = EDGE_LOOP ( 'NONE', ( #12451, #11636, #9575, #3392, #11389, #6003, #2258, #7350 ) ) ;
#4444 = DIRECTION ( 'NONE',  ( -1.000000000000000000, 0.000000000000000000, 0.000000000000000000 ) ) ;
#4445 = CARTESIAN_POINT ( 'NONE',  ( 20.31999999999999673, 0.000000000000000000, 1.269999999999998908 ) ) ;
#4446 = ORIENTED_EDGE ( 'NONE', *, *, #12813, .F. ) ;
#4447 = ADVANCED_FACE ( 'NONE', ( #12144, #2164 ), #3996, .F. ) ;
#4448 = CARTESIAN_POINT ( 'NONE',  ( -26.28900000000000858, 8.064500000000000668, 0.3809999999999962861 ) ) ;
#4449 = LINE ( 'NONE', #7508, #3343 ) ;
#4450 = VECTOR ( 'NONE', #6212, 1000.000000000000000 ) ;
#4451 = CARTESIAN_POINT ( 'NONE',  ( 5.968999999999994976, 7.239000000000000767, 0.3809999999999962861 ) ) ;
#4452 = EDGE_CURVE ( 'NONE', #7242, #11846, #5174, .T. ) ;
#4453 = ORIENTED_EDGE ( 'NONE', *, *, #8927, .T. ) ;
#4454 = DIRECTION ( 'NONE',  ( -1.000000000000000000, -0.000000000000000000, -0.000000000000000000 ) ) ;
#4455 = CARTESIAN_POINT ( 'NONE',  ( 2.095499999999996810, 8.509000000000000341, 0.8254999999999981242 ) ) ;
#4456 = DIRECTION ( 'NONE',  ( 0.000000000000000000, 1.000000000000000000, 1.733406087350420004E-16 ) ) ;
#4457 = ORIENTED_EDGE ( 'NONE', *, *, #8202, .T. ) ;
#4458 = CARTESIAN_POINT ( 'NONE',  ( -3.469446951953614189E-15, 0.000000000000000000, 1.269999999999998908 ) ) ;
#4459 = VECTOR ( 'NONE', #227, 1000.000000000000000 ) ;
#4460 = DIRECTION ( 'NONE',  ( 0.000000000000000000, -1.733406087350420004E-16, 1.000000000000000000 ) ) ;
#4461 = SURFACE_STYLE_FILL_AREA ( #3287 ) ;
#4462 = AXIS2_PLACEMENT_3D ( 'NONE', #7169, #4089, #12040 ) ;
#4463 = DIRECTION ( 'NONE',  ( 1.000000000000000000, 0.000000000000000000, -0.000000000000000000 ) ) ;
#4464 = ORIENTED_EDGE ( 'NONE', *, *, #5103, .T. ) ;
#4465 = CARTESIAN_POINT ( 'NONE',  ( -7.620000000000005436, 8.509000000000000341, -1.270000000000001128 ) ) ;
#4466 = DIRECTION ( 'NONE',  ( 0.000000000000000000, 5.054934237236841843E-31, 1.000000000000000000 ) ) ;
#4467 = PLANE ( 'NONE',  #10272 ) ;
#4468 = DIRECTION ( 'NONE',  ( 0.000000000000000000, 0.9659258262890700886, -0.2588190451025140781 ) ) ;
#4469 = EDGE_CURVE ( 'NONE', #7258, #5719, #3019, .T. ) ;
#4470 = VECTOR ( 'NONE', #8873, 1000.000000000000000 ) ;
#4471 = LINE ( 'NONE', #2376, #12032 ) ;
#4472 = VECTOR ( 'NONE', #9038, 1000.000000000000000 ) ;
#4473 = CARTESIAN_POINT ( 'NONE',  ( -19.43100000000000449, 7.239000000000000767, 0.3809999999999962861 ) ) ;
#4474 = ORIENTED_EDGE ( 'NONE', *, *, #1836, .F. ) ;
#4475 = EDGE_CURVE ( 'NONE', #6766, #12642, #214, .T. ) ;
#4476 = VECTOR ( 'NONE', #3940, 1000.000000000000000 ) ;
#4477 = DIRECTION ( 'NONE',  ( 0.000000000000000000, 0.9659258262890699775, 0.2588190451025145222 ) ) ;
#4478 = EDGE_CURVE ( 'NONE', #8459, #8379, #150, .T. ) ;
#4479 = LINE ( 'NONE', #12421, #3844 ) ;
#4480 = ORIENTED_EDGE ( 'NONE', *, *, #1079, .T. ) ;
#4481 = PLANE ( 'NONE',  #10478 ) ;
#4482 = ORIENTED_EDGE ( 'NONE', *, *, #10144, .F. ) ;
#4483 = VECTOR ( 'NONE', #3907, 1000.000000000000000 ) ;
#4484 = VECTOR ( 'NONE', #1311, 999.9999999999998863 ) ;
#4485 = CARTESIAN_POINT ( 'NONE',  ( -15.24000000000000554, 8.509000000000000341, -1.270000000000001128 ) ) ;
#4486 = ORIENTED_EDGE ( 'NONE', *, *, #12151, .T. ) ;
#4487 = LINE ( 'NONE', #12430, #11561 ) ;
#4488 = LINE ( 'NONE', #6642, #11913 ) ;
#4489 = EDGE_CURVE ( 'NONE', #4595, #6189, #4125, .T. ) ;
#4490 = DIRECTION ( 'NONE',  ( -1.000000000000000000, 0.000000000000000000, 0.000000000000000000 ) ) ;
#4491 = CARTESIAN_POINT ( 'NONE',  ( 17.77999999999999758, -1.925929944387235853E-31, 0.8889999999999991243 ) ) ;
#4492 = VERTEX_POINT ( 'NONE', #3141 ) ;
#4493 = CARTESIAN_POINT ( 'NONE',  ( 24.95549999999999713, 8.509000000000000341, -0.8255000000000036753 ) ) ;
#4494 = EDGE_LOOP ( 'NONE', ( #11351, #6217, #334, #817, #4830, #12859, #4690, #10597 ) ) ;
#4495 = DIRECTION ( 'NONE',  ( 0.000000000000000000, -5.054934237236841843E-31, -1.000000000000000000 ) ) ;
#4496 = AXIS2_PLACEMENT_3D ( 'NONE', #8619, #6556, #5567 ) ;
#4497 = UNCERTAINTY_MEASURE_WITH_UNIT (LENGTH_MEASURE( 1.000000000000000082E-05 ), #4960, 'distance_accuracy_value', 'NONE');
#4498 = VECTOR ( 'NONE', #1258, 1000.000000000000000 ) ;
#4499 = AXIS2_PLACEMENT_3D ( 'NONE', #11422, #4460, #1319 ) ;
#4500 = EDGE_LOOP ( 'NONE', ( #6261, #12810, #1981, #4513 ) ) ;
#4501 = FACE_OUTER_BOUND ( 'NONE', #3571, .T. ) ;
#4502 = CARTESIAN_POINT ( 'NONE',  ( -21.59000000000000341, 0.000000000000000000, 0.000000000000000000 ) ) ;
#4503 = FACE_OUTER_BOUND ( 'NONE', #10093, .T. ) ;
#4504 = AXIS2_PLACEMENT_3D ( 'NONE', #9702, #8658, #6709 ) ;
#4505 = VECTOR ( 'NONE', #5522, 1000.000000000000114 ) ;
#4506 = EDGE_CURVE ( 'NONE', #12256, #10761, #7140, .T. ) ;
#4507 = LINE ( 'NONE', #7305, #1785 ) ;
#4508 = EDGE_LOOP ( 'NONE', ( #10210, #11416, #10154, #7465 ) ) ;
#4509 = ORIENTED_EDGE ( 'NONE', *, *, #10293, .F. ) ;
#4510 = ORIENTED_EDGE ( 'NONE', *, *, #7686, .T. ) ;
#4511 = APPLICATION_CONTEXT ( 'automotive_design' ) ;
#4512 = DIRECTION ( 'NONE',  ( 0.000000000000000000, 0.9659258262890699775, 0.2588190451025145222 ) ) ;
#4513 = ORIENTED_EDGE ( 'NONE', *, *, #406, .T. ) ;
#4514 = EDGE_LOOP ( 'NONE', ( #3704, #11857, #6444, #1695 ) ) ;
#4515 = VECTOR ( 'NONE', #8544, 1000.000000000000000 ) ;
#4516 = DIRECTION ( 'NONE',  ( -0.000000000000000000, 1.000000000000000000, 1.733406087350420004E-16 ) ) ;
#4517 = EDGE_LOOP ( 'NONE', ( #3663, #21, #1609, #7259, #6908, #6785, #5173, #3111 ) ) ;
#4518 = LINE ( 'NONE', #1569, #5670 ) ;
#4519 = CARTESIAN_POINT ( 'NONE',  ( -28.19400000000000617, -1.925929944387235853E-31, 0.8889999999999991243 ) ) ;
#4520 = ORIENTED_EDGE ( 'NONE', *, *, #7345, .F. ) ;
#4521 = LINE ( 'NONE', #7386, #3122 ) ;
#4522 = DIRECTION ( 'NONE',  ( 0.000000000000000000, -1.440069553722777130E-16, 1.000000000000000000 ) ) ;
#4523 = VECTOR ( 'NONE', #10133, 1000.000000000000000 ) ;
#4524 = ORIENTED_EDGE ( 'NONE', *, *, #5167, .F. ) ;
#4525 = CARTESIAN_POINT ( 'NONE',  ( 10.60449999999999626, 8.509000000000000341, -0.8255000000000036753 ) ) ;
#4526 = FACE_OUTER_BOUND ( 'NONE', #6456, .T. ) ;
#4527 = LINE ( 'NONE', #5679, #11098 ) ;
#4528 = DIRECTION ( 'NONE',  ( 0.000000000000000000, 1.000000000000000000, 2.548365665731588345E-16 ) ) ;
#4529 = ORIENTED_EDGE ( 'NONE', *, *, #7234, .F. ) ;
#4530 = VECTOR ( 'NONE', #8170, 1000.000000000000000 ) ;
#4531 = LINE ( 'NONE', #8492, #4064 ) ;
#4532 = VERTEX_POINT ( 'NONE', #4525 ) ;
#4533 = VECTOR ( 'NONE', #275, 1000.000000000000000 ) ;
#4534 = VECTOR ( 'NONE', #145, 1000.000000000000000 ) ;
#4535 = FACE_OUTER_BOUND ( 'NONE', #4443, .T. ) ;
#4536 = DIRECTION ( 'NONE',  ( -1.000000000000000000, -0.000000000000000000, -0.000000000000000000 ) ) ;
#4537 = LINE ( 'NONE', #1397, #9212 ) ;
#4538 = LINE ( 'NONE', #1454, #10800 ) ;
#4539 = EDGE_CURVE ( 'NONE', #1304, #12181, #1385, .T. ) ;
#4540 = CARTESIAN_POINT ( 'NONE',  ( -22.86000000000000654, 8.509000000000000341, -1.270000000000001128 ) ) ;
#4541 = PLANE ( 'NONE',  #6519 ) ;
#4542 = ORIENTED_EDGE ( 'NONE', *, *, #2111, .T. ) ;
#4543 = EDGE_CURVE ( 'NONE', #1426, #10349, #3475, .T. ) ;
#4544 = CARTESIAN_POINT ( 'NONE',  ( -18.66900000000000404, 8.064500000000000668, 0.3809999999999962861 ) ) ;
#4545 = VECTOR ( 'NONE', #10494, 1000.000000000000000 ) ;
#4546 = PRESENTATION_STYLE_ASSIGNMENT (( #9491 ) ) ;
#4547 = EDGE_LOOP ( 'NONE', ( #5395, #2861, #9950, #4402 ) ) ;
#4548 = ADVANCED_FACE ( 'NONE', ( #7513 ), #7578, .F. ) ;
#4549 = DIRECTION ( 'NONE',  ( 0.000000000000000000, 2.449293598294710852E-16, -1.000000000000000000 ) ) ;
#4550 = EDGE_CURVE ( 'NONE', #2844, #5656, #8359, .T. ) ;
#4551 = EDGE_LOOP ( 'NONE', ( #4082, #6473, #11829, #1907 ) ) ;
#4552 = ADVANCED_FACE ( 'NONE', ( #2494 ), #1640, .F. ) ;
#4553 = LINE ( 'NONE', #5390, #6707 ) ;
#4554 = VECTOR ( 'NONE', #4750, 1000.000000000000000 ) ;
#4555 = ADVANCED_FACE ( 'NONE', ( #2921 ), #6910, .F. ) ;
#4556 = CARTESIAN_POINT ( 'NONE',  ( -5.080000000000004512, 0.000000000000000000, 1.269999999999998908 ) ) ;
#4557 = DIRECTION ( 'NONE',  ( -1.000000000000000000, -0.000000000000000000, -0.000000000000000000 ) ) ;
#4558 = CARTESIAN_POINT ( 'NONE',  ( -19.43100000000000449, 8.064500000000000668, -0.3810000000000023368 ) ) ;
#4559 = ORIENTED_EDGE ( 'NONE', *, *, #2045, .F. ) ;
#4560 = CARTESIAN_POINT ( 'NONE',  ( -22.86000000000000654, -1.925929944387235853E-31, 0.8889999999999991243 ) ) ;
#4561 = ORIENTED_EDGE ( 'NONE', *, *, #10654, .T. ) ;
#4562 = EDGE_CURVE ( 'NONE', #3466, #10473, #12338, .T. ) ;
#4563 = LINE ( 'NONE', #11319, #12391 ) ;
#4564 = ORIENTED_EDGE ( 'NONE', *, *, #8745, .T. ) ;
#4565 = FACE_OUTER_BOUND ( 'NONE', #4744, .T. ) ;
#4566 = DIRECTION ( 'NONE',  ( 1.000000000000000000, 0.000000000000000000, 0.000000000000000000 ) ) ;
#4567 = EDGE_LOOP ( 'NONE', ( #1406, #7619, #8681, #8455 ) ) ;
#4568 = DIRECTION ( 'NONE',  ( 0.000000000000000000, 2.548365665731588345E-16, -1.000000000000000000 ) ) ;
#4569 = DIRECTION ( 'NONE',  ( -0.000000000000000000, 0.000000000000000000, -1.000000000000000000 ) ) ;
#4570 = VERTEX_POINT ( 'NONE', #8810 ) ;
#4571 =( NAMED_UNIT ( * ) SI_UNIT ( $, .STERADIAN. ) SOLID_ANGLE_UNIT ( ) );
#4572 = VERTEX_POINT ( 'NONE', #7704 ) ;
#4573 = VERTEX_POINT ( 'NONE', #2820 ) ;
#4574 = LINE ( 'NONE', #2678, #11960 ) ;
#4575 = EDGE_LOOP ( 'NONE', ( #6036, #4724, #2478, #4367 ) ) ;
#4576 = EDGE_CURVE ( 'NONE', #8871, #5056, #8220, .T. ) ;
#4577 = ORIENTED_EDGE ( 'NONE', *, *, #8110, .T. ) ;
#4578 = CARTESIAN_POINT ( 'NONE',  ( 16.12899999999999778, 7.239000000000000767, 0.3809999999999962861 ) ) ;
#4579 = EDGE_CURVE ( 'NONE', #6247, #5365, #6008, .T. ) ;
#4580 = ORIENTED_EDGE ( 'NONE', *, *, #7560, .T. ) ;
#4581 = DIRECTION ( 'NONE',  ( 0.000000000000000000, 0.000000000000000000, -1.000000000000000000 ) ) ;
#4582 = DIRECTION ( 'NONE',  ( -0.000000000000000000, -0.000000000000000000, 1.000000000000000000 ) ) ;
#4583 = VERTEX_POINT ( 'NONE', #10216 ) ;
#4584 = DIRECTION ( 'NONE',  ( -0.000000000000000000, 1.000000000000000000, 1.733406087350420004E-16 ) ) ;
#4585 = FACE_OUTER_BOUND ( 'NONE', #7210, .T. ) ;
#4586 = ORIENTED_EDGE ( 'NONE', *, *, #2130, .T. ) ;
#4587 = CARTESIAN_POINT ( 'NONE',  ( -11.04900000000000659, 7.239000000000000767, -0.3810000000000025033 ) ) ;
#4588 = FACE_OUTER_BOUND ( 'NONE', #5943, .T. ) ;
#4589 = EDGE_CURVE ( 'NONE', #5206, #1424, #11077, .T. ) ;
#4590 = EDGE_CURVE ( 'NONE', #1954, #3697, #2148, .T. ) ;
#4591 = DIRECTION ( 'NONE',  ( 0.000000000000000000, -1.000000000000000000, 0.000000000000000000 ) ) ;
#4592 = CARTESIAN_POINT ( 'NONE',  ( 26.28900000000000148, 8.064500000000000668, -0.3810000000000023368 ) ) ;
#4593 = DIRECTION ( 'NONE',  ( 1.000000000000000000, 0.000000000000000000, -0.000000000000000000 ) ) ;
#4594 = CARTESIAN_POINT ( 'NONE',  ( 22.85999999999999943, 3.110602869834277161E-16, -1.270000000000001128 ) ) ;
#4595 = VERTEX_POINT ( 'NONE', #201 ) ;
#4596 = EDGE_CURVE ( 'NONE', #11996, #6721, #7174, .T. ) ;
#4597 = CARTESIAN_POINT ( 'NONE',  ( -20.32000000000000384, 8.509000000000000341, -1.270000000000001128 ) ) ;
#4598 = DIRECTION ( 'NONE',  ( 0.000000000000000000, -1.733406087350420004E-16, 1.000000000000000000 ) ) ;
#4599 = DIRECTION ( 'NONE',  ( 0.000000000000000000, -1.000000000000000000, 0.000000000000000000 ) ) ;
#4600 = CARTESIAN_POINT ( 'NONE',  ( -16.89100000000000179, 7.239000000000000767, 0.3809999999999962861 ) ) ;
#4601 = ORIENTED_EDGE ( 'NONE', *, *, #7460, .T. ) ;
#4602 = CARTESIAN_POINT ( 'NONE',  ( -10.16000000000000547, 0.000000000000000000, 1.269999999999998908 ) ) ;
#4603 = FACE_OUTER_BOUND ( 'NONE', #4214, .T. ) ;
#4604 = ORIENTED_EDGE ( 'NONE', *, *, #9028, .T. ) ;
#4605 = EDGE_CURVE ( 'NONE', #5009, #1157, #10077, .T. ) ;
#4606 = DIRECTION ( 'NONE',  ( 0.000000000000000000, 0.9659258262890700886, -0.2588190451025140781 ) ) ;
#4607 = VECTOR ( 'NONE', #2917, 1000.000000000000000 ) ;
#4608 = AXIS2_PLACEMENT_3D ( 'NONE', #1040, #7060, #5153 ) ;
#4609 = PRESENTATION_STYLE_ASSIGNMENT (( #11759 ) ) ;
#4610 = EDGE_LOOP ( 'NONE', ( #7703, #5096, #1930, #11695 ) ) ;
#4611 = DIRECTION ( 'NONE',  ( -0.000000000000000000, 1.000000000000000000, 1.733406087350420004E-16 ) ) ;
#4612 = ORIENTED_EDGE ( 'NONE', *, *, #2045, .T. ) ;
#4613 = LINE ( 'NONE', #11312, #2533 ) ;
#4614 = ADVANCED_FACE ( 'NONE', ( #9307 ), #12242, .F. ) ;
#4615 = VERTEX_POINT ( 'NONE', #12178 ) ;
#4616 = LINE ( 'NONE', #3618, #472 ) ;
#4617 = DIRECTION ( 'NONE',  ( 0.000000000000000000, -1.000000000000000000, -1.733406087350420004E-16 ) ) ;
#4618 = DIRECTION ( 'NONE',  ( -0.000000000000000000, 1.000000000000000000, 1.169455476739838842E-16 ) ) ;
#4619 = AXIS2_PLACEMENT_3D ( 'NONE', #6153, #9136, #76 ) ;
#4620 = AXIS2_PLACEMENT_3D ( 'NONE', #11012, #2072, #6067 ) ;
#4621 = DIRECTION ( 'NONE',  ( -1.000000000000000000, -0.000000000000000000, -0.000000000000000000 ) ) ;
#4622 = ORIENTED_EDGE ( 'NONE', *, *, #7755, .T. ) ;
#4623 = LINE ( 'NONE', #12629, #4096 ) ;
#4624 = EDGE_CURVE ( 'NONE', #1486, #4636, #4218, .T. ) ;
#4625 = DIRECTION ( 'NONE',  ( 0.000000000000000000, 0.000000000000000000, 1.000000000000000000 ) ) ;
#4626 = ORIENTED_EDGE ( 'NONE', *, *, #4795, .T. ) ;
#4627 = VECTOR ( 'NONE', #1420, 1000.000000000000114 ) ;
#4628 = EDGE_CURVE ( 'NONE', #12627, #3964, #1283, .T. ) ;
#4629 = CARTESIAN_POINT ( 'NONE',  ( 27.94000000000000483, 0.5080000000000000071, 0.7528818102449925664 ) ) ;
#4630 = EDGE_CURVE ( 'NONE', #2585, #12830, #2202, .T. ) ;
#4631 = DIRECTION ( 'NONE',  ( 0.000000000000000000, 0.000000000000000000, 1.000000000000000000 ) ) ;
#4632 = ORIENTED_EDGE ( 'NONE', *, *, #7462, .T. ) ;
#4633 = DIRECTION ( 'NONE',  ( -0.000000000000000000, 1.000000000000000000, 2.449293598294710852E-16 ) ) ;
#4634 = AXIS2_PLACEMENT_3D ( 'NONE', #12401, #1317, #11284 ) ;
#4635 = FACE_OUTER_BOUND ( 'NONE', #924, .T. ) ;
#4636 = VERTEX_POINT ( 'NONE', #12297 ) ;
#4637 = EDGE_CURVE ( 'NONE', #834, #9519, #310, .T. ) ;
#4638 = CARTESIAN_POINT ( 'NONE',  ( -12.70000000000000462, -1.925929944387235853E-31, 0.8889999999999991243 ) ) ;
#4639 = VECTOR ( 'NONE', #8621, 1000.000000000000000 ) ;
#4640 = VERTEX_POINT ( 'NONE', #3114 ) ;
#4641 = ORIENTED_EDGE ( 'NONE', *, *, #3354, .F. ) ;
#4642 = DIRECTION ( 'NONE',  ( 0.000000000000000000, 2.548365665731588345E-16, -1.000000000000000000 ) ) ;
#4643 = ORIENTED_EDGE ( 'NONE', *, *, #4980, .T. ) ;
#4644 = EDGE_CURVE ( 'NONE', #5972, #1085, #1221, .T. ) ;
#4645 = VERTEX_POINT ( 'NONE', #9168 ) ;
#4646 = VECTOR ( 'NONE', #11111, 1000.000000000000114 ) ;
#4647 = VECTOR ( 'NONE', #8721, 1000.000000000000000 ) ;
#4648 = AXIS2_PLACEMENT_3D ( 'NONE', #10528, #11637, #1604 ) ;
#4649 = DIRECTION ( 'NONE',  ( 0.000000000000000000, 0.000000000000000000, 1.000000000000000000 ) ) ;
#4650 = ORIENTED_EDGE ( 'NONE', *, *, #10102, .F. ) ;
#4651 = DIRECTION ( 'NONE',  ( 0.000000000000000000, 0.9659258262890700886, -0.2588190451025140781 ) ) ;
#4652 = VECTOR ( 'NONE', #3726, 1000.000000000000000 ) ;
#4653 = CARTESIAN_POINT ( 'NONE',  ( 28.19400000000000617, -1.925929944387235853E-31, 0.8889999999999991243 ) ) ;
#4654 = ORIENTED_EDGE ( 'NONE', *, *, #438, .T. ) ;
#4655 = CARTESIAN_POINT ( 'NONE',  ( 18.66899999999999693, 7.239000000000000767, 0.3809999999999962861 ) ) ;
#4656 = DIRECTION ( 'NONE',  ( 0.000000000000000000, 0.9659258262890700886, -0.2588190451025140781 ) ) ;
#4657 = EDGE_CURVE ( 'NONE', #6918, #7568, #1160, .T. ) ;
#4658 = VERTEX_POINT ( 'NONE', #378 ) ;
#4659 = FACE_OUTER_BOUND ( 'NONE', #996, .T. ) ;
#4660 = VECTOR ( 'NONE', #9805, 1000.000000000000000 ) ;
#4661 = DIRECTION ( 'NONE',  ( 0.000000000000000000, -1.000000000000000000, -2.548365665731588345E-16 ) ) ;
#4662 = DIRECTION ( 'NONE',  ( 0.000000000000000000, -1.000000000000000000, 0.000000000000000000 ) ) ;
#4663 = CARTESIAN_POINT ( 'NONE',  ( -17.78000000000000469, 0.5080000000000002292, -0.7528818102449945648 ) ) ;
#4664 = VERTEX_POINT ( 'NONE', #2060 ) ;
#4665 = AXIS2_PLACEMENT_3D ( 'NONE', #7761, #6668, #6799 ) ;
#4666 = DIRECTION ( 'NONE',  ( 0.000000000000000000, 0.2588190451025145222, -0.9659258262890699775 ) ) ;
#4667 = CARTESIAN_POINT ( 'NONE',  ( -15.24000000000000554, 0.5080000000000002292, -0.7528818102449945648 ) ) ;
#4668 = DIRECTION ( 'NONE',  ( 0.000000000000000000, 1.000000000000000000, 0.000000000000000000 ) ) ;
#4669 = FACE_OUTER_BOUND ( 'NONE', #1285, .T. ) ;
#4670 = DIRECTION ( 'NONE',  ( -0.5773502691896252870, -0.5773502691896251759, -0.5773502691896267303 ) ) ;
#4671 = CARTESIAN_POINT ( 'NONE',  ( 17.77999999999999758, 3.110602869834277161E-16, -1.270000000000001128 ) ) ;
#4672 = EDGE_LOOP ( 'NONE', ( #12245, #12206, #9092, #6010 ) ) ;
#4673 = VECTOR ( 'NONE', #3099, 1000.000000000000000 ) ;
#4674 = DIRECTION ( 'NONE',  ( 0.000000000000000000, -5.054934237236841843E-31, -1.000000000000000000 ) ) ;
#4675 = PRESENTATION_LAYER_ASSIGNMENT (  '', '', ( #7362 ) ) ;
#4676 = VECTOR ( 'NONE', #4549, 1000.000000000000000 ) ;
#4677 = ADVANCED_FACE ( 'NONE', ( #12107 ), #1348, .F. ) ;
#4678 =( LENGTH_UNIT ( ) NAMED_UNIT ( * ) SI_UNIT ( .MILLI., .METRE. ) );
#4679 = ORIENTED_EDGE ( 'NONE', *, *, #7648, .F. ) ;
#4680 = DIRECTION ( 'NONE',  ( 0.000000000000000000, 0.9659258262890700886, -0.2588190451025140781 ) ) ;
#4681 = EDGE_LOOP ( 'NONE', ( #3323, #7057, #7496, #4175 ) ) ;
#4682 = PLANE ( 'NONE',  #8569 ) ;
#4683 = PRESENTATION_LAYER_ASSIGNMENT (  '', '', ( #6343 ) ) ;
#4684 = CARTESIAN_POINT ( 'NONE',  ( -5.080000000000004512, 3.110602869834277161E-16, -1.270000000000001128 ) ) ;
#4685 = VECTOR ( 'NONE', #922, 1000.000000000000000 ) ;
#4686 = VECTOR ( 'NONE', #9617, 1000.000000000000000 ) ;
#4687 = DIRECTION ( 'NONE',  ( 0.000000000000000000, -0.7071067811865484609, 0.7071067811865465735 ) ) ;
#4688 = DIRECTION ( 'NONE',  ( -1.000000000000000000, -0.000000000000000000, -0.000000000000000000 ) ) ;
#4689 = DIRECTION ( 'NONE',  ( 0.5773502691896253980, 0.5773502691896253980, -0.5773502691896265082 ) ) ;
#4690 = ORIENTED_EDGE ( 'NONE', *, *, #3171, .F. ) ;
#4691 = DIRECTION ( 'NONE',  ( 0.000000000000000000, 2.548365665731588345E-16, -1.000000000000000000 ) ) ;
#4692 = AXIS2_PLACEMENT_3D ( 'NONE', #2482, #6662, #12385 ) ;
#4693 = CARTESIAN_POINT ( 'NONE',  ( -9.271000000000004349, 8.064500000000000668, -0.3810000000000023368 ) ) ;
#4694 = AXIS2_PLACEMENT_3D ( 'NONE', #3602, #1648, #5625 ) ;
#4695 = EDGE_LOOP ( 'NONE', ( #2726, #10330, #12248, #1636 ) ) ;
#4696 = CARTESIAN_POINT ( 'NONE',  ( -8.763000000000007006, 7.810500000000001108, 0.1269999999999965878 ) ) ;
#4697 = DIRECTION ( 'NONE',  ( 1.000000000000000000, 0.000000000000000000, 0.000000000000000000 ) ) ;
#4698 = VERTEX_POINT ( 'NONE', #10266 ) ;
#4699 = CARTESIAN_POINT ( 'NONE',  ( 27.94000000000000128, 8.509000000000000341, 1.270000000000001128 ) ) ;
#4700 = VECTOR ( 'NONE', #1741, 1000.000000000000000 ) ;
#4701 = LINE ( 'NONE', #272, #105 ) ;
#4702 = SURFACE_STYLE_USAGE ( .BOTH. , #4818 ) ;
#4703 = ORIENTED_EDGE ( 'NONE', *, *, #4375, .T. ) ;
#4704 = AXIS2_PLACEMENT_3D ( 'NONE', #7903, #11809, #3851 ) ;
#4705 = EDGE_CURVE ( 'NONE', #5254, #11996, #3244, .T. ) ;
#4706 = ORIENTED_EDGE ( 'NONE', *, *, #2551, .F. ) ;
#4707 = ORIENTED_EDGE ( 'NONE', *, *, #2590, .T. ) ;
#4708 = SURFACE_SIDE_STYLE ('',( #2545 ) ) ;
#4709 = ORIENTED_EDGE ( 'NONE', *, *, #8843, .T. ) ;
#4710 = ORIENTED_EDGE ( 'NONE', *, *, #1590, .T. ) ;
#4711 = AXIS2_PLACEMENT_3D ( 'NONE', #3183, #10949, #123 ) ;
#4712 = VECTOR ( 'NONE', #9444, 1000.000000000000000 ) ;
#4713 = EDGE_CURVE ( 'NONE', #10516, #610, #11191, .T. ) ;
#4714 = VECTOR ( 'NONE', #11201, 1000.000000000000000 ) ;
#4715 = DIRECTION ( 'NONE',  ( -0.5773502691896253980, 0.5773502691896253980, -0.5773502691896265082 ) ) ;
#4716 = ORIENTED_EDGE ( 'NONE', *, *, #3307, .F. ) ;
#4717 = EDGE_CURVE ( 'NONE', #3770, #545, #2263, .T. ) ;
#4718 = EDGE_CURVE ( 'NONE', #4959, #5409, #2326, .T. ) ;
#4719 = CARTESIAN_POINT ( 'NONE',  ( -7.620000000000005436, -1.925929944387235853E-31, 0.8889999999999991243 ) ) ;
#4720 = CARTESIAN_POINT ( 'NONE',  ( 21.20899999999999963, 7.239000000000000767, -0.3810000000000025033 ) ) ;
#4721 = EDGE_LOOP ( 'NONE', ( #2654, #1549, #10454, #9780 ) ) ;
#4722 = PLANE ( 'NONE',  #3916 ) ;
#4723 = ORIENTED_EDGE ( 'NONE', *, *, #3734, .F. ) ;
#4724 = ORIENTED_EDGE ( 'NONE', *, *, #7625, .T. ) ;
#4725 = CARTESIAN_POINT ( 'NONE',  ( -0.3810000000000000053, -2.692399999999995686, 0.2032000000000002693 ) ) ;
#4726 = EDGE_CURVE ( 'NONE', #9372, #8407, #5063, .T. ) ;
#4727 = CARTESIAN_POINT ( 'NONE',  ( 7.619999999999994778, 8.509000000000000341, -1.270000000000001128 ) ) ;
#4728 = CARTESIAN_POINT ( 'NONE',  ( 7.619999999999994778, 0.5080000000000000071, 0.7528818102449925664 ) ) ;
#4729 = EDGE_LOOP ( 'NONE', ( #8788, #9757, #12429, #6573 ) ) ;
#4730 = CARTESIAN_POINT ( 'NONE',  ( -14.35100000000000442, 8.064500000000000668, 0.3809999999999962861 ) ) ;
#4731 = DIRECTION ( 'NONE',  ( 0.000000000000000000, -1.440069553722777130E-16, 1.000000000000000000 ) ) ;
#4732 = CARTESIAN_POINT ( 'NONE',  ( 19.43099999999999739, 7.239000000000000767, 0.3809999999999962861 ) ) ;
#4733 = DIRECTION ( 'NONE',  ( 0.000000000000000000, 2.548365665731588345E-16, -1.000000000000000000 ) ) ;
#4734 = LINE ( 'NONE', #6561, #2173 ) ;
#4735 = DIRECTION ( 'NONE',  ( 0.000000000000000000, 0.9659258262890699775, 0.2588190451025145222 ) ) ;
#4736 = DIRECTION ( 'NONE',  ( -1.000000000000000000, -0.000000000000000000, -0.000000000000000000 ) ) ;
#4737 = ORIENTED_EDGE ( 'NONE', *, *, #9333, .T. ) ;
#4738 = DIRECTION ( 'NONE',  ( 0.000000000000000000, -0.9659258262890699775, -0.2588190451025145222 ) ) ;
#4739 = VECTOR ( 'NONE', #4606, 1000.000000000000114 ) ;
#4740 = CARTESIAN_POINT ( 'NONE',  ( -23.30450000000000443, 8.509000000000000341, -1.270000000000001128 ) ) ;
#4741 = ORIENTED_EDGE ( 'NONE', *, *, #4869, .F. ) ;
#4742 = EDGE_CURVE ( 'NONE', #5199, #11195, #4095, .T. ) ;
#4743 = CARTESIAN_POINT ( 'NONE',  ( 15.23999999999999666, 8.509000000000000341, -1.270000000000001128 ) ) ;
#4744 = EDGE_LOOP ( 'NONE', ( #11062, #2179, #10619, #11833, #10327, #91, #11130, #11529 ) ) ;
#4745 = PLANE ( 'NONE',  #6717 ) ;
#4746 = EDGE_LOOP ( 'NONE', ( #9146, #8665, #6874, #2871 ) ) ;
#4747 = FACE_OUTER_BOUND ( 'NONE', #8293, .T. ) ;
#4748 = FACE_OUTER_BOUND ( 'NONE', #2814, .T. ) ;
#4749 = DIRECTION ( 'NONE',  ( -0.000000000000000000, -0.7071067811865482389, -0.7071067811865469066 ) ) ;
#4750 = DIRECTION ( 'NONE',  ( 0.000000000000000000, -5.054934237236841843E-31, -1.000000000000000000 ) ) ;
#4751 = CARTESIAN_POINT ( 'NONE',  ( -20.32000000000000384, 8.509000000000000341, -0.8255000000000036753 ) ) ;
#4752 = ORIENTED_EDGE ( 'NONE', *, *, #11295, .F. ) ;
#4753 = DIRECTION ( 'NONE',  ( 0.000000000000000000, 1.440069553722777130E-16, -1.000000000000000000 ) ) ;
#4754 = EDGE_CURVE ( 'NONE', #12860, #1370, #7543, .T. ) ;
#4755 = LINE ( 'NONE', #8581, #11531 ) ;
#4756 = ORIENTED_EDGE ( 'NONE', *, *, #10630, .T. ) ;
#4757 = PLANE ( 'NONE',  #9026 ) ;
#4758 = VECTOR ( 'NONE', #12213, 1000.000000000000000 ) ;
#4759 = DIRECTION ( 'NONE',  ( 1.000000000000000000, 0.000000000000000000, 0.000000000000000000 ) ) ;
#4760 = ORIENTED_EDGE ( 'NONE', *, *, #4932, .T. ) ;
#4761 = LINE ( 'NONE', #9820, #4823 ) ;
#4762 = EDGE_CURVE ( 'NONE', #943, #9171, #2589, .T. ) ;
#4763 = LINE ( 'NONE', #10941, #3637 ) ;
#4764 = DIRECTION ( 'NONE',  ( -0.000000000000000000, 0.2588190451025140781, 0.9659258262890700886 ) ) ;
#4765 = ORIENTED_EDGE ( 'NONE', *, *, #6639, .T. ) ;
#4766 = ORIENTED_EDGE ( 'NONE', *, *, #11544, .F. ) ;
#4767 = ORIENTED_EDGE ( 'NONE', *, *, #4376, .F. ) ;
#4768 = CARTESIAN_POINT ( 'NONE',  ( -19.43100000000000449, 8.064500000000000668, -0.3810000000000023368 ) ) ;
#4769 = ORIENTED_EDGE ( 'NONE', *, *, #1201, .F. ) ;
#4770 = ORIENTED_EDGE ( 'NONE', *, *, #12659, .T. ) ;
#4771 = ADVANCED_FACE ( 'NONE', ( #9429 ), #9624, .F. ) ;
#4772 = LINE ( 'NONE', #8731, #1497 ) ;
#4773 = EDGE_CURVE ( 'NONE', #2729, #2559, #505, .T. ) ;
#4774 = CARTESIAN_POINT ( 'NONE',  ( 17.77999999999999758, 0.000000000000000000, 1.269999999999998908 ) ) ;
#4775 = ORIENTED_EDGE ( 'NONE', *, *, #1042, .F. ) ;
#4776 = CARTESIAN_POINT ( 'NONE',  ( -18.66900000000000404, 7.239000000000000767, 0.3809999999999962861 ) ) ;
#4777 = EDGE_LOOP ( 'NONE', ( #10811, #12526, #456, #12050 ) ) ;
#4778 = CARTESIAN_POINT ( 'NONE',  ( -15.24000000000000554, 2.177422008883992879E-16, -0.8890000000000013447 ) ) ;
#4779 = PLANE ( 'NONE',  #5927 ) ;
#4780 = EDGE_CURVE ( 'NONE', #6000, #1010, #2524, .T. ) ;
#4781 = LINE ( 'NONE', #4592, #5735 ) ;
#4782 = EDGE_CURVE ( 'NONE', #1081, #3999, #11315, .T. ) ;
#4783 = EDGE_CURVE ( 'NONE', #4864, #2612, #5394, .T. ) ;
#4784 = DIRECTION ( 'NONE',  ( 0.000000000000000000, -1.000000000000000000, -2.548365665731588345E-16 ) ) ;
#4785 = ORIENTED_EDGE ( 'NONE', *, *, #1336, .F. ) ;
#4786 = CARTESIAN_POINT ( 'NONE',  ( 7.619999999999994778, 0.000000000000000000, 1.269999999999998908 ) ) ;
#4787 = EDGE_CURVE ( 'NONE', #4583, #7958, #6388, .T. ) ;
#4788 = DIRECTION ( 'NONE',  ( 0.5773502691896253980, 0.5773502691896253980, -0.5773502691896265082 ) ) ;
#4789 = DIRECTION ( 'NONE',  ( 0.000000000000000000, 0.000000000000000000, 1.000000000000000000 ) ) ;
#4790 = DIRECTION ( 'NONE',  ( -1.000000000000000000, -0.000000000000000000, -0.000000000000000000 ) ) ;
#4791 = LINE ( 'NONE', #10706, #7586 ) ;
#4792 = LINE ( 'NONE', #12728, #9528 ) ;
#4793 = PLANE ( 'NONE',  #263 ) ;
#4794 = EDGE_LOOP ( 'NONE', ( #4115, #11076, #5158, #11250 ) ) ;
#4795 = EDGE_CURVE ( 'NONE', #6180, #6021, #436, .T. ) ;
#4796 = DIRECTION ( 'NONE',  ( 0.000000000000000000, 0.9659258262890699775, 0.2588190451025145222 ) ) ;
#4797 = CARTESIAN_POINT ( 'NONE',  ( 7.175499999999994216, 8.509000000000000341, -1.270000000000001128 ) ) ;
#4798 = VERTEX_POINT ( 'NONE', #10335 ) ;
#4799 = DIRECTION ( 'NONE',  ( -1.000000000000000000, -0.000000000000000000, -0.000000000000000000 ) ) ;
#4800 = CARTESIAN_POINT ( 'NONE',  ( -16.12900000000000489, 7.239000000000000767, -0.3810000000000025033 ) ) ;
#4801 = ORIENTED_EDGE ( 'NONE', *, *, #12583, .F. ) ;
#4802 = LINE ( 'NONE', #5776, #4832 ) ;
#4803 = ORIENTED_EDGE ( 'NONE', *, *, #8036, .T. ) ;
#4804 = FACE_OUTER_BOUND ( 'NONE', #3011, .T. ) ;
#4805 = DIRECTION ( 'NONE',  ( 0.000000000000000000, -1.733406087350420004E-16, 1.000000000000000000 ) ) ;
#4806 = DIRECTION ( 'NONE',  ( 0.000000000000000000, 0.000000000000000000, 1.000000000000000000 ) ) ;
#4807 = ORIENTED_EDGE ( 'NONE', *, *, #12661, .T. ) ;
#4808 = FACE_OUTER_BOUND ( 'NONE', #3484, .T. ) ;
#4809 = DIRECTION ( 'NONE',  ( -0.7071067811865475727, -0.7071067811865475727, 0.000000000000000000 ) ) ;
#4810 = VERTEX_POINT ( 'NONE', #9501 ) ;
#4811 = DIRECTION ( 'NONE',  ( 0.000000000000000000, 0.000000000000000000, 1.000000000000000000 ) ) ;
#4812 = CARTESIAN_POINT ( 'NONE',  ( -16.51000000000000512, 0.000000000000000000, 0.000000000000000000 ) ) ;
#4813 = ORIENTED_EDGE ( 'NONE', *, *, #1501, .F. ) ;
#4814 = VECTOR ( 'NONE', #6390, 1000.000000000000000 ) ;
#4815 = LINE ( 'NONE', #10670, #11266 ) ;
#4816 = EDGE_CURVE ( 'NONE', #10188, #8849, #4418, .T. ) ;
#4817 = FACE_OUTER_BOUND ( 'NONE', #10928, .T. ) ;
#4818 = SURFACE_SIDE_STYLE ('',( #3639 ) ) ;
#4819 = EDGE_LOOP ( 'NONE', ( #12383, #5615, #6823, #2238 ) ) ;
#4820 = DIRECTION ( 'NONE',  ( 0.000000000000000000, 0.2588190451025145222, -0.9659258262890699775 ) ) ;
#4821 = VERTEX_POINT ( 'NONE', #8458 ) ;
#4822 = ORIENTED_EDGE ( 'NONE', *, *, #2040, .F. ) ;
#4823 = VECTOR ( 'NONE', #6975, 1000.000000000000000 ) ;
#4824 = LINE ( 'NONE', #10812, #10087 ) ;
#4825 = AXIS2_PLACEMENT_3D ( 'NONE', #10955, #8404, #4569 ) ;
#4826 = EDGE_LOOP ( 'NONE', ( #2037, #11082, #6837, #1630 ) ) ;
#4827 = EDGE_CURVE ( 'NONE', #1010, #4259, #8512, .T. ) ;
#4828 = ORIENTED_EDGE ( 'NONE', *, *, #9112, .F. ) ;
#4829 =( LENGTH_UNIT ( ) NAMED_UNIT ( * ) SI_UNIT ( .MILLI., .METRE. ) );
#4830 = ORIENTED_EDGE ( 'NONE', *, *, #9951, .F. ) ;
#4831 = AXIS2_PLACEMENT_3D ( 'NONE', #5892, #1128, #10839 ) ;
#4832 = VECTOR ( 'NONE', #10724, 1000.000000000000114 ) ;
#4833 = CARTESIAN_POINT ( 'NONE',  ( 5.079999999999993854, 8.509000000000000341, 0.8254999999999981242 ) ) ;
#4834 = ADVANCED_FACE ( 'NONE', ( #578 ), #11441, .F. ) ;
#4835 = DIRECTION ( 'NONE',  ( 0.000000000000000000, -0.000000000000000000, -1.000000000000000000 ) ) ;
#4836 = ORIENTED_EDGE ( 'NONE', *, *, #11073, .T. ) ;
#4837 = VERTEX_POINT ( 'NONE', #6513 ) ;
#4838 = CARTESIAN_POINT ( 'NONE',  ( 13.14449999999999719, 8.509000000000000341, -1.270000000000001128 ) ) ;
#4839 = ORIENTED_EDGE ( 'NONE', *, *, #10735, .F. ) ;
#4840 = DIRECTION ( 'NONE',  ( -0.7071067811865475727, -0.7071067811865475727, 0.000000000000000000 ) ) ;
#4841 = CARTESIAN_POINT ( 'NONE',  ( -2.984500000000004594, 8.509000000000000341, 0.8254999999999981242 ) ) ;
#4842 = CARTESIAN_POINT ( 'NONE',  ( 28.19400000000000617, 2.177422008883992879E-16, -0.8890000000000013447 ) ) ;
#4843 = VECTOR ( 'NONE', #2187, 1000.000000000000000 ) ;
#4844 = AXIS2_PLACEMENT_3D ( 'NONE', #8985, #9903, #4964 ) ;
#4845 = PLANE ( 'NONE',  #3224 ) ;
#4846 = ORIENTED_EDGE ( 'NONE', *, *, #8447, .F. ) ;
#4847 = EDGE_CURVE ( 'NONE', #450, #1323, #10396, .T. ) ;
#4848 = FACE_OUTER_BOUND ( 'NONE', #257, .T. ) ;
#4849 = EDGE_CURVE ( 'NONE', #7258, #1185, #12495, .T. ) ;
#4850 = DIRECTION ( 'NONE',  ( -0.7071067811865475727, -0.7071067811865475727, 0.000000000000000000 ) ) ;
#4851 = CARTESIAN_POINT ( 'NONE',  ( 6.730999999999993655, 8.064500000000000668, -0.3810000000000023368 ) ) ;
#4852 = CARTESIAN_POINT ( 'NONE',  ( 28.19400000000000617, 0.000000000000000000, 1.269999999999998908 ) ) ;
#4853 = AXIS2_PLACEMENT_3D ( 'NONE', #749, #1900, #2830 ) ;
#4854 = CARTESIAN_POINT ( 'NONE',  ( -16.89100000000000179, 7.239000000000000767, 0.3809999999999962861 ) ) ;
#4855 = DIRECTION ( 'NONE',  ( 0.000000000000000000, -1.000000000000000000, 0.000000000000000000 ) ) ;
#4856 = CARTESIAN_POINT ( 'NONE',  ( 21.97099999999999653, 7.239000000000000767, 0.3809999999999962861 ) ) ;
#4857 = ORIENTED_EDGE ( 'NONE', *, *, #2419, .T. ) ;
#4858 = EDGE_CURVE ( 'NONE', #4292, #6500, #7353, .T. ) ;
#4859 = PLANE ( 'NONE',  #12009 ) ;
#4860 = CARTESIAN_POINT ( 'NONE',  ( -25.40000000000000568, 8.509000000000000341, -1.270000000000001128 ) ) ;
#4861 = VERTEX_POINT ( 'NONE', #12559 ) ;
#4862 = VECTOR ( 'NONE', #8935, 1000.000000000000000 ) ;
#4863 = PLANE ( 'NONE',  #4881 ) ;
#4864 = VERTEX_POINT ( 'NONE', #7483 ) ;
#4865 = CARTESIAN_POINT ( 'NONE',  ( 7.619999999999994778, 3.110602869834277161E-16, -1.270000000000001128 ) ) ;
#4866 = ORIENTED_EDGE ( 'NONE', *, *, #9890, .T. ) ;
#4867 = ADVANCED_FACE ( 'NONE', ( #11512 ), #1607, .F. ) ;
#4868 = DIRECTION ( 'NONE',  ( 0.000000000000000000, 2.548365665731588345E-16, -1.000000000000000000 ) ) ;
#4869 = EDGE_CURVE ( 'NONE', #7970, #7237, #10595, .T. ) ;
#4870 = CARTESIAN_POINT ( 'NONE',  ( -11.04900000000000659, 8.064500000000000668, 0.3809999999999962861 ) ) ;
#4871 = CARTESIAN_POINT ( 'NONE',  ( -17.78000000000000469, 8.509000000000000341, -1.270000000000001128 ) ) ;
#4872 = CARTESIAN_POINT ( 'NONE',  ( 22.85999999999999943, 8.509000000000000341, -1.270000000000001128 ) ) ;
#4873 = VERTEX_POINT ( 'NONE', #699 ) ;
#4874 = VECTOR ( 'NONE', #8384, 1000.000000000000000 ) ;
#4875 = LINE ( 'NONE', #2190, #7848 ) ;
#4876 = LINE ( 'NONE', #11643, #6345 ) ;
#4877 = ORIENTED_EDGE ( 'NONE', *, *, #7965, .F. ) ;
#4878 = FACE_OUTER_BOUND ( 'NONE', #3140, .T. ) ;
#4879 = ORIENTED_EDGE ( 'NONE', *, *, #9869, .F. ) ;
#4880 = VECTOR ( 'NONE', #3975, 1000.000000000000000 ) ;
#4881 = AXIS2_PLACEMENT_3D ( 'NONE', #11828, #12799, #3876 ) ;
#4882 = LINE ( 'NONE', #6842, #25 ) ;
#4883 = ORIENTED_EDGE ( 'NONE', *, *, #5971, .T. ) ;
#4884 = DIRECTION ( 'NONE',  ( -0.000000000000000000, 1.000000000000000000, 1.733406087350420004E-16 ) ) ;
#4885 = VERTEX_POINT ( 'NONE', #6890 ) ;
#4886 = ORIENTED_EDGE ( 'NONE', *, *, #7431, .T. ) ;
#4887 = VECTOR ( 'NONE', #11269, 1000.000000000000000 ) ;
#4888 = VECTOR ( 'NONE', #812, 999.9999999999998863 ) ;
#4889 = VECTOR ( 'NONE', #5582, 1000.000000000000000 ) ;
#4890 = DIRECTION ( 'NONE',  ( 0.000000000000000000, -0.000000000000000000, -1.000000000000000000 ) ) ;
#4891 = VERTEX_POINT ( 'NONE', #5838 ) ;
#4892 = EDGE_LOOP ( 'NONE', ( #11335, #5425, #9884, #11734 ) ) ;
#4893 = LINE ( 'NONE', #2068, #11882 ) ;
#4894 = CARTESIAN_POINT ( 'NONE',  ( -17.78000000000000469, 0.5080000000000000071, 0.7528818102449925664 ) ) ;
#4895 = ORIENTED_EDGE ( 'NONE', *, *, #8277, .F. ) ;
#4896 = VECTOR ( 'NONE', #6676, 1000.000000000000000 ) ;
#4897 = CARTESIAN_POINT ( 'NONE',  ( -27.94000000000000483, 2.177422008883992879E-16, -0.8890000000000013447 ) ) ;
#4898 = DIRECTION ( 'NONE',  ( 1.000000000000000000, 0.000000000000000000, 0.000000000000000000 ) ) ;
#4899 = PRODUCT_RELATED_PRODUCT_CATEGORY ( 'part', '', ( #11260 ) ) ;
#4900 = VECTOR ( 'NONE', #4906, 999.9999999999998863 ) ;
#4901 = VECTOR ( 'NONE', #3083, 1000.000000000000000 ) ;
#4902 = CARTESIAN_POINT ( 'NONE',  ( -6.731000000000004313, 8.064500000000000668, -0.3810000000000023368 ) ) ;
#4903 = ORIENTED_EDGE ( 'NONE', *, *, #8157, .T. ) ;
#4904 = DIRECTION ( 'NONE',  ( 1.000000000000000000, 0.000000000000000000, 0.000000000000000000 ) ) ;
#4905 = ORIENTED_EDGE ( 'NONE', *, *, #1070, .T. ) ;
#4906 = DIRECTION ( 'NONE',  ( 0.5773502691896253980, 0.5773502691896253980, -0.5773502691896265082 ) ) ;
#4907 = CARTESIAN_POINT ( 'NONE',  ( -11.81100000000000527, 7.239000000000000767, -0.3810000000000025033 ) ) ;
#4908 = VECTOR ( 'NONE', #12457, 1000.000000000000000 ) ;
#4909 = ORIENTED_EDGE ( 'NONE', *, *, #994, .T. ) ;
#4910 = VECTOR ( 'NONE', #11008, 1000.000000000000000 ) ;
#4911 = ADVANCED_FACE ( 'NONE', ( #7673 ), #10794, .F. ) ;
#4912 = AXIS2_PLACEMENT_3D ( 'NONE', #4727, #4662, #12599 ) ;
#4913 = DIRECTION ( 'NONE',  ( 0.000000000000000000, 1.000000000000000000, 1.733406087350420004E-16 ) ) ;
#4914 = VERTEX_POINT ( 'NONE', #10657 ) ;
#4915 = LINE ( 'NONE', #7709, #5868 ) ;
#4916 = LINE ( 'NONE', #8623, #7767 ) ;
#4917 = CARTESIAN_POINT ( 'NONE',  ( 12.69999999999999574, 3.110602869834277161E-16, -1.270000000000001128 ) ) ;
#4918 = CARTESIAN_POINT ( 'NONE',  ( -2.540000000000004032, -1.925929944387235853E-31, 0.8889999999999991243 ) ) ;
#4919 = CARTESIAN_POINT ( 'NONE',  ( -0.3810000000000000053, -2.692399999999995686, 0.000000000000000000 ) ) ;
#4920 = EDGE_LOOP ( 'NONE', ( #8286, #2457, #11708, #9447 ) ) ;
#4921 = DIRECTION ( 'NONE',  ( 0.000000000000000000, 0.9659258262890700886, -0.2588190451025140781 ) ) ;
#4922 = LINE ( 'NONE', #4126, #5245 ) ;
#4923 = ORIENTED_EDGE ( 'NONE', *, *, #1458, .F. ) ;
#4924 = DIRECTION ( 'NONE',  ( 0.000000000000000000, 0.000000000000000000, 1.000000000000000000 ) ) ;
#4925 =( LENGTH_UNIT ( ) NAMED_UNIT ( * ) SI_UNIT ( .MILLI., .METRE. ) );
#4926 = ORIENTED_EDGE ( 'NONE', *, *, #7462, .F. ) ;
#4927 = PLANE ( 'NONE',  #5081 ) ;
#4928 = VECTOR ( 'NONE', #4155, 1000.000000000000000 ) ;
#4929 = ORIENTED_EDGE ( 'NONE', *, *, #2456, .F. ) ;
#4930 = DIRECTION ( 'NONE',  ( -1.000000000000000000, 0.000000000000000000, -0.000000000000000000 ) ) ;
#4931 = EDGE_LOOP ( 'NONE', ( #1338, #12381, #2650, #1182 ) ) ;
#4932 = EDGE_CURVE ( 'NONE', #7478, #6584, #12683, .T. ) ;
#4933 = FACE_OUTER_BOUND ( 'NONE', #2010, .T. ) ;
#4934 = DIRECTION ( 'NONE',  ( 0.7071067811865475727, -0.7071067811865475727, 0.000000000000000000 ) ) ;
#4935 = CARTESIAN_POINT ( 'NONE',  ( -3.469446951953614189E-15, 0.000000000000000000, 0.000000000000000000 ) ) ;
#4936 = DIRECTION ( 'NONE',  ( 0.000000000000000000, -0.7071067811865484609, 0.7071067811865465735 ) ) ;
#4937 = EDGE_CURVE ( 'NONE', #1007, #11641, #11640, .T. ) ;
#4938 = CARTESIAN_POINT ( 'NONE',  ( 25.39999999999999858, -1.925929944387235853E-31, 0.8889999999999991243 ) ) ;
#4939 = ORIENTED_EDGE ( 'NONE', *, *, #1116, .F. ) ;
#4940 = AXIS2_PLACEMENT_3D ( 'NONE', #8516, #11704, #11582 ) ;
#4941 = FACE_OUTER_BOUND ( 'NONE', #9486, .T. ) ;
#4942 = ADVANCED_FACE ( 'NONE', ( #5908 ), #2721, .F. ) ;
#4943 = EDGE_CURVE ( 'NONE', #11270, #9258, #2848, .T. ) ;
#4944 = LINE ( 'NONE', #6899, #5510 ) ;
#4945 = ORIENTED_EDGE ( 'NONE', *, *, #2388, .T. ) ;
#4946 = EDGE_CURVE ( 'NONE', #11996, #728, #3884, .T. ) ;
#4947 = CARTESIAN_POINT ( 'NONE',  ( -2.540000000000004032, 0.000000000000000000, 1.269999999999998908 ) ) ;
#4948 = ORIENTED_EDGE ( 'NONE', *, *, #3354, .T. ) ;
#4949 = EDGE_CURVE ( 'NONE', #6596, #7110, #5978, .T. ) ;
#4950 = DIRECTION ( 'NONE',  ( 0.000000000000000000, -0.7071067811865484609, 0.7071067811865465735 ) ) ;
#4951 = VECTOR ( 'NONE', #2577, 1000.000000000000000 ) ;
#4952 = PRODUCT_DEFINITION_SHAPE ( 'NONE', 'NONE',  #12886 ) ;
#4953 = EDGE_CURVE ( 'NONE', #10747, #1323, #2779, .T. ) ;
#4954 = CARTESIAN_POINT ( 'NONE',  ( 24.51099999999999923, 8.064500000000000668, -0.3810000000000023368 ) ) ;
#4955 = ORIENTED_EDGE ( 'NONE', *, *, #9715, .F. ) ;
#4956 = ORIENTED_EDGE ( 'NONE', *, *, #9728, .F. ) ;
#4957 = EDGE_CURVE ( 'NONE', #11558, #7426, #12625, .T. ) ;
#4958 = VECTOR ( 'NONE', #8693, 1000.000000000000000 ) ;
#4959 = VERTEX_POINT ( 'NONE', #1796 ) ;
#4960 =( LENGTH_UNIT ( ) NAMED_UNIT ( * ) SI_UNIT ( .MILLI., .METRE. ) );
#4961 = SURFACE_SIDE_STYLE ('',( #11724 ) ) ;
#4962 = DIRECTION ( 'NONE',  ( 0.000000000000000000, 1.000000000000000000, 2.449293598294710852E-16 ) ) ;
#4963 = ORIENTED_EDGE ( 'NONE', *, *, #2091, .F. ) ;
#4964 = DIRECTION ( 'NONE',  ( 1.000000000000000000, 0.000000000000000000, -0.000000000000000000 ) ) ;
#4965 = CARTESIAN_POINT ( 'NONE',  ( 12.69999999999999574, 2.177422008883992879E-16, -0.8890000000000013447 ) ) ;
#4966 = VERTEX_POINT ( 'NONE', #1016 ) ;
#4967 = PLANE ( 'NONE',  #1951 ) ;
#4968 = ORIENTED_EDGE ( 'NONE', *, *, #5784, .T. ) ;
#4969 = CARTESIAN_POINT ( 'NONE',  ( -27.94000000000000483, 8.509000000000000341, 1.270000000000001128 ) ) ;
#4970 = PLANE ( 'NONE',  #6770 ) ;
#4971 = VERTEX_POINT ( 'NONE', #8767 ) ;
#4972 = ADVANCED_FACE ( 'NONE', ( #3745 ), #9692, .F. ) ;
#4973 = DIRECTION ( 'NONE',  ( 1.000000000000000000, 0.000000000000000000, 0.000000000000000000 ) ) ;
#4974 = VERTEX_POINT ( 'NONE', #6831 ) ;
#4975 = DIRECTION ( 'NONE',  ( 0.000000000000000000, -2.449293598294710852E-16, 1.000000000000000000 ) ) ;
#4976 = LINE ( 'NONE', #2025, #12140 ) ;
#4977 = DIRECTION ( 'NONE',  ( 0.000000000000000000, -0.000000000000000000, -1.000000000000000000 ) ) ;
#4978 = CARTESIAN_POINT ( 'NONE',  ( -22.86000000000000654, 0.5080000000000002292, -0.7528818102449945648 ) ) ;
#4979 = LINE ( 'NONE', #146, #7823 ) ;
#4980 = EDGE_CURVE ( 'NONE', #2918, #4255, #6698, .T. ) ;
#4981 = CARTESIAN_POINT ( 'NONE',  ( -4.191000000000003389, 7.239000000000000767, 0.3809999999999962861 ) ) ;
#4982 = ORIENTED_EDGE ( 'NONE', *, *, #2681, .T. ) ;
#4983 = CARTESIAN_POINT ( 'NONE',  ( 12.69999999999999574, 0.5080000000000002292, -0.7528818102449945648 ) ) ;
#4984 = CARTESIAN_POINT ( 'NONE',  ( 5.079999999999993854, 0.5080000000000000071, 0.7528818102449925664 ) ) ;
#4985 = CARTESIAN_POINT ( 'NONE',  ( 14.35099999999999554, 7.239000000000000767, 0.3809999999999962861 ) ) ;
#4986 = LINE ( 'NONE', #87, #3023 ) ;
#4987 = ORIENTED_EDGE ( 'NONE', *, *, #5971, .F. ) ;
#4988 = CARTESIAN_POINT ( 'NONE',  ( 2.539999999999993818, -1.925929944387235853E-31, 0.8889999999999991243 ) ) ;
#4989 = ORIENTED_EDGE ( 'NONE', *, *, #3006, .F. ) ;
#4990 = DIRECTION ( 'NONE',  ( -1.000000000000000000, 0.000000000000000000, 0.000000000000000000 ) ) ;
#4991 = DIRECTION ( 'NONE',  ( 0.000000000000000000, -0.9659258262890700886, 0.2588190451025140781 ) ) ;
#4992 = PLANE ( 'NONE',  #11740 ) ;
#4993 = PLANE ( 'NONE',  #8191 ) ;
#4994 = CARTESIAN_POINT ( 'NONE',  ( 24.95549999999999713, 8.509000000000000341, 0.8254999999999981242 ) ) ;
#4995 = ADVANCED_FACE ( 'NONE', ( #7872 ), #11836, .F. ) ;
#4996 = DIRECTION ( 'NONE',  ( 1.000000000000000000, 0.000000000000000000, 0.000000000000000000 ) ) ;
#4997 = ORIENTED_EDGE ( 'NONE', *, *, #4191, .T. ) ;
#4998 = LINE ( 'NONE', #8961, #5347 ) ;
#4999 = FILL_AREA_STYLE ('',( #967 ) ) ;
#5000 = VERTEX_POINT ( 'NONE', #1923 ) ;
#5001 = ADVANCED_FACE ( 'NONE', ( #960 ), #4993, .F. ) ;
#5002 = CARTESIAN_POINT ( 'NONE',  ( -3.469446951953614189E-15, 0.5080000000000000071, 0.7528818102449925664 ) ) ;
#5003 = APPLICATION_PROTOCOL_DEFINITION ( 'draft international standard', 'automotive_design', 1998, #506 ) ;
#5004 = ORIENTED_EDGE ( 'NONE', *, *, #10385, .F. ) ;
#5005 = LINE ( 'NONE', #8967, #9183 ) ;
#5006 = DIRECTION ( 'NONE',  ( -0.000000000000000000, -0.7071067811865482389, -0.7071067811865469066 ) ) ;
#5007 = ADVANCED_FACE ( 'NONE', ( #3947 ), #7931, .F. ) ;
#5008 = CARTESIAN_POINT ( 'NONE',  ( -1.651000000000003132, 8.064500000000000668, 0.3809999999999962861 ) ) ;
#5009 = VERTEX_POINT ( 'NONE', #3689 ) ;
#5010 = VERTEX_POINT ( 'NONE', #1990 ) ;
#5011 = ORIENTED_EDGE ( 'NONE', *, *, #11804, .F. ) ;
#5012 = AXIS2_PLACEMENT_3D ( 'NONE', #3367, #9431, #509 ) ;
#5013 = CARTESIAN_POINT ( 'NONE',  ( 4.190999999999993619, 7.239000000000000767, 0.3809999999999962861 ) ) ;
#5014 = DIRECTION ( 'NONE',  ( 0.000000000000000000, 1.000000000000000000, 2.548365665731588345E-16 ) ) ;
#5015 = CARTESIAN_POINT ( 'NONE',  ( -22.86000000000000654, 3.110602869834277161E-16, -1.270000000000001128 ) ) ;
#5016 = CARTESIAN_POINT ( 'NONE',  ( 13.58899999999999686, 7.239000000000000767, -0.3810000000000025033 ) ) ;
#5017 = CARTESIAN_POINT ( 'NONE',  ( -11.81100000000000527, 8.064500000000000668, 0.3809999999999962861 ) ) ;
#5018 = LINE ( 'NONE', #8987, #6906 ) ;
#5019 = ORIENTED_EDGE ( 'NONE', *, *, #7460, .F. ) ;
#5020 = CARTESIAN_POINT ( 'NONE',  ( -9.271000000000004349, 7.239000000000000767, -0.3810000000000025033 ) ) ;
#5021 = VECTOR ( 'NONE', #4689, 999.9999999999998863 ) ;
#5022 = ORIENTED_EDGE ( 'NONE', *, *, #747, .F. ) ;
#5023 = CARTESIAN_POINT ( 'NONE',  ( -6.731000000000004313, 7.239000000000000767, 0.3809999999999962861 ) ) ;
#5024 = CARTESIAN_POINT ( 'NONE',  ( 5.079999999999993854, -1.925929944387235853E-31, 0.8889999999999991243 ) ) ;
#5025 = ORIENTED_EDGE ( 'NONE', *, *, #773, .F. ) ;
#5026 = AXIS2_PLACEMENT_3D ( 'NONE', #113, #7238, #11187 ) ;
#5027 = CARTESIAN_POINT ( 'NONE',  ( 8.508999999999995012, 8.064500000000000668, 0.3809999999999962861 ) ) ;
#5028 = ORIENTED_EDGE ( 'NONE', *, *, #3480, .F. ) ;
#5029 = DIRECTION ( 'NONE',  ( 0.000000000000000000, -2.449293598294710852E-16, 1.000000000000000000 ) ) ;
#5030 = LINE ( 'NONE', #2158, #1313 ) ;
#5031 = FACE_OUTER_BOUND ( 'NONE', #1437, .T. ) ;
#5032 = DIRECTION ( 'NONE',  ( 0.000000000000000000, 1.440069553722777130E-16, -1.000000000000000000 ) ) ;
#5033 = CARTESIAN_POINT ( 'NONE',  ( 5.968999999999994976, 8.064500000000000668, 0.3809999999999964526 ) ) ;
#5034 = CARTESIAN_POINT ( 'NONE',  ( 17.77999999999999758, 3.110602869834277161E-16, -1.270000000000001128 ) ) ;
#5035 = CARTESIAN_POINT ( 'NONE',  ( 11.04899999999999594, 7.239000000000000767, -0.3810000000000025033 ) ) ;
#5036 = CARTESIAN_POINT ( 'NONE',  ( -15.24000000000000554, 0.000000000000000000, 0.000000000000000000 ) ) ;
#5037 = VECTOR ( 'NONE', #4276, 999.9999999999998863 ) ;
#5038 = VECTOR ( 'NONE', #6029, 1000.000000000000000 ) ;
#5039 = DIRECTION ( 'NONE',  ( 0.000000000000000000, -1.000000000000000000, 0.000000000000000000 ) ) ;
#5040 = DIRECTION ( 'NONE',  ( 0.000000000000000000, 2.449293598294710852E-16, -1.000000000000000000 ) ) ;
#5041 = PLANE ( 'NONE',  #6762 ) ;
#5042 = ORIENTED_EDGE ( 'NONE', *, *, #302, .F. ) ;
#5043 = AXIS2_PLACEMENT_3D ( 'NONE', #6236, #7472, #3544 ) ;
#5044 = VECTOR ( 'NONE', #3656, 1000.000000000000000 ) ;
#5045 = PLANE ( 'NONE',  #12731 ) ;
#5046 = PLANE ( 'NONE',  #7975 ) ;
#5047 = CARTESIAN_POINT ( 'NONE',  ( 16.89099999999999469, 8.064500000000000668, 0.3809999999999964526 ) ) ;
#5048 = CARTESIAN_POINT ( 'NONE',  ( 26.28900000000000148, 7.239000000000000767, -0.3810000000000025033 ) ) ;
#5049 = CARTESIAN_POINT ( 'NONE',  ( 15.23999999999999666, -1.925929944387235853E-31, 0.8889999999999991243 ) ) ;
#5050 = VECTOR ( 'NONE', #5572, 1000.000000000000000 ) ;
#5051 = CARTESIAN_POINT ( 'NONE',  ( -21.20900000000000674, 8.064500000000000668, 0.3809999999999962861 ) ) ;
#5052 = ORIENTED_EDGE ( 'NONE', *, *, #4208, .T. ) ;
#5053 = EDGE_CURVE ( 'NONE', #5775, #5215, #1327, .T. ) ;
#5054 = CARTESIAN_POINT ( 'NONE',  ( 11.81099999999999461, 7.239000000000000767, 0.3809999999999962861 ) ) ;
#5055 = AXIS2_PLACEMENT_3D ( 'NONE', #3790, #1965, #12850 ) ;
#5056 = VERTEX_POINT ( 'NONE', #10060 ) ;
#5057 = EDGE_CURVE ( 'NONE', #12289, #1954, #2043, .T. ) ;
#5058 = LINE ( 'NONE', #4021, #12570 ) ;
#5059 = ORIENTED_EDGE ( 'NONE', *, *, #6060, .F. ) ;
#5060 = FACE_OUTER_BOUND ( 'NONE', #6062, .T. ) ;
#5061 = VECTOR ( 'NONE', #9657, 1000.000000000000000 ) ;
#5062 = PLANE ( 'NONE',  #1166 ) ;
#5063 = LINE ( 'NONE', #12047, #10326 ) ;
#5064 = ORIENTED_EDGE ( 'NONE', *, *, #8627, .F. ) ;
#5065 = SURFACE_STYLE_FILL_AREA ( #8010 ) ;
#5066 = ORIENTED_EDGE ( 'NONE', *, *, #8304, .F. ) ;
#5067 = AXIS2_PLACEMENT_3D ( 'NONE', #12089, #4014, #3155 ) ;
#5068 = ORIENTED_EDGE ( 'NONE', *, *, #6127, .T. ) ;
#5069 = VECTOR ( 'NONE', #3448, 1000.000000000000000 ) ;
#5070 = LINE ( 'NONE', #3251, #2568 ) ;
#5071 = CARTESIAN_POINT ( 'NONE',  ( 5.079999999999993854, 8.509000000000000341, -1.270000000000001128 ) ) ;
#5072 = DIRECTION ( 'NONE',  ( 0.000000000000000000, -0.000000000000000000, -1.000000000000000000 ) ) ;
#5073 = CARTESIAN_POINT ( 'NONE',  ( -19.87550000000000594, 8.509000000000000341, 0.8254999999999981242 ) ) ;
#5074 = VERTEX_POINT ( 'NONE', #8062 ) ;
#5075 = CARTESIAN_POINT ( 'NONE',  ( -25.40000000000000568, 8.509000000000000341, -0.8255000000000036753 ) ) ;
#5076 = EDGE_CURVE ( 'NONE', #8727, #12561, #4078, .T. ) ;
#5077 = AXIS2_PLACEMENT_3D ( 'NONE', #698, #4687, #12682 ) ;
#5078 = DIRECTION ( 'NONE',  ( -1.000000000000000000, -0.000000000000000000, -0.000000000000000000 ) ) ;
#5079 = ORIENTED_EDGE ( 'NONE', *, *, #7790, .T. ) ;
#5080 = VECTOR ( 'NONE', #5155, 1000.000000000000000 ) ;
#5081 = AXIS2_PLACEMENT_3D ( 'NONE', #8892, #7083, #11100 ) ;
#5082 = CARTESIAN_POINT ( 'NONE',  ( -16.89100000000000179, 8.064500000000000668, -0.3810000000000023368 ) ) ;
#5083 = ORIENTED_EDGE ( 'NONE', *, *, #9783, .T. ) ;
#5084 = VECTOR ( 'NONE', #4468, 1000.000000000000114 ) ;
#5085 = CARTESIAN_POINT ( 'NONE',  ( -11.04900000000000659, 8.064500000000000668, 0.3809999999999962861 ) ) ;
#5086 = CARTESIAN_POINT ( 'NONE',  ( 23.74899999999999878, 7.239000000000000767, 0.3809999999999962861 ) ) ;
#5087 = ORIENTED_EDGE ( 'NONE', *, *, #1358, .T. ) ;
#5088 = EDGE_CURVE ( 'NONE', #6756, #7096, #6033, .T. ) ;
#5089 = EDGE_CURVE ( 'NONE', #599, #5656, #1266, .T. ) ;
#5090 = COLOUR_RGB ( '',0.2509803921568627416, 0.2509803921568627416, 0.2509803921568627416 ) ;
#5091 = VECTOR ( 'NONE', #9397, 1000.000000000000000 ) ;
#5092 = EDGE_CURVE ( 'NONE', #7326, #11362, #24, .T. ) ;
#5093 = VECTOR ( 'NONE', #3379, 1000.000000000000000 ) ;
#5094 = COLOUR_RGB ( '',0.2509803921568627416, 0.2509803921568627416, 0.2509803921568627416 ) ;
#5095 = FACE_OUTER_BOUND ( 'NONE', #9044, .T. ) ;
#5096 = ORIENTED_EDGE ( 'NONE', *, *, #3658, .F. ) ;
#5097 = CARTESIAN_POINT ( 'NONE',  ( -17.78000000000000469, 3.110602869834277161E-16, -1.270000000000001128 ) ) ;
#5098 = LINE ( 'NONE', #2232, #4450 ) ;
#5099 = LINE ( 'NONE', #3136, #6359 ) ;
#5100 = LINE ( 'NONE', #3137, #10872 ) ;
#5101 = CARTESIAN_POINT ( 'NONE',  ( 1.650999999999996248, 7.239000000000000767, 0.3809999999999962861 ) ) ;
#5102 = DIRECTION ( 'NONE',  ( 1.000000000000000000, 0.000000000000000000, 0.000000000000000000 ) ) ;
#5103 = EDGE_CURVE ( 'NONE', #2799, #1109, #9220, .T. ) ;
#5104 = EDGE_LOOP ( 'NONE', ( #7889, #4520, #10138, #1466 ) ) ;
#5105 = AXIS2_PLACEMENT_3D ( 'NONE', #4768, #6788, #2868 ) ;
#5106 = DIRECTION ( 'NONE',  ( -1.000000000000000000, -0.000000000000000000, -0.000000000000000000 ) ) ;
#5107 = VECTOR ( 'NONE', #1980, 1000.000000000000000 ) ;
#5108 = DIRECTION ( 'NONE',  ( -0.000000000000000000, -0.000000000000000000, 1.000000000000000000 ) ) ;
#5109 =( NAMED_UNIT ( * ) SI_UNIT ( $, .STERADIAN. ) SOLID_ANGLE_UNIT ( ) );
#5110 = AXIS2_PLACEMENT_3D ( 'NONE', #158, #7147, #11097 ) ;
#5111 = AXIS2_PLACEMENT_3D ( 'NONE', #9726, #3979, #10693 ) ;
#5112 = DIRECTION ( 'NONE',  ( 0.000000000000000000, 1.000000000000000000, 0.000000000000000000 ) ) ;
#5113 = FACE_OUTER_BOUND ( 'NONE', #5982, .T. ) ;
#5114 = PRESENTATION_STYLE_ASSIGNMENT (( #5901 ) ) ;
#5115 = FACE_OUTER_BOUND ( 'NONE', #12135, .T. ) ;
#5116 = VERTEX_POINT ( 'NONE', #9154 ) ;
#5117 = VECTOR ( 'NONE', #9129, 1000.000000000000114 ) ;
#5118 = AXIS2_PLACEMENT_3D ( 'NONE', #10265, #9565, #377 ) ;
#5119 = DIRECTION ( 'NONE',  ( 0.000000000000000000, 0.000000000000000000, 1.000000000000000000 ) ) ;
#5120 = VERTEX_POINT ( 'NONE', #292 ) ;
#5121 = FACE_OUTER_BOUND ( 'NONE', #7554, .T. ) ;
#5122 = CARTESIAN_POINT ( 'NONE',  ( -28.19400000000000617, -1.925929944387235853E-31, 0.8889999999999991243 ) ) ;
#5123 = DIRECTION ( 'NONE',  ( 0.000000000000000000, -0.9659258262890700886, 0.2588190451025140781 ) ) ;
#5124 = LINE ( 'NONE', #8179, #2760 ) ;
#5125 = DIRECTION ( 'NONE',  ( 1.000000000000000000, 0.000000000000000000, 0.000000000000000000 ) ) ;
#5126 = CARTESIAN_POINT ( 'NONE',  ( -0.8890000000000043423, 7.239000000000000767, 0.3809999999999962861 ) ) ;
#5127 = ORIENTED_EDGE ( 'NONE', *, *, #1661, .F. ) ;
#5128 = CARTESIAN_POINT ( 'NONE',  ( -5.080000000000004512, -1.925929944387235853E-31, 0.8889999999999991243 ) ) ;
#5129 = AXIS2_PLACEMENT_3D ( 'NONE', #9574, #6652, #4697 ) ;
#5130 = ADVANCED_FACE ( 'NONE', ( #7091 ), #8118, .F. ) ;
#5131 = DIRECTION ( 'NONE',  ( 1.000000000000000000, 0.000000000000000000, 0.000000000000000000 ) ) ;
#5132 = ORIENTED_EDGE ( 'NONE', *, *, #386, .F. ) ;
#5133 = FACE_OUTER_BOUND ( 'NONE', #8977, .T. ) ;
#5134 = APPLICATION_PROTOCOL_DEFINITION ( 'draft international standard', 'automotive_design', 1998, #1412 ) ;
#5135 = VERTEX_POINT ( 'NONE', #5048 ) ;
#5136 = DIRECTION ( 'NONE',  ( -1.000000000000000000, -0.000000000000000000, -0.000000000000000000 ) ) ;
#5137 = CARTESIAN_POINT ( 'NONE',  ( 7.619999999999994778, 8.509000000000000341, 1.270000000000001128 ) ) ;
#5138 = CARTESIAN_POINT ( 'NONE',  ( 27.49549999999999983, 8.509000000000000341, -1.270000000000001128 ) ) ;
#5139 = VECTOR ( 'NONE', #4204, 1000.000000000000000 ) ;
#5140 = ORIENTED_EDGE ( 'NONE', *, *, #54, .T. ) ;
#5141 = DIRECTION ( 'NONE',  ( 0.000000000000000000, -1.000000000000000000, 0.000000000000000000 ) ) ;
#5142 = ORIENTED_EDGE ( 'NONE', *, *, #11295, .T. ) ;
#5143 = EDGE_CURVE ( 'NONE', #3847, #4570, #7282, .T. ) ;
#5144 = EDGE_CURVE ( 'NONE', #10414, #11998, #10987, .T. ) ;
#5145 = ORIENTED_EDGE ( 'NONE', *, *, #3426, .T. ) ;
#5146 = VECTOR ( 'NONE', #8889, 1000.000000000000000 ) ;
#5147 = CARTESIAN_POINT ( 'NONE',  ( -10.16000000000000547, 8.509000000000000341, 1.270000000000001128 ) ) ;
#5148 = DIRECTION ( 'NONE',  ( 0.000000000000000000, 0.000000000000000000, 1.000000000000000000 ) ) ;
#5149 = ADVANCED_FACE ( 'NONE', ( #2108 ), #9021, .F. ) ;
#5150 =( NAMED_UNIT ( * ) SI_UNIT ( $, .STERADIAN. ) SOLID_ANGLE_UNIT ( ) );
#5151 = DIRECTION ( 'NONE',  ( -0.000000000000000000, 1.000000000000000000, 1.440069553722777130E-16 ) ) ;
#5152 = LINE ( 'NONE', #9120, #2764 ) ;
#5153 = DIRECTION ( 'NONE',  ( -0.000000000000000000, 0.000000000000000000, -1.000000000000000000 ) ) ;
#5154 = ORIENTED_EDGE ( 'NONE', *, *, #7600, .F. ) ;
#5155 = DIRECTION ( 'NONE',  ( 0.000000000000000000, 0.000000000000000000, 1.000000000000000000 ) ) ;
#5156 = VECTOR ( 'NONE', #8499, 1000.000000000000000 ) ;
#5157 = ORIENTED_EDGE ( 'NONE', *, *, #8127, .T. ) ;
#5158 = ORIENTED_EDGE ( 'NONE', *, *, #3643, .F. ) ;
#5159 = LINE ( 'NONE', #10217, #2169 ) ;
#5160 = ORIENTED_EDGE ( 'NONE', *, *, #1174, .T. ) ;
#5161 = ADVANCED_FACE ( 'NONE', ( #1144 ), #5248, .F. ) ;
#5162 = CARTESIAN_POINT ( 'NONE',  ( -17.78000000000000469, -1.925929944387235853E-31, 0.8889999999999991243 ) ) ;
#5163 = ORIENTED_EDGE ( 'NONE', *, *, #8052, .F. ) ;
#5164 = VECTOR ( 'NONE', #4996, 1000.000000000000000 ) ;
#5165 = CARTESIAN_POINT ( 'NONE',  ( 2.095499999999996810, 8.509000000000000341, -1.270000000000001128 ) ) ;
#5166 = DIRECTION ( 'NONE',  ( 0.000000000000000000, -1.000000000000000000, -2.548365665731588345E-16 ) ) ;
#5167 = EDGE_CURVE ( 'NONE', #4157, #5547, #7158, .T. ) ;
#5168 = CARTESIAN_POINT ( 'NONE',  ( 24.51099999999999923, 8.064500000000000668, 0.3809999999999964526 ) ) ;
#5169 = PLANE ( 'NONE',  #5672 ) ;
#5170 = DIRECTION ( 'NONE',  ( 0.000000000000000000, -0.9659258262890699775, -0.2588190451025145222 ) ) ;
#5171 = CARTESIAN_POINT ( 'NONE',  ( -3.469446951953614189E-15, 0.5080000000000000071, 0.7528818102449925664 ) ) ;
#5172 = EDGE_CURVE ( 'NONE', #11889, #6571, #6172, .T. ) ;
#5173 = ORIENTED_EDGE ( 'NONE', *, *, #2662, .T. ) ;
#5174 = LINE ( 'NONE', #11949, #12004 ) ;
#5175 = CARTESIAN_POINT ( 'NONE',  ( 3.428999999999994497, 7.239000000000000767, 0.3809999999999962861 ) ) ;
#5176 = SURFACE_STYLE_FILL_AREA ( #6220 ) ;
#5177 = EDGE_CURVE ( 'NONE', #9187, #3274, #8254, .T. ) ;
#5178 = DIRECTION ( 'NONE',  ( 0.000000000000000000, 0.000000000000000000, -1.000000000000000000 ) ) ;
#5179 = EDGE_CURVE ( 'NONE', #5826, #6484, #1208, .T. ) ;
#5180 = ADVANCED_FACE ( 'NONE', ( #4200 ), #3228, .F. ) ;
#5181 = CARTESIAN_POINT ( 'NONE',  ( -8.064500000000005997, 8.509000000000000341, -0.8255000000000036753 ) ) ;
#5182 = VECTOR ( 'NONE', #6214, 1000.000000000000000 ) ;
#5183 = CARTESIAN_POINT ( 'NONE',  ( -27.05100000000000549, 8.064500000000000668, 0.3809999999999962861 ) ) ;
#5184 = ORIENTED_EDGE ( 'NONE', *, *, #556, .F. ) ;
#5185 = PLANE ( 'NONE',  #1083 ) ;
#5186 = ORIENTED_EDGE ( 'NONE', *, *, #1254, .F. ) ;
#5187 = DIRECTION ( 'NONE',  ( -0.7071067811865475727, -0.7071067811865475727, 0.000000000000000000 ) ) ;
#5188 = EDGE_CURVE ( 'NONE', #1486, #9119, #4537, .T. ) ;
#5189 = DIRECTION ( 'NONE',  ( 0.000000000000000000, 1.000000000000000000, 2.548365665731588345E-16 ) ) ;
#5190 = DIRECTION ( 'NONE',  ( -0.000000000000000000, 1.000000000000000000, 1.733406087350420004E-16 ) ) ;
#5191 = FACE_OUTER_BOUND ( 'NONE', #5449, .T. ) ;
#5192 = LINE ( 'NONE', #4275, #10121 ) ;
#5193 = CARTESIAN_POINT ( 'NONE',  ( 16.89099999999999469, 8.064500000000000668, -0.3810000000000023368 ) ) ;
#5194 = EDGE_LOOP ( 'NONE', ( #5220, #8901, #1507, #8566 ) ) ;
#5195 = CARTESIAN_POINT ( 'NONE',  ( 5.079999999999993854, 3.110602869834277161E-16, -1.270000000000001128 ) ) ;
#5196 = ORIENTED_EDGE ( 'NONE', *, *, #9944, .T. ) ;
#5197 = CARTESIAN_POINT ( 'NONE',  ( -8.064500000000005997, 8.509000000000000341, -1.270000000000001128 ) ) ;
#5198 = ITEM_DEFINED_TRANSFORMATION ( 'NONE', 'NONE', #3664,  #1564 ) ;
#5199 = VERTEX_POINT ( 'NONE', #10577 ) ;
#5200 = DIRECTION ( 'NONE',  ( 0.000000000000000000, 1.000000000000000000, -5.054934237236841843E-31 ) ) ;
#5201 = CARTESIAN_POINT ( 'NONE',  ( 13.58899999999999686, 8.064500000000000668, -0.3810000000000023368 ) ) ;
#5202 = ORIENTED_EDGE ( 'NONE', *, *, #5177, .T. ) ;
#5203 = DIRECTION ( 'NONE',  ( 0.000000000000000000, -0.9659258262890699775, -0.2588190451025145222 ) ) ;
#5204 = ORIENTED_EDGE ( 'NONE', *, *, #7365, .F. ) ;
#5205 = EDGE_CURVE ( 'NONE', #9367, #5783, #1453, .T. ) ;
#5206 = VERTEX_POINT ( 'NONE', #6436 ) ;
#5207 = DIRECTION ( 'NONE',  ( 0.000000000000000000, -2.449293598294710852E-16, 1.000000000000000000 ) ) ;
#5208 = CARTESIAN_POINT ( 'NONE',  ( 25.84450000000000003, 8.509000000000000341, 0.8254999999999981242 ) ) ;
#5209 = EDGE_CURVE ( 'NONE', #9710, #1019, #5376, .T. ) ;
#5210 = SURFACE_STYLE_USAGE ( .BOTH. , #7952 ) ;
#5211 = CARTESIAN_POINT ( 'NONE',  ( 5.079999999999993854, 2.177422008883992879E-16, -0.8890000000000013447 ) ) ;
#5212 = FACE_OUTER_BOUND ( 'NONE', #4146, .T. ) ;
#5213 = ORIENTED_EDGE ( 'NONE', *, *, #10584, .T. ) ;
#5214 = CARTESIAN_POINT ( 'NONE',  ( -15.24000000000000554, 0.5080000000000000071, 0.7528818102449925664 ) ) ;
#5215 = VERTEX_POINT ( 'NONE', #2643 ) ;
#5216 = EDGE_LOOP ( 'NONE', ( #11381, #8723, #9760, #9386 ) ) ;
#5217 = AXIS2_PLACEMENT_3D ( 'NONE', #10546, #11526, #12510 ) ;
#5218 = EDGE_CURVE ( 'NONE', #12774, #8610, #6370, .T. ) ;
#5219 = CARTESIAN_POINT ( 'NONE',  ( -14.35100000000000442, 8.064500000000000668, 0.3809999999999962861 ) ) ;
#5220 = ORIENTED_EDGE ( 'NONE', *, *, #1566, .T. ) ;
#5221 = ORIENTED_EDGE ( 'NONE', *, *, #8284, .F. ) ;
#5222 = EDGE_CURVE ( 'NONE', #11905, #4861, #3416, .T. ) ;
#5223 = DIRECTION ( 'NONE',  ( 0.000000000000000000, 0.000000000000000000, 1.000000000000000000 ) ) ;
#5224 = EDGE_LOOP ( 'NONE', ( #1652, #10242, #11121, #9454 ) ) ;
#5225 = VECTOR ( 'NONE', #10015, 1000.000000000000000 ) ;
#5226 = CARTESIAN_POINT ( 'NONE',  ( 7.619999999999994778, 8.509000000000000341, -1.270000000000001128 ) ) ;
#5227 = PLANE ( 'NONE',  #3398 ) ;
#5228 = ORIENTED_EDGE ( 'NONE', *, *, #9322, .F. ) ;
#5229 = CARTESIAN_POINT ( 'NONE',  ( 27.94000000000000128, 8.509000000000000341, -1.270000000000001128 ) ) ;
#5230 = CARTESIAN_POINT ( 'NONE',  ( -3.429000000000005155, 8.064500000000000668, 0.3809999999999962861 ) ) ;
#5231 = DIRECTION ( 'NONE',  ( -0.000000000000000000, 1.000000000000000000, 1.733406087350420004E-16 ) ) ;
#5232 = DIRECTION ( 'NONE',  ( -1.000000000000000000, 0.000000000000000000, 0.000000000000000000 ) ) ;
#5233 = ORIENTED_EDGE ( 'NONE', *, *, #1458, .T. ) ;
#5234 = LINE ( 'NONE', #10975, #6634 ) ;
#5235 = DIRECTION ( 'NONE',  ( 0.000000000000000000, 1.000000000000000000, 2.338910953479677683E-16 ) ) ;
#5236 = CARTESIAN_POINT ( 'NONE',  ( 7.619999999999994778, 8.509000000000000341, -1.270000000000001128 ) ) ;
#5237 = LINE ( 'NONE', #8243, #10081 ) ;
#5238 = PLANE ( 'NONE',  #1357 ) ;
#5239 = STYLED_ITEM ( 'NONE', ( #11354 ), #1881 ) ;
#5240 = VECTOR ( 'NONE', #2857, 1000.000000000000000 ) ;
#5241 = CARTESIAN_POINT ( 'NONE',  ( -15.24000000000000554, 8.509000000000000341, -1.270000000000001128 ) ) ;
#5242 = CARTESIAN_POINT ( 'NONE',  ( 25.39999999999999858, 3.110602869834277161E-16, -1.270000000000001128 ) ) ;
#5243 = ORIENTED_EDGE ( 'NONE', *, *, #10408, .F. ) ;
#5244 = CARTESIAN_POINT ( 'NONE',  ( -12.70000000000000462, 0.5080000000000002292, -0.7528818102449945648 ) ) ;
#5245 = VECTOR ( 'NONE', #2096, 1000.000000000000114 ) ;
#5246 = DIRECTION ( 'NONE',  ( -1.000000000000000000, 0.000000000000000000, 0.000000000000000000 ) ) ;
#5247 = CARTESIAN_POINT ( 'NONE',  ( 16.12899999999999778, 8.064500000000000668, 0.3809999999999962861 ) ) ;
#5248 = PLANE ( 'NONE',  #81 ) ;
#5249 = VECTOR ( 'NONE', #7154, 1000.000000000000000 ) ;
#5250 = CARTESIAN_POINT ( 'NONE',  ( 10.15999999999999481, 0.000000000000000000, 1.269999999999998908 ) ) ;
#5251 = EDGE_CURVE ( 'NONE', #213, #7970, #361, .T. ) ;
#5252 = CARTESIAN_POINT ( 'NONE',  ( 27.94000000000000128, 8.509000000000000341, -1.270000000000001128 ) ) ;
#5253 = PLANE ( 'NONE',  #10869 ) ;
#5254 = VERTEX_POINT ( 'NONE', #12539 ) ;
#5255 = FACE_OUTER_BOUND ( 'NONE', #7499, .T. ) ;
#5256 = AXIS2_PLACEMENT_3D ( 'NONE', #3476, #353, #6281 ) ;
#5257 = CARTESIAN_POINT ( 'NONE',  ( -8.509000000000005670, 7.239000000000000767, 0.3809999999999962861 ) ) ;
#5258 = VERTEX_POINT ( 'NONE', #8316 ) ;
#5259 = VECTOR ( 'NONE', #9427, 1000.000000000000000 ) ;
#5260 = DIRECTION ( 'NONE',  ( 0.000000000000000000, -0.000000000000000000, -1.000000000000000000 ) ) ;
#5261 = ADVANCED_FACE ( 'NONE', ( #10320 ), #9351, .F. ) ;
#5262 = ORIENTED_EDGE ( 'NONE', *, *, #11915, .T. ) ;
#5263 = EDGE_CURVE ( 'NONE', #11237, #7835, #7338, .T. ) ;
#5264 = PLANE ( 'NONE',  #9610 ) ;
#5265 = VECTOR ( 'NONE', #7656, 1000.000000000000000 ) ;
#5266 = LINE ( 'NONE', #11190, #548 ) ;
#5267 = DIRECTION ( 'NONE',  ( -1.000000000000000000, -0.000000000000000000, -0.000000000000000000 ) ) ;
#5268 = VECTOR ( 'NONE', #7932, 999.9999999999998863 ) ;
#5269 = ORIENTED_EDGE ( 'NONE', *, *, #3532, .F. ) ;
#5270 = CARTESIAN_POINT ( 'NONE',  ( -14.79550000000000409, 8.509000000000000341, 0.8254999999999981242 ) ) ;
#5271 = VERTEX_POINT ( 'NONE', #9481 ) ;
#5272 = AXIS2_PLACEMENT_3D ( 'NONE', #3732, #2837, #6817 ) ;
#5273 = VECTOR ( 'NONE', #2719, 1000.000000000000000 ) ;
#5274 = DIRECTION ( 'NONE',  ( 0.5773502691896253980, 0.5773502691896253980, -0.5773502691896265082 ) ) ;
#5275 = ORIENTED_EDGE ( 'NONE', *, *, #1688, .T. ) ;
#5276 = EDGE_CURVE ( 'NONE', #10674, #6756, #12281, .T. ) ;
#5277 = CARTESIAN_POINT ( 'NONE',  ( -22.86000000000000654, 3.110602869834277161E-16, -1.270000000000001128 ) ) ;
#5278 = VECTOR ( 'NONE', #5747, 1000.000000000000000 ) ;
#5279 = PLANE ( 'NONE',  #9808 ) ;
#5280 = DIRECTION ( 'NONE',  ( 0.000000000000000000, -1.440069553722777130E-16, 1.000000000000000000 ) ) ;
#5281 = LINE ( 'NONE', #9250, #7616 ) ;
#5282 = CARTESIAN_POINT ( 'NONE',  ( 12.69999999999999574, 3.110602869834277161E-16, -1.270000000000001128 ) ) ;
#5283 = ORIENTED_EDGE ( 'NONE', *, *, #8671, .T. ) ;
#5284 = CARTESIAN_POINT ( 'NONE',  ( -10.16000000000000547, 0.000000000000000000, 1.269999999999998908 ) ) ;
#5285 = ORIENTED_EDGE ( 'NONE', *, *, #4037, .T. ) ;
#5286 = EDGE_LOOP ( 'NONE', ( #11408, #12065, #5724, #9957 ) ) ;
#5287 = VECTOR ( 'NONE', #8657, 1000.000000000000114 ) ;
#5288 = DIRECTION ( 'NONE',  ( -1.000000000000000000, -0.000000000000000000, -0.000000000000000000 ) ) ;
#5289 = EDGE_LOOP ( 'NONE', ( #7087, #5903, #392, #886 ) ) ;
#5290 = ADVANCED_FACE ( 'NONE', ( #9410 ), #4467, .F. ) ;
#5291 = ORIENTED_EDGE ( 'NONE', *, *, #1891, .T. ) ;
#5292 = VECTOR ( 'NONE', #6560, 1000.000000000000000 ) ;
#5293 = CARTESIAN_POINT ( 'NONE',  ( 6.730999999999993655, 8.064500000000000668, 0.3809999999999962861 ) ) ;
#5294 = ORIENTED_EDGE ( 'NONE', *, *, #9318, .T. ) ;
#5295 = VECTOR ( 'NONE', #11761, 1000.000000000000000 ) ;
#5296 = LINE ( 'NONE', #8352, #5465 ) ;
#5297 = CARTESIAN_POINT ( 'NONE',  ( 16.89099999999999469, 7.239000000000000767, 0.3809999999999962861 ) ) ;
#5298 = ORIENTED_EDGE ( 'NONE', *, *, #11374, .T. ) ;
#5299 = CARTESIAN_POINT ( 'NONE',  ( 3.428999999999994497, 8.064500000000000668, -0.3810000000000023368 ) ) ;
#5300 = DIRECTION ( 'NONE',  ( 0.000000000000000000, 0.000000000000000000, 1.000000000000000000 ) ) ;
#5301 = PLANE ( 'NONE',  #367 ) ;
#5302 = ORIENTED_EDGE ( 'NONE', *, *, #6536, .F. ) ;
#5303 = DIRECTION ( 'NONE',  ( 0.000000000000000000, 1.000000000000000000, -5.054934237236841843E-31 ) ) ;
#5304 = DIRECTION ( 'NONE',  ( 0.000000000000000000, 1.440069553722777130E-16, -1.000000000000000000 ) ) ;
#5305 = CARTESIAN_POINT ( 'NONE',  ( 20.76449999999999818, 8.509000000000000341, -0.8255000000000036753 ) ) ;
#5306 = ADVANCED_FACE ( 'NONE', ( #419 ), #4398, .F. ) ;
#5307 = CARTESIAN_POINT ( 'NONE',  ( 17.77999999999999758, 3.110602869834277161E-16, -1.270000000000001128 ) ) ;
#5308 = AXIS2_PLACEMENT_3D ( 'NONE', #11461, #4642, #3459 ) ;
#5309 = AXIS2_PLACEMENT_3D ( 'NONE', #9095, #9990, #8955 ) ;
#5310 = LINE ( 'NONE', #1445, #7214 ) ;
#5311 = VECTOR ( 'NONE', #6570, 1000.000000000000000 ) ;
#5312 = FACE_BOUND ( 'NONE', #1875, .T. ) ;
#5313 = VERTEX_POINT ( 'NONE', #12413 ) ;
#5314 = AXIS2_PLACEMENT_3D ( 'NONE', #12207, #6350, #10303 ) ;
#5315 = PLANE ( 'NONE',  #893 ) ;
#5316 = VECTOR ( 'NONE', #7696, 1000.000000000000000 ) ;
#5317 = LINE ( 'NONE', #4397, #7792 ) ;
#5318 = DIRECTION ( 'NONE',  ( 0.000000000000000000, 0.000000000000000000, -1.000000000000000000 ) ) ;
#5319 = CARTESIAN_POINT ( 'NONE',  ( 15.23999999999999666, -1.925929944387235853E-31, 0.8889999999999991243 ) ) ;
#5320 = AXIS2_PLACEMENT_3D ( 'NONE', #7769, #2824, #6554 ) ;
#5321 = CARTESIAN_POINT ( 'NONE',  ( 12.69999999999999574, 0.5080000000000002292, -0.7528818102449945648 ) ) ;
#5322 = DIRECTION ( 'NONE',  ( 1.000000000000000000, 0.000000000000000000, 0.000000000000000000 ) ) ;
#5323 = VERTEX_POINT ( 'NONE', #1588 ) ;
#5324 = LINE ( 'NONE', #4207, #7022 ) ;
#5325 = ORIENTED_EDGE ( 'NONE', *, *, #7271, .T. ) ;
#5326 = VECTOR ( 'NONE', #9167, 999.9999999999998863 ) ;
#5327 = FACE_OUTER_BOUND ( 'NONE', #479, .T. ) ;
#5328 = AXIS2_PLACEMENT_3D ( 'NONE', #3070, #6251, #8335 ) ;
#5329 = EDGE_CURVE ( 'NONE', #2838, #7277, #2572, .T. ) ;
#5330 = EDGE_LOOP ( 'NONE', ( #11933, #11598, #5556, #8146 ) ) ;
#5331 = DIRECTION ( 'NONE',  ( 0.000000000000000000, 0.000000000000000000, 1.000000000000000000 ) ) ;
#5332 = ADVANCED_FACE ( 'NONE', ( #7469 ), #11428, .F. ) ;
#5333 = CARTESIAN_POINT ( 'NONE',  ( -17.78000000000000469, 0.000000000000000000, 1.269999999999998908 ) ) ;
#5334 = CARTESIAN_POINT ( 'NONE',  ( 25.39999999999999858, 3.110602869834277161E-16, -1.270000000000001128 ) ) ;
#5335 = ORIENTED_EDGE ( 'NONE', *, *, #7480, .F. ) ;
#5336 = PRODUCT_DEFINITION_FORMATION_WITH_SPECIFIED_SOURCE ( 'ANY', '', #10429, .NOT_KNOWN. ) ;
#5337 =( NAMED_UNIT ( * ) PLANE_ANGLE_UNIT ( ) SI_UNIT ( $, .RADIAN. ) );
#5338 = ORIENTED_EDGE ( 'NONE', *, *, #11230, .T. ) ;
#5339 = CARTESIAN_POINT ( 'NONE',  ( 25.39999999999999858, 0.5080000000000000071, 0.7528818102449925664 ) ) ;
#5340 = EDGE_CURVE ( 'NONE', #7568, #6500, #5503, .T. ) ;
#5341 = ADVANCED_FACE ( 'NONE', ( #7523 ), #9545, .F. ) ;
#5342 = EDGE_LOOP ( 'NONE', ( #3647, #11808, #9580, #1888 ) ) ;
#5343 = EDGE_CURVE ( 'NONE', #4615, #5135, #7589, .T. ) ;
#5344 = CARTESIAN_POINT ( 'NONE',  ( 4.190999999999993619, 8.064500000000000668, -0.3810000000000023368 ) ) ;
#5345 =( NAMED_UNIT ( * ) PLANE_ANGLE_UNIT ( ) SI_UNIT ( $, .RADIAN. ) );
#5346 = CARTESIAN_POINT ( 'NONE',  ( 5.079999999999993854, 8.509000000000000341, -0.8255000000000036753 ) ) ;
#5347 = VECTOR ( 'NONE', #5913, 1000.000000000000000 ) ;
#5348 = CARTESIAN_POINT ( 'NONE',  ( -7.620000000000005436, 3.110602869834277161E-16, -1.270000000000001128 ) ) ;
#5349 = VERTEX_POINT ( 'NONE', #12788 ) ;
#5350 = ORIENTED_EDGE ( 'NONE', *, *, #9947, .F. ) ;
#5351 = EDGE_LOOP ( 'NONE', ( #1493, #9461, #10562, #11143 ) ) ;
#5352 = ORIENTED_EDGE ( 'NONE', *, *, #5935, .T. ) ;
#5353 = VECTOR ( 'NONE', #8381, 1000.000000000000000 ) ;
#5354 = CARTESIAN_POINT ( 'NONE',  ( 20.76449999999999818, 8.509000000000000341, 0.8254999999999981242 ) ) ;
#5355 = EDGE_LOOP ( 'NONE', ( #9329, #12260, #4785, #7255 ) ) ;
#5356 = ORIENTED_EDGE ( 'NONE', *, *, #10996, .F. ) ;
#5357 = LINE ( 'NONE', #2549, #12801 ) ;
#5358 = ORIENTED_EDGE ( 'NONE', *, *, #11757, .F. ) ;
#5359 = LINE ( 'NONE', #399, #12121 ) ;
#5360 = CARTESIAN_POINT ( 'NONE',  ( 28.19400000000000617, 2.177422008883992879E-16, -0.8890000000000013447 ) ) ;
#5361 = ORIENTED_EDGE ( 'NONE', *, *, #12308, .T. ) ;
#5362 = LINE ( 'NONE', #5299, #10295 ) ;
#5363 = DIRECTION ( 'NONE',  ( 0.000000000000000000, 1.440069553722777130E-16, -1.000000000000000000 ) ) ;
#5364 = PLANE ( 'NONE',  #10766 ) ;
#5365 = VERTEX_POINT ( 'NONE', #937 ) ;
#5366 = CARTESIAN_POINT ( 'NONE',  ( -5.969000000000005635, 7.239000000000000767, 0.3809999999999962861 ) ) ;
#5367 = SURFACE_STYLE_USAGE ( .BOTH. , #3211 ) ;
#5368 = DIRECTION ( 'NONE',  ( 0.000000000000000000, -1.440069553722777130E-16, 1.000000000000000000 ) ) ;
#5369 = ORIENTED_EDGE ( 'NONE', *, *, #8288, .T. ) ;
#5370 = VECTOR ( 'NONE', #4670, 1000.000000000000114 ) ;
#5371 = DIRECTION ( 'NONE',  ( 0.000000000000000000, 2.449293598294710852E-16, -1.000000000000000000 ) ) ;
#5372 = CARTESIAN_POINT ( 'NONE',  ( 7.619999999999994778, 0.5080000000000002292, -0.7528818102449945648 ) ) ;
#5373 = EDGE_LOOP ( 'NONE', ( #9430, #12406, #9584, #5455 ) ) ;
#5374 = CARTESIAN_POINT ( 'NONE',  ( 20.31999999999999673, 8.509000000000000341, -0.8255000000000036753 ) ) ;
#5375 = CARTESIAN_POINT ( 'NONE',  ( -5.524500000000005073, 8.509000000000000341, 0.8254999999999981242 ) ) ;
#5376 = LINE ( 'NONE', #12347, #2583 ) ;
#5377 = DIRECTION ( 'NONE',  ( -0.000000000000000000, 1.000000000000000000, 1.440069553722777130E-16 ) ) ;
#5378 = VECTOR ( 'NONE', #3281, 1000.000000000000000 ) ;
#5379 = VECTOR ( 'NONE', #6965, 1000.000000000000000 ) ;
#5380 = DIRECTION ( 'NONE',  ( 0.000000000000000000, 0.000000000000000000, 1.000000000000000000 ) ) ;
#5381 = PLANE ( 'NONE',  #3165 ) ;
#5382 = ORIENTED_EDGE ( 'NONE', *, *, #11019, .T. ) ;
#5383 = LINE ( 'NONE', #5195, #3272 ) ;
#5384 = ADVANCED_FACE ( 'NONE', ( #9604 ), #1649, .F. ) ;
#5385 = EDGE_CURVE ( 'NONE', #9626, #12314, #6872, .T. ) ;
#5386 = DIRECTION ( 'NONE',  ( 0.000000000000000000, 0.000000000000000000, 1.000000000000000000 ) ) ;
#5387 = EDGE_LOOP ( 'NONE', ( #2142, #2616, #8122, #977 ) ) ;
#5388 = CARTESIAN_POINT ( 'NONE',  ( 12.25549999999999606, 8.509000000000000341, -1.270000000000001128 ) ) ;
#5389 = ORIENTED_EDGE ( 'NONE', *, *, #4274, .F. ) ;
#5390 = CARTESIAN_POINT ( 'NONE',  ( 11.04899999999999594, 8.064500000000000668, 0.3809999999999964526 ) ) ;
#5391 = EDGE_CURVE ( 'NONE', #7745, #3497, #2703, .T. ) ;
#5392 = CARTESIAN_POINT ( 'NONE',  ( 20.31999999999999673, 3.110602869834277161E-16, -1.270000000000001128 ) ) ;
#5393 = DIRECTION ( 'NONE',  ( 0.000000000000000000, 1.440069553722777130E-16, -1.000000000000000000 ) ) ;
#5394 = LINE ( 'NONE', #5452, #10465 ) ;
#5395 = ORIENTED_EDGE ( 'NONE', *, *, #12484, .T. ) ;
#5396 = CARTESIAN_POINT ( 'NONE',  ( 17.77999999999999758, 0.5080000000000000071, 0.7528818102449925664 ) ) ;
#5397 = ORIENTED_EDGE ( 'NONE', *, *, #11520, .F. ) ;
#5398 = LINE ( 'NONE', #1477, #774 ) ;
#5399 = VERTEX_POINT ( 'NONE', #7713 ) ;
#5400 = DIRECTION ( 'NONE',  ( -1.000000000000000000, -0.000000000000000000, -0.000000000000000000 ) ) ;
#5401 = CARTESIAN_POINT ( 'NONE',  ( 0.000000000000000000, 0.000000000000000000, 0.000000000000000000 ) ) ;
#5402 = DIRECTION ( 'NONE',  ( 0.000000000000000000, 0.000000000000000000, 1.000000000000000000 ) ) ;
#5403 = EDGE_CURVE ( 'NONE', #7765, #6605, #5822, .T. ) ;
#5404 = LINE ( 'NONE', #8285, #5093 ) ;
#5405 = VERTEX_POINT ( 'NONE', #8883 ) ;
#5406 = CARTESIAN_POINT ( 'NONE',  ( -8.509000000000005670, 8.064500000000000668, 0.3809999999999962861 ) ) ;
#5407 = EDGE_CURVE ( 'NONE', #10582, #4355, #7852, .T. ) ;
#5408 = EDGE_LOOP ( 'NONE', ( #2480, #12737, #8951, #4839, #174, #10579, #11985, #12201 ) ) ;
#5409 = VERTEX_POINT ( 'NONE', #6943 ) ;
#5410 = ORIENTED_EDGE ( 'NONE', *, *, #10625, .T. ) ;
#5411 = ORIENTED_EDGE ( 'NONE', *, *, #3110, .F. ) ;
#5412 = CARTESIAN_POINT ( 'NONE',  ( 17.77999999999999758, 8.509000000000000341, 1.270000000000001128 ) ) ;
#5413 = ORIENTED_EDGE ( 'NONE', *, *, #10910, .T. ) ;
#5414 = CARTESIAN_POINT ( 'NONE',  ( 22.85999999999999943, 0.000000000000000000, 1.269999999999998908 ) ) ;
#5415 = CARTESIAN_POINT ( 'NONE',  ( 25.39999999999999858, 8.509000000000000341, -1.270000000000001128 ) ) ;
#5416 = EDGE_LOOP ( 'NONE', ( #7373, #3246, #3078, #3447 ) ) ;
#5417 = LINE ( 'NONE', #5659, #5091 ) ;
#5418 = DIRECTION ( 'NONE',  ( 1.000000000000000000, 0.000000000000000000, 0.000000000000000000 ) ) ;
#5419 = DIRECTION ( 'NONE',  ( -0.000000000000000000, 1.000000000000000000, 1.733406087350420004E-16 ) ) ;
#5420 = STYLED_ITEM ( 'NONE', ( #11129 ), #6207 ) ;
#5421 = EDGE_CURVE ( 'NONE', #3232, #10072, #5626, .T. ) ;
#5422 = ORIENTED_EDGE ( 'NONE', *, *, #3668, .F. ) ;
#5423 = CARTESIAN_POINT ( 'NONE',  ( -18.66900000000000404, 7.239000000000000767, 0.3809999999999962861 ) ) ;
#5424 = CARTESIAN_POINT ( 'NONE',  ( -12.70000000000000462, 0.000000000000000000, 1.269999999999998908 ) ) ;
#5425 = ORIENTED_EDGE ( 'NONE', *, *, #8445, .T. ) ;
#5426 = DIRECTION ( 'NONE',  ( 0.000000000000000000, -0.9659258262890700886, 0.2588190451025140781 ) ) ;
#5427 = ADVANCED_FACE ( 'NONE', ( #3865 ), #11680, .F. ) ;
#5428 = VECTOR ( 'NONE', #12685, 1000.000000000000000 ) ;
#5429 = CARTESIAN_POINT ( 'NONE',  ( -17.78000000000000469, 8.509000000000000341, -1.270000000000001128 ) ) ;
#5430 = ORIENTED_EDGE ( 'NONE', *, *, #9141, .F. ) ;
#5431 = DIRECTION ( 'NONE',  ( 1.000000000000000000, 0.000000000000000000, 0.000000000000000000 ) ) ;
#5432 = FACE_OUTER_BOUND ( 'NONE', #5628, .T. ) ;
#5433 = DIRECTION ( 'NONE',  ( 0.7071067811865475727, -0.7071067811865475727, 0.000000000000000000 ) ) ;
#5434 = PLANE ( 'NONE',  #3573 ) ;
#5435 = LINE ( 'NONE', #2448, #2869 ) ;
#5436 = LINE ( 'NONE', #4473, #12120 ) ;
#5437 = EDGE_LOOP ( 'NONE', ( #6844, #12777, #7151, #6030 ) ) ;
#5438 = VECTOR ( 'NONE', #9891, 1000.000000000000114 ) ;
#5439 = CARTESIAN_POINT ( 'NONE',  ( 0.8889999999999974589, 8.064500000000000668, 0.3809999999999964526 ) ) ;
#5440 = CARTESIAN_POINT ( 'NONE',  ( -2.540000000000004032, 0.5080000000000002292, -0.7528818102449945648 ) ) ;
#5441 = VERTEX_POINT ( 'NONE', #2763 ) ;
#5442 = EDGE_CURVE ( 'NONE', #7277, #3875, #8625, .T. ) ;
#5443 = CARTESIAN_POINT ( 'NONE',  ( 25.39999999999999858, 8.509000000000000341, 1.270000000000001128 ) ) ;
#5444 = ORIENTED_EDGE ( 'NONE', *, *, #9593, .T. ) ;
#5445 = AXIS2_PLACEMENT_3D ( 'NONE', #1060, #10905, #3934 ) ;
#5446 = AXIS2_PLACEMENT_3D ( 'NONE', #10128, #1017, #8119 ) ;
#5447 = VECTOR ( 'NONE', #6958, 999.9999999999998863 ) ;
#5448 = DIRECTION ( 'NONE',  ( 0.000000000000000000, -2.449293598294710852E-16, 1.000000000000000000 ) ) ;
#5449 = EDGE_LOOP ( 'NONE', ( #7688, #12700, #6389, #2039 ) ) ;
#5450 = CARTESIAN_POINT ( 'NONE',  ( -12.70000000000000639, 8.509000000000000341, -1.270000000000001128 ) ) ;
#5451 = LINE ( 'NONE', #1347, #6381 ) ;
#5452 = CARTESIAN_POINT ( 'NONE',  ( -5.080000000000004512, 8.509000000000000341, 1.270000000000001128 ) ) ;
#5453 = EDGE_LOOP ( 'NONE', ( #2268, #4654, #11128, #9931 ) ) ;
#5454 = SURFACE_STYLE_FILL_AREA ( #12437 ) ;
#5455 = ORIENTED_EDGE ( 'NONE', *, *, #4048, .T. ) ;
#5456 = CARTESIAN_POINT ( 'NONE',  ( 20.31999999999999673, 0.5080000000000000071, 0.7528818102449925664 ) ) ;
#5457 = AXIS2_PLACEMENT_3D ( 'NONE', #4145, #9157, #231 ) ;
#5458 = VECTOR ( 'NONE', #10361, 1000.000000000000000 ) ;
#5459 = EDGE_CURVE ( 'NONE', #3733, #12764, #813, .T. ) ;
#5460 = EDGE_CURVE ( 'NONE', #2357, #12856, #10638, .T. ) ;
#5461 = ORIENTED_EDGE ( 'NONE', *, *, #11746, .F. ) ;
#5462 = DIRECTION ( 'NONE',  ( 0.000000000000000000, 0.000000000000000000, 1.000000000000000000 ) ) ;
#5463 = DIRECTION ( 'NONE',  ( 0.000000000000000000, 0.000000000000000000, 1.000000000000000000 ) ) ;
#5464 = LINE ( 'NONE', #8401, #10854 ) ;
#5465 = VECTOR ( 'NONE', #7265, 1000.000000000000000 ) ;
#5466 = DIRECTION ( 'NONE',  ( 0.000000000000000000, -0.9659258262890699775, -0.2588190451025145222 ) ) ;
#5467 = ORIENTED_EDGE ( 'NONE', *, *, #3278, .T. ) ;
#5468 = DIRECTION ( 'NONE',  ( 0.000000000000000000, 1.733406087350420004E-16, -1.000000000000000000 ) ) ;
#5469 = EDGE_LOOP ( 'NONE', ( #10151, #8346, #3646, #5157 ) ) ;
#5470 = ORIENTED_EDGE ( 'NONE', *, *, #2283, .T. ) ;
#5471 = ORIENTED_EDGE ( 'NONE', *, *, #3206, .T. ) ;
#5472 = ORIENTED_EDGE ( 'NONE', *, *, #9636, .T. ) ;
#5473 = VECTOR ( 'NONE', #6558, 999.9999999999998863 ) ;
#5474 = EDGE_LOOP ( 'NONE', ( #2224, #2418, #2432, #4453 ) ) ;
#5475 = EDGE_CURVE ( 'NONE', #1474, #468, #11874, .T. ) ;
#5476 = DIRECTION ( 'NONE',  ( 1.000000000000000000, 0.000000000000000000, -0.000000000000000000 ) ) ;
#5477 = ORIENTED_EDGE ( 'NONE', *, *, #558, .T. ) ;
#5478 = CARTESIAN_POINT ( 'NONE',  ( -21.97100000000000364, 8.064500000000000668, -0.3810000000000023368 ) ) ;
#5479 = ADVANCED_FACE ( 'NONE', ( #12669 ), #7914, .F. ) ;
#5480 = DIRECTION ( 'NONE',  ( 0.000000000000000000, 2.667820306312752381E-16, -1.000000000000000000 ) ) ;
#5481 = ORIENTED_EDGE ( 'NONE', *, *, #6956, .T. ) ;
#5482 = CARTESIAN_POINT ( 'NONE',  ( 13.58899999999999686, 7.239000000000000767, 0.3809999999999962861 ) ) ;
#5483 = VECTOR ( 'NONE', #3329, 1000.000000000000000 ) ;
#5484 = LINE ( 'NONE', #3528, #1818 ) ;
#5485 = EDGE_LOOP ( 'NONE', ( #7908, #2803, #4822, #457 ) ) ;
#5486 = DIRECTION ( 'NONE',  ( 0.000000000000000000, 0.000000000000000000, -1.000000000000000000 ) ) ;
#5487 = PLANE ( 'NONE',  #4006 ) ;
#5488 = SURFACE_STYLE_USAGE ( .BOTH. , #11419 ) ;
#5489 = EDGE_CURVE ( 'NONE', #10340, #3974, #5762, .T. ) ;
#5490 = CARTESIAN_POINT ( 'NONE',  ( 17.77999999999999758, 0.000000000000000000, 1.269999999999998908 ) ) ;
#5491 = EDGE_CURVE ( 'NONE', #3262, #10410, #2889, .T. ) ;
#5492 = VECTOR ( 'NONE', #889, 1000.000000000000000 ) ;
#5493 = ORIENTED_EDGE ( 'NONE', *, *, #5819, .F. ) ;
#5494 = EDGE_CURVE ( 'NONE', #6880, #1031, #1902, .T. ) ;
#5495 = VECTOR ( 'NONE', #7837, 1000.000000000000000 ) ;
#5496 = AXIS2_PLACEMENT_3D ( 'NONE', #2913, #6838, #6651 ) ;
#5497 = PLANE ( 'NONE',  #6156 ) ;
#5498 = VERTEX_POINT ( 'NONE', #10777 ) ;
#5499 = ADVANCED_FACE ( 'NONE', ( #5886 ), #9793, .F. ) ;
#5500 = ADVANCED_FACE ( 'NONE', ( #4121 ), #7974, .F. ) ;
#5501 = CARTESIAN_POINT ( 'NONE',  ( -21.97100000000000364, 7.239000000000000767, 0.3809999999999962861 ) ) ;
#5502 = LINE ( 'NONE', #5247, #3629 ) ;
#5503 = LINE ( 'NONE', #560, #6728 ) ;
#5504 = LINE ( 'NONE', #4273, #185 ) ;
#5505 = AXIS2_PLACEMENT_3D ( 'NONE', #11866, #2936, #12003 ) ;
#5506 = LINE ( 'NONE', #4540, #5156 ) ;
#5507 = VECTOR ( 'NONE', #4466, 1000.000000000000000 ) ;
#5508 = DIRECTION ( 'NONE',  ( 0.000000000000000000, -1.000000000000000000, 0.000000000000000000 ) ) ;
#5509 = EDGE_LOOP ( 'NONE', ( #4071, #5560, #1284, #11658 ) ) ;
#5510 = VECTOR ( 'NONE', #2117, 1000.000000000000114 ) ;
#5511 = CARTESIAN_POINT ( 'NONE',  ( 11.04899999999999594, 7.239000000000000767, 0.3809999999999962861 ) ) ;
#5512 = LINE ( 'NONE', #11499, #8279 ) ;
#5513 = FILL_AREA_STYLE ('',( #6503 ) ) ;
#5514 = ORIENTED_EDGE ( 'NONE', *, *, #3071, .T. ) ;
#5515 = CARTESIAN_POINT ( 'NONE',  ( 27.94000000000000483, 2.177422008883992879E-16, -0.8890000000000013447 ) ) ;
#5516 = ORIENTED_EDGE ( 'NONE', *, *, #1715, .F. ) ;
#5517 = AXIS2_PLACEMENT_3D ( 'NONE', #12342, #4593, #415 ) ;
#5518 = PRESENTATION_LAYER_ASSIGNMENT (  '', '', ( #9047 ) ) ;
#5519 = DIRECTION ( 'NONE',  ( -1.000000000000000000, 0.000000000000000000, 0.000000000000000000 ) ) ;
#5520 = ORIENTED_EDGE ( 'NONE', *, *, #11238, .T. ) ;
#5521 = DIRECTION ( 'NONE',  ( -0.5773502691896253980, 0.5773502691896253980, -0.5773502691896265082 ) ) ;
#5522 = DIRECTION ( 'NONE',  ( -0.5773502691896252870, -0.5773502691896251759, -0.5773502691896267303 ) ) ;
#5523 = CARTESIAN_POINT ( 'NONE',  ( -28.19400000000000617, 2.177422008883992879E-16, -0.8890000000000013447 ) ) ;
#5524 = ORIENTED_EDGE ( 'NONE', *, *, #7250, .F. ) ;
#5525 = FACE_OUTER_BOUND ( 'NONE', #3721, .T. ) ;
#5526 = EDGE_LOOP ( 'NONE', ( #4172, #5663, #9289, #1205 ) ) ;
#5527 = ADVANCED_FACE ( 'NONE', ( #8160 ), #1055, .F. ) ;
#5528 = DIRECTION ( 'NONE',  ( 0.000000000000000000, -1.000000000000000000, -2.548365665731588345E-16 ) ) ;
#5529 = VECTOR ( 'NONE', #1433, 1000.000000000000000 ) ;
#5530 = UNCERTAINTY_MEASURE_WITH_UNIT (LENGTH_MEASURE( 1.000000000000000082E-05 ), #4166, 'distance_accuracy_value', 'NONE');
#5531 = ADVANCED_FACE ( 'NONE', ( #2160 ), #5169, .F. ) ;
#5532 = EDGE_LOOP ( 'NONE', ( #9568, #4240, #4679, #6354 ) ) ;
#5533 = CARTESIAN_POINT ( 'NONE',  ( -20.32000000000000384, 0.5080000000000000071, 0.7528818102449925664 ) ) ;
#5534 = CARTESIAN_POINT ( 'NONE',  ( -8.890000000000005898, 0.000000000000000000, 0.000000000000000000 ) ) ;
#5535 = ORIENTED_EDGE ( 'NONE', *, *, #9629, .T. ) ;
#5536 = DIRECTION ( 'NONE',  ( -1.000000000000000000, -0.000000000000000000, -0.000000000000000000 ) ) ;
#5537 = AXIS2_PLACEMENT_3D ( 'NONE', #10740, #587, #5655 ) ;
#5538 = VECTOR ( 'NONE', #4557, 1000.000000000000000 ) ;
#5539 = ADVANCED_FACE ( 'NONE', ( #273 ), #4180, .F. ) ;
#5540 = EDGE_CURVE ( 'NONE', #1457, #346, #5100, .T. ) ;
#5541 = LINE ( 'NONE', #9516, #2338 ) ;
#5542 = ORIENTED_EDGE ( 'NONE', *, *, #6791, .T. ) ;
#5543 = CARTESIAN_POINT ( 'NONE',  ( 25.39999999999999858, 8.509000000000000341, 1.270000000000001128 ) ) ;
#5544 = VERTEX_POINT ( 'NONE', #7 ) ;
#5545 = EDGE_LOOP ( 'NONE', ( #5603, #6710, #9017, #8078, #1916, #5350, #7817, #12812 ) ) ;
#5546 = DIRECTION ( 'NONE',  ( 0.000000000000000000, 0.000000000000000000, 1.000000000000000000 ) ) ;
#5547 = VERTEX_POINT ( 'NONE', #3991 ) ;
#5548 = EDGE_CURVE ( 'NONE', #12751, #1751, #10900, .T. ) ;
#5549 = VERTEX_POINT ( 'NONE', #11945 ) ;
#5550 = VECTOR ( 'NONE', #5486, 1000.000000000000000 ) ;
#5551 = DIRECTION ( 'NONE',  ( 0.000000000000000000, -5.054934237236841843E-31, -1.000000000000000000 ) ) ;
#5552 = ORIENTED_EDGE ( 'NONE', *, *, #7798, .T. ) ;
#5553 = FACE_OUTER_BOUND ( 'NONE', #8912, .T. ) ;
#5554 = ADVANCED_FACE ( 'NONE', ( #6082 ), #9976, .F. ) ;
#5555 = CARTESIAN_POINT ( 'NONE',  ( 20.31999999999999673, -1.925929944387235853E-31, 0.8889999999999991243 ) ) ;
#5556 = ORIENTED_EDGE ( 'NONE', *, *, #8739, .T. ) ;
#5557 = CARTESIAN_POINT ( 'NONE',  ( -12.70000000000000462, -1.925929944387235853E-31, 0.8889999999999991243 ) ) ;
#5558 = FACE_OUTER_BOUND ( 'NONE', #7233, .T. ) ;
#5559 = VECTOR ( 'NONE', #8068, 1000.000000000000000 ) ;
#5560 = ORIENTED_EDGE ( 'NONE', *, *, #11297, .F. ) ;
#5561 = FACE_BOUND ( 'NONE', #4826, .T. ) ;
#5562 = CARTESIAN_POINT ( 'NONE',  ( -17.78000000000000469, 3.110602869834277161E-16, -1.270000000000001128 ) ) ;
#5563 = DIRECTION ( 'NONE',  ( 0.000000000000000000, -1.440069553722777130E-16, 1.000000000000000000 ) ) ;
#5564 = LINE ( 'NONE', #9727, #92 ) ;
#5565 = DIRECTION ( 'NONE',  ( 0.000000000000000000, 0.000000000000000000, 1.000000000000000000 ) ) ;
#5566 = EDGE_CURVE ( 'NONE', #10617, #4821, #9076, .T. ) ;
#5567 = DIRECTION ( 'NONE',  ( 0.000000000000000000, -0.000000000000000000, -1.000000000000000000 ) ) ;
#5568 = ORIENTED_EDGE ( 'NONE', *, *, #2149, .F. ) ;
#5569 = EDGE_CURVE ( 'NONE', #3191, #12754, #11160, .T. ) ;
#5570 = PLANE ( 'NONE',  #10878 ) ;
#5571 = LINE ( 'NONE', #1708, #3214 ) ;
#5572 = DIRECTION ( 'NONE',  ( -0.000000000000000000, -0.000000000000000000, 1.000000000000000000 ) ) ;
#5573 = DIRECTION ( 'NONE',  ( 0.000000000000000000, -0.7071067811865484609, 0.7071067811865465735 ) ) ;
#5574 = LINE ( 'NONE', #4602, #3696 ) ;
#5575 = FACE_OUTER_BOUND ( 'NONE', #11184, .T. ) ;
#5576 = VERTEX_POINT ( 'NONE', #3015 ) ;
#5577 = ADVANCED_FACE ( 'NONE', ( #74 ), #4058, .F. ) ;
#5578 = AXIS2_PLACEMENT_3D ( 'NONE', #6439, #10381, #11368 ) ;
#5579 = DIRECTION ( 'NONE',  ( 0.000000000000000000, 1.000000000000000000, 0.000000000000000000 ) ) ;
#5580 =( NAMED_UNIT ( * ) SI_UNIT ( $, .STERADIAN. ) SOLID_ANGLE_UNIT ( ) );
#5581 = EDGE_LOOP ( 'NONE', ( #7329, #9396, #7527, #10158 ) ) ;
#5582 = DIRECTION ( 'NONE',  ( 0.000000000000000000, 0.000000000000000000, -1.000000000000000000 ) ) ;
#5583 = ORIENTED_EDGE ( 'NONE', *, *, #1344, .F. ) ;
#5584 = DIRECTION ( 'NONE',  ( -0.000000000000000000, 0.000000000000000000, -1.000000000000000000 ) ) ;
#5585 = VERTEX_POINT ( 'NONE', #7074 ) ;
#5586 = EDGE_CURVE ( 'NONE', #2615, #4252, #1190, .T. ) ;
#5587 = CARTESIAN_POINT ( 'NONE',  ( 15.23999999999999666, 8.509000000000000341, -0.8255000000000036753 ) ) ;
#5588 = DIRECTION ( 'NONE',  ( -0.5773502691896253980, 0.5773502691896253980, -0.5773502691896265082 ) ) ;
#5589 = CARTESIAN_POINT ( 'NONE',  ( 7.619999999999994778, 2.177422008883992879E-16, -0.8890000000000013447 ) ) ;
#5590 = ORIENTED_EDGE ( 'NONE', *, *, #1260, .F. ) ;
#5591 = PRESENTATION_STYLE_ASSIGNMENT (( #11578 ) ) ;
#5592 = VERTEX_POINT ( 'NONE', #11025 ) ;
#5593 = FACE_OUTER_BOUND ( 'NONE', #2813, .T. ) ;
#5594 = FACE_OUTER_BOUND ( 'NONE', #6959, .T. ) ;
#5595 = EDGE_LOOP ( 'NONE', ( #6929, #4903, #1813, #2104 ) ) ;
#5596 = PLANE ( 'NONE',  #4238 ) ;
#5597 = CARTESIAN_POINT ( 'NONE',  ( 6.349999999999994316, 0.000000000000000000, 0.000000000000000000 ) ) ;
#5598 = ORIENTED_EDGE ( 'NONE', *, *, #7447, .T. ) ;
#5599 = CARTESIAN_POINT ( 'NONE',  ( -17.78000000000000469, 8.509000000000000341, 1.270000000000001128 ) ) ;
#5600 = PLANE ( 'NONE',  #11450 ) ;
#5601 = ORIENTED_EDGE ( 'NONE', *, *, #7570, .F. ) ;
#5602 = DIRECTION ( 'NONE',  ( -1.000000000000000000, 0.000000000000000000, -0.000000000000000000 ) ) ;
#5603 = ORIENTED_EDGE ( 'NONE', *, *, #9147, .F. ) ;
#5604 = ORIENTED_EDGE ( 'NONE', *, *, #1362, .F. ) ;
#5605 = CARTESIAN_POINT ( 'NONE',  ( -27.49550000000000693, 8.509000000000000341, -0.8255000000000036753 ) ) ;
#5606 = EDGE_LOOP ( 'NONE', ( #2804, #5145, #10425, #2425 ) ) ;
#5607 = ORIENTED_EDGE ( 'NONE', *, *, #8088, .F. ) ;
#5608 = CARTESIAN_POINT ( 'NONE',  ( 2.539999999999996927, 0.5080000000000002292, -0.7528818102449945648 ) ) ;
#5609 = EDGE_LOOP ( 'NONE', ( #3994, #12143, #9321, #444 ) ) ;
#5610 = CARTESIAN_POINT ( 'NONE',  ( 27.94000000000000483, 2.177422008883992879E-16, -0.8890000000000013447 ) ) ;
#5611 = PLANE ( 'NONE',  #8601 ) ;
#5612 = ORIENTED_EDGE ( 'NONE', *, *, #4475, .T. ) ;
#5613 = DIRECTION ( 'NONE',  ( 0.000000000000000000, -0.9659258262890700886, 0.2588190451025140781 ) ) ;
#5614 = EDGE_CURVE ( 'NONE', #12754, #9589, #2089, .T. ) ;
#5615 = ORIENTED_EDGE ( 'NONE', *, *, #10977, .F. ) ;
#5616 = CARTESIAN_POINT ( 'NONE',  ( -5.080000000000004512, 0.000000000000000000, 0.000000000000000000 ) ) ;
#5617 = FILL_AREA_STYLE_COLOUR ( '', #11891 ) ;
#5618 = FACE_OUTER_BOUND ( 'NONE', #7316, .T. ) ;
#5619 = CARTESIAN_POINT ( 'NONE',  ( 10.15999999999999481, -1.925929944387235853E-31, 0.8889999999999991243 ) ) ;
#5620 = EDGE_CURVE ( 'NONE', #9304, #5323, #8103, .T. ) ;
#5621 = CARTESIAN_POINT ( 'NONE',  ( 22.85999999999999943, 0.5080000000000000071, 0.7528818102449925664 ) ) ;
#5622 = ORIENTED_EDGE ( 'NONE', *, *, #10168, .T. ) ;
#5623 = LINE ( 'NONE', #746, #12533 ) ;
#5624 = CARTESIAN_POINT ( 'NONE',  ( 7.619999999999994778, 0.5080000000000000071, 0.7528818102449925664 ) ) ;
#5625 = DIRECTION ( 'NONE',  ( 0.000000000000000000, 5.054934237236841843E-31, 1.000000000000000000 ) ) ;
#5626 = LINE ( 'NONE', #9734, #11916 ) ;
#5627 = LINE ( 'NONE', #12541, #4262 ) ;
#5628 = EDGE_LOOP ( 'NONE', ( #9328, #4328, #983, #4561, #8709, #2748, #6557, #9866 ) ) ;
#5629 = LINE ( 'NONE', #11565, #9324 ) ;
#5630 = LINE ( 'NONE', #5694, #2349 ) ;
#5631 = ORIENTED_EDGE ( 'NONE', *, *, #8656, .T. ) ;
#5632 = DIRECTION ( 'NONE',  ( -1.000000000000000000, 0.000000000000000000, 0.000000000000000000 ) ) ;
#5633 = CARTESIAN_POINT ( 'NONE',  ( -12.70000000000000462, 2.177422008883992879E-16, -0.8890000000000013447 ) ) ;
#5634 = ORIENTED_EDGE ( 'NONE', *, *, #1484, .T. ) ;
#5635 = CARTESIAN_POINT ( 'NONE',  ( -13.58900000000000574, 8.064500000000000668, 0.3809999999999962861 ) ) ;
#5636 = ORIENTED_EDGE ( 'NONE', *, *, #11638, .T. ) ;
#5637 = VECTOR ( 'NONE', #5466, 1000.000000000000000 ) ;
#5638 = CARTESIAN_POINT ( 'NONE',  ( 18.66899999999999693, 8.064500000000000668, 0.3809999999999964526 ) ) ;
#5639 = ORIENTED_EDGE ( 'NONE', *, *, #9418, .F. ) ;
#5640 = EDGE_CURVE ( 'NONE', #1562, #7633, #7207, .T. ) ;
#5641 = DIRECTION ( 'NONE',  ( 0.000000000000000000, 1.000000000000000000, 1.733406087350420004E-16 ) ) ;
#5642 = DIRECTION ( 'NONE',  ( 0.000000000000000000, 2.548365665731588345E-16, -1.000000000000000000 ) ) ;
#5643 = DIRECTION ( 'NONE',  ( 0.000000000000000000, 1.000000000000000000, 0.000000000000000000 ) ) ;
#5644 = AXIS2_PLACEMENT_3D ( 'NONE', #4060, #1192, #3207 ) ;
#5645 = DIRECTION ( 'NONE',  ( -0.000000000000000000, 1.000000000000000000, 1.440069553722777130E-16 ) ) ;
#5646 = ORIENTED_EDGE ( 'NONE', *, *, #6673, .T. ) ;
#5647 = DIRECTION ( 'NONE',  ( -1.000000000000000000, 0.000000000000000000, 0.000000000000000000 ) ) ;
#5648 = ADVANCED_FACE ( 'NONE', ( #8234 ), #10165, .F. ) ;
#5649 = EDGE_CURVE ( 'NONE', #4346, #10414, #10304, .T. ) ;
#5650 = LINE ( 'NONE', #9813, #86 ) ;
#5651 = ORIENTED_EDGE ( 'NONE', *, *, #8208, .F. ) ;
#5652 = EDGE_CURVE ( 'NONE', #12678, #3181, #1382, .T. ) ;
#5653 = VECTOR ( 'NONE', #9761, 1000.000000000000000 ) ;
#5654 = CARTESIAN_POINT ( 'NONE',  ( -27.94000000000000483, 0.5080000000000002292, -0.7528818102449945648 ) ) ;
#5655 = DIRECTION ( 'NONE',  ( 1.000000000000000000, 0.000000000000000000, 0.000000000000000000 ) ) ;
#5656 = VERTEX_POINT ( 'NONE', #11414 ) ;
#5657 = FACE_OUTER_BOUND ( 'NONE', #12520, .T. ) ;
#5658 = EDGE_CURVE ( 'NONE', #9185, #7958, #9532, .T. ) ;
#5659 = CARTESIAN_POINT ( 'NONE',  ( -7.620000000000005436, 0.000000000000000000, 1.269999999999998908 ) ) ;
#5660 = ORIENTED_EDGE ( 'NONE', *, *, #9418, .T. ) ;
#5661 =( LENGTH_UNIT ( ) NAMED_UNIT ( * ) SI_UNIT ( .MILLI., .METRE. ) );
#5662 = AXIS2_PLACEMENT_3D ( 'NONE', #885, #1791, #11766 ) ;
#5663 = ORIENTED_EDGE ( 'NONE', *, *, #1942, .F. ) ;
#5664 = ORIENTED_EDGE ( 'NONE', *, *, #7638, .T. ) ;
#5665 = EDGE_CURVE ( 'NONE', #12863, #3999, #2490, .T. ) ;
#5666 = CARTESIAN_POINT ( 'NONE',  ( -10.16000000000000547, 3.110602869834277161E-16, -1.270000000000001128 ) ) ;
#5667 = ORIENTED_EDGE ( 'NONE', *, *, #10509, .T. ) ;
#5668 = CARTESIAN_POINT ( 'NONE',  ( -18.22450000000000614, 8.509000000000000341, -1.270000000000001128 ) ) ;
#5669 = EDGE_LOOP ( 'NONE', ( #10755, #3411, #3107, #11013 ) ) ;
#5670 = VECTOR ( 'NONE', #8479, 1000.000000000000000 ) ;
#5671 = DIRECTION ( 'NONE',  ( 1.000000000000000000, 0.000000000000000000, 0.000000000000000000 ) ) ;
#5672 = AXIS2_PLACEMENT_3D ( 'NONE', #9922, #10109, #10972 ) ;
#5673 = ORIENTED_EDGE ( 'NONE', *, *, #7332, .T. ) ;
#5674 = LINE ( 'NONE', #9656, #6520 ) ;
#5675 = LINE ( 'NONE', #1884, #5278 ) ;
#5676 = ORIENTED_EDGE ( 'NONE', *, *, #7718, .F. ) ;
#5677 = DIRECTION ( 'NONE',  ( -1.000000000000000000, -0.000000000000000000, -0.000000000000000000 ) ) ;
#5678 = VERTEX_POINT ( 'NONE', #5557 ) ;
#5679 = CARTESIAN_POINT ( 'NONE',  ( 20.31999999999999673, 0.5080000000000000071, 0.7528818102449925664 ) ) ;
#5680 = EDGE_CURVE ( 'NONE', #3964, #6690, #6481, .T. ) ;
#5681 = VECTOR ( 'NONE', #11296, 1000.000000000000000 ) ;
#5682 = CARTESIAN_POINT ( 'NONE',  ( -24.51100000000000634, 7.239000000000000767, 0.3809999999999962861 ) ) ;
#5683 = PLANE ( 'NONE',  #10935 ) ;
#5684 = DIRECTION ( 'NONE',  ( 0.000000000000000000, 0.000000000000000000, -1.000000000000000000 ) ) ;
#5685 = ORIENTED_EDGE ( 'NONE', *, *, #4140, .F. ) ;
#5686 = VECTOR ( 'NONE', #9460, 1000.000000000000000 ) ;
#5687 = PLANE ( 'NONE',  #7537 ) ;
#5688 = LINE ( 'NONE', #8744, #480 ) ;
#5689 = FACE_OUTER_BOUND ( 'NONE', #8398, .T. ) ;
#5690 = CARTESIAN_POINT ( 'NONE',  ( 26.28900000000000148, 8.064500000000000668, 0.3809999999999962861 ) ) ;
#5691 = DIRECTION ( 'NONE',  ( -1.000000000000000000, -0.000000000000000000, -0.000000000000000000 ) ) ;
#5692 = EDGE_CURVE ( 'NONE', #11055, #2222, #7269, .T. ) ;
#5693 = CARTESIAN_POINT ( 'NONE',  ( -27.05100000000000549, 7.239000000000000767, 0.3809999999999962861 ) ) ;
#5694 = CARTESIAN_POINT ( 'NONE',  ( -17.78000000000000469, 0.000000000000000000, 1.269999999999998908 ) ) ;
#5695 = ORIENTED_EDGE ( 'NONE', *, *, #12500, .F. ) ;
#5696 = VECTOR ( 'NONE', #3502, 1000.000000000000000 ) ;
#5697 = CARTESIAN_POINT ( 'NONE',  ( -25.40000000000000568, 0.5080000000000002292, -0.7528818102449945648 ) ) ;
#5698 = VECTOR ( 'NONE', #1276, 1000.000000000000000 ) ;
#5699 = ORIENTED_EDGE ( 'NONE', *, *, #11238, .F. ) ;
#5700 = VECTOR ( 'NONE', #485, 1000.000000000000000 ) ;
#5701 = FACE_OUTER_BOUND ( 'NONE', #11605, .T. ) ;
#5702 = ORIENTED_EDGE ( 'NONE', *, *, #11627, .F. ) ;
#5703 = CARTESIAN_POINT ( 'NONE',  ( -25.40000000000000568, 8.509000000000000341, 1.270000000000001128 ) ) ;
#5704 = EDGE_LOOP ( 'NONE', ( #5477, #7753, #3903, #288 ) ) ;
#5705 =( GEOMETRIC_REPRESENTATION_CONTEXT ( 3 ) GLOBAL_UNCERTAINTY_ASSIGNED_CONTEXT ( ( #10026 ) ) GLOBAL_UNIT_ASSIGNED_CONTEXT ( ( #5661, #11457, #4571 ) ) REPRESENTATION_CONTEXT ( 'NONE', 'WORKASPACE' ) );
#5706 = CARTESIAN_POINT ( 'NONE',  ( 10.15999999999999481, 8.509000000000000341, 1.270000000000001128 ) ) ;
#5707 = VECTOR ( 'NONE', #2243, 1000.000000000000000 ) ;
#5708 = CARTESIAN_POINT ( 'NONE',  ( 17.77999999999999758, 8.509000000000000341, 1.270000000000001128 ) ) ;
#5709 = DIRECTION ( 'NONE',  ( 0.000000000000000000, 0.000000000000000000, -1.000000000000000000 ) ) ;
#5710 = DIRECTION ( 'NONE',  ( 1.000000000000000000, 0.000000000000000000, 0.000000000000000000 ) ) ;
#5711 = CARTESIAN_POINT ( 'NONE',  ( 2.539999999999996927, 8.509000000000000341, -1.270000000000001128 ) ) ;
#5712 = AXIS2_PLACEMENT_3D ( 'NONE', #8255, #12226, #3294 ) ;
#5713 = VERTEX_POINT ( 'NONE', #10228 ) ;
#5714 = LINE ( 'NONE', #11518, #7437 ) ;
#5715 = EDGE_CURVE ( 'NONE', #895, #2585, #10426, .T. ) ;
#5716 = VECTOR ( 'NONE', #858, 1000.000000000000000 ) ;
#5717 = DIRECTION ( 'NONE',  ( 0.000000000000000000, 0.000000000000000000, -1.000000000000000000 ) ) ;
#5718 = AXIS2_PLACEMENT_3D ( 'NONE', #1777, #8555, #2832 ) ;
#5719 = VERTEX_POINT ( 'NONE', #7323 ) ;
#5720 = MECHANICAL_DESIGN_GEOMETRIC_PRESENTATION_REPRESENTATION (  '', ( #9047 ), #10714 ) ;
#5721 = ADVANCED_FACE ( 'NONE', ( #1573 ), #8540, .F. ) ;
#5722 = CARTESIAN_POINT ( 'NONE',  ( -17.78000000000000469, 8.509000000000000341, -0.8255000000000036753 ) ) ;
#5723 = DIRECTION ( 'NONE',  ( 0.000000000000000000, 0.000000000000000000, 1.000000000000000000 ) ) ;
#5724 = ORIENTED_EDGE ( 'NONE', *, *, #11537, .F. ) ;
#5725 = LINE ( 'NONE', #11844, #11052 ) ;
#5726 = DIRECTION ( 'NONE',  ( 0.000000000000000000, -0.9659258262890700886, 0.2588190451025140781 ) ) ;
#5727 = ADVANCED_FACE ( 'NONE', ( #12329 ), #11348, .F. ) ;
#5728 = AXIS2_PLACEMENT_3D ( 'NONE', #9288, #10241, #4331 ) ;
#5729 = CARTESIAN_POINT ( 'NONE',  ( -14.79550000000000409, 8.509000000000000341, -0.8255000000000036753 ) ) ;
#5730 = FACE_OUTER_BOUND ( 'NONE', #10169, .T. ) ;
#5731 = ORIENTED_EDGE ( 'NONE', *, *, #11225, .T. ) ;
#5732 = EDGE_CURVE ( 'NONE', #1530, #44, #12527, .T. ) ;
#5733 = AXIS2_PLACEMENT_3D ( 'NONE', #8053, #3147, #10047 ) ;
#5734 = FACE_OUTER_BOUND ( 'NONE', #2206, .T. ) ;
#5735 = VECTOR ( 'NONE', #9729, 1000.000000000000000 ) ;
#5736 = ORIENTED_EDGE ( 'NONE', *, *, #3261, .T. ) ;
#5737 = ORIENTED_EDGE ( 'NONE', *, *, #12732, .T. ) ;
#5738 = EDGE_CURVE ( 'NONE', #10850, #11055, #8482, .T. ) ;
#5739 = DIRECTION ( 'NONE',  ( -1.000000000000000000, -0.000000000000000000, -0.000000000000000000 ) ) ;
#5740 = EDGE_LOOP ( 'NONE', ( #8695, #11530, #5269, #1733 ) ) ;
#5741 = ORIENTED_EDGE ( 'NONE', *, *, #1006, .F. ) ;
#5742 = VECTOR ( 'NONE', #5726, 1000.000000000000114 ) ;
#5743 = CARTESIAN_POINT ( 'NONE',  ( 14.79549999999999699, 8.509000000000000341, -0.8255000000000036753 ) ) ;
#5744 = EDGE_LOOP ( 'NONE', ( #852, #3266, #2520, #5954 ) ) ;
#5745 = EDGE_CURVE ( 'NONE', #8026, #701, #9398, .T. ) ;
#5746 = DIRECTION ( 'NONE',  ( 0.000000000000000000, 0.9659258262890699775, 0.2588190451025145222 ) ) ;
#5747 = DIRECTION ( 'NONE',  ( 1.000000000000000000, 0.000000000000000000, 0.000000000000000000 ) ) ;
#5748 = ORIENTED_EDGE ( 'NONE', *, *, #1996, .F. ) ;
#5749 = DIRECTION ( 'NONE',  ( 1.000000000000000000, 0.000000000000000000, -0.000000000000000000 ) ) ;
#5750 = EDGE_LOOP ( 'NONE', ( #2342, #2676, #2684, #3458 ) ) ;
#5751 = PLANE ( 'NONE',  #6992 ) ;
#5752 = DIRECTION ( 'NONE',  ( 0.000000000000000000, 0.000000000000000000, 1.000000000000000000 ) ) ;
#5753 = CARTESIAN_POINT ( 'NONE',  ( 17.77999999999999758, 8.509000000000000341, 1.270000000000001128 ) ) ;
#5754 = AXIS2_PLACEMENT_3D ( 'NONE', #6045, #8196, #3173 ) ;
#5755 = FACE_OUTER_BOUND ( 'NONE', #796, .T. ) ;
#5756 = DIRECTION ( 'NONE',  ( -0.5773502691896253980, 0.5773502691896253980, -0.5773502691896265082 ) ) ;
#5757 = ORIENTED_EDGE ( 'NONE', *, *, #1687, .F. ) ;
#5758 = CARTESIAN_POINT ( 'NONE',  ( 15.23999999999999666, 0.000000000000000000, 1.269999999999998908 ) ) ;
#5759 = AXIS2_PLACEMENT_3D ( 'NONE', #3819, #4691, #5785 ) ;
#5760 = CARTESIAN_POINT ( 'NONE',  ( 0.8889999999999974589, 7.239000000000000767, 0.3809999999999962861 ) ) ;
#5761 = DIRECTION ( 'NONE',  ( 0.000000000000000000, -0.000000000000000000, -1.000000000000000000 ) ) ;
#5762 = LINE ( 'NONE', #11818, #11690 ) ;
#5763 = FACE_OUTER_BOUND ( 'NONE', #2277, .T. ) ;
#5764 = EDGE_CURVE ( 'NONE', #6201, #3330, #6351, .T. ) ;
#5765 = CARTESIAN_POINT ( 'NONE',  ( 27.94000000000000128, 0.5080000000000002292, -0.7528818102449945648 ) ) ;
#5766 = DIRECTION ( 'NONE',  ( 0.000000000000000000, -1.000000000000000000, 0.000000000000000000 ) ) ;
#5767 = VERTEX_POINT ( 'NONE', #5482 ) ;
#5768 = DIRECTION ( 'NONE',  ( -1.000000000000000000, 0.000000000000000000, -0.000000000000000000 ) ) ;
#5769 = VECTOR ( 'NONE', #9553, 999.9999999999998863 ) ;
#5770 = CARTESIAN_POINT ( 'NONE',  ( 17.77999999999999758, -1.925929944387235853E-31, 0.8889999999999991243 ) ) ;
#5771 = VECTOR ( 'NONE', #10229, 1000.000000000000000 ) ;
#5772 = ORIENTED_EDGE ( 'NONE', *, *, #2397, .T. ) ;
#5774 = EDGE_CURVE ( 'NONE', #8861, #1304, #8356, .T. ) ;
#5773 = CARTESIAN_POINT ( 'NONE',  ( 26.28900000000000148, 7.239000000000000767, 0.3809999999999962861 ) ) ;
#5775 = VERTEX_POINT ( 'NONE', #607 ) ;
#5776 = CARTESIAN_POINT ( 'NONE',  ( -13.84300000000000708, 7.810500000000001108, 0.1269999999999965878 ) ) ;
#5777 = ORIENTED_EDGE ( 'NONE', *, *, #10666, .T. ) ;
#5778 = LINE ( 'NONE', #6888, #4019 ) ;
#5779 = CARTESIAN_POINT ( 'NONE',  ( -1.651000000000003132, 8.064500000000000668, 0.3809999999999964526 ) ) ;
#5780 = DIRECTION ( 'NONE',  ( 0.000000000000000000, 1.000000000000000000, 1.733406087350420004E-16 ) ) ;
#5781 = VECTOR ( 'NONE', #10838, 1000.000000000000000 ) ;
#5782 = CARTESIAN_POINT ( 'NONE',  ( -11.81100000000000527, 8.064500000000000668, 0.3809999999999964526 ) ) ;
#5783 = VERTEX_POINT ( 'NONE', #3397 ) ;
#5784 = EDGE_CURVE ( 'NONE', #1954, #11984, #4521, .T. ) ;
#5785 = DIRECTION ( 'NONE',  ( 0.000000000000000000, 1.000000000000000000, 2.548365665731588345E-16 ) ) ;
#5786 = DIRECTION ( 'NONE',  ( -0.000000000000000000, -0.7071067811865482389, -0.7071067811865469066 ) ) ;
#5787 = ORIENTED_EDGE ( 'NONE', *, *, #685, .F. ) ;
#5788 = EDGE_CURVE ( 'NONE', #5498, #2995, #4449, .T. ) ;
#5789 = PLANE ( 'NONE',  #5496 ) ;
#5790 = VERTEX_POINT ( 'NONE', #11474 ) ;
#5791 = VECTOR ( 'NONE', #9660, 1000.000000000000000 ) ;
#5792 = CARTESIAN_POINT ( 'NONE',  ( 30.48000000000000043, 7.239000000000000767, -2.201425730935033664E-16 ) ) ;
#5793 = DIRECTION ( 'NONE',  ( 0.000000000000000000, 1.000000000000000000, 0.000000000000000000 ) ) ;
#5794 = PRESENTATION_STYLE_ASSIGNMENT (( #4702 ) ) ;
#5795 = EDGE_LOOP ( 'NONE', ( #7674, #6909, #3269, #12759, #8272, #1936, #4760, #11534 ) ) ;
#5796 = CARTESIAN_POINT ( 'NONE',  ( 12.69999999999999574, 8.509000000000000341, -1.270000000000001128 ) ) ;
#5797 = ORIENTED_EDGE ( 'NONE', *, *, #12469, .F. ) ;
#5798 = ORIENTED_EDGE ( 'NONE', *, *, #10463, .T. ) ;
#5799 = VERTEX_POINT ( 'NONE', #2556 ) ;
#5800 = DIRECTION ( 'NONE',  ( -0.000000000000000000, 1.000000000000000000, 2.449293598294710852E-16 ) ) ;
#5801 = ORIENTED_EDGE ( 'NONE', *, *, #12262, .T. ) ;
#5802 = EDGE_CURVE ( 'NONE', #2768, #1880, #10493, .T. ) ;
#5803 =( LENGTH_UNIT ( ) NAMED_UNIT ( * ) SI_UNIT ( .MILLI., .METRE. ) );
#5804 = EDGE_LOOP ( 'NONE', ( #5160, #352, #5699, #8392 ) ) ;
#5805 = CARTESIAN_POINT ( 'NONE',  ( -20.32000000000000384, 0.5080000000000002292, -0.7528818102449945648 ) ) ;
#5806 = ADVANCED_FACE ( 'NONE', ( #6907 ), #1637, .F. ) ;
#5807 = DIRECTION ( 'NONE',  ( 0.000000000000000000, -1.000000000000000000, 0.000000000000000000 ) ) ;
#5808 = ORIENTED_EDGE ( 'NONE', *, *, #4347, .T. ) ;
#5809 = CARTESIAN_POINT ( 'NONE',  ( -16.89100000000000179, 7.239000000000000767, 0.3809999999999962861 ) ) ;
#5810 = ORIENTED_EDGE ( 'NONE', *, *, #2155, .T. ) ;
#5811 = CARTESIAN_POINT ( 'NONE',  ( -2.540000000000004032, 8.509000000000000341, 1.270000000000001128 ) ) ;
#5812 = CARTESIAN_POINT ( 'NONE',  ( 20.31999999999999673, 0.5080000000000002292, -0.7528818102449945648 ) ) ;
#5813 = DIRECTION ( 'NONE',  ( 0.000000000000000000, 1.733406087350420004E-16, -1.000000000000000000 ) ) ;
#5814 = EDGE_CURVE ( 'NONE', #7826, #3289, #12825, .T. ) ;
#5815 = ADVANCED_FACE ( 'NONE', ( #2625 ), #3661, .T. ) ;
#5816 = DIRECTION ( 'NONE',  ( 0.5773502691896252870, -0.5773502691896251759, -0.5773502691896267303 ) ) ;
#5817 = ORIENTED_EDGE ( 'NONE', *, *, #2499, .F. ) ;
#5818 = CARTESIAN_POINT ( 'NONE',  ( -11.81100000000000527, 7.239000000000000767, -0.3810000000000025033 ) ) ;
#5819 = EDGE_CURVE ( 'NONE', #11846, #468, #11071, .T. ) ;
#5820 = PLANE ( 'NONE',  #265 ) ;
#5821 = DIRECTION ( 'NONE',  ( -1.000000000000000000, -0.000000000000000000, -0.000000000000000000 ) ) ;
#5822 = LINE ( 'NONE', #3930, #6553 ) ;
#5823 = LINE ( 'NONE', #6626, #6984 ) ;
#5824 = LINE ( 'NONE', #5693, #157 ) ;
#5825 = DIRECTION ( 'NONE',  ( 0.000000000000000000, 2.449293598294710852E-16, -1.000000000000000000 ) ) ;
#5826 = VERTEX_POINT ( 'NONE', #9121 ) ;
#5827 = FACE_OUTER_BOUND ( 'NONE', #6671, .T. ) ;
#5828 = ADVANCED_FACE ( 'NONE', ( #1949 ), #130, .F. ) ;
#5829 =( REPRESENTATION_RELATIONSHIP ('NONE','NONE', #7825, #3815 ) REPRESENTATION_RELATIONSHIP_WITH_TRANSFORMATION ( #6242 )SHAPE_REPRESENTATION_RELATIONSHIP( ) );
#5830 = FACE_OUTER_BOUND ( 'NONE', #3748, .T. ) ;
#5831 = ORIENTED_EDGE ( 'NONE', *, *, #4849, .T. ) ;
#5832 = DIRECTION ( 'NONE',  ( 0.000000000000000000, -0.000000000000000000, -1.000000000000000000 ) ) ;
#5833 = ORIENTED_EDGE ( 'NONE', *, *, #9152, .F. ) ;
#5834 = CARTESIAN_POINT ( 'NONE',  ( 27.05099999999999838, 8.064500000000000668, 0.3809999999999962861 ) ) ;
#5835 = ORIENTED_EDGE ( 'NONE', *, *, #11323, .F. ) ;
#5836 = CARTESIAN_POINT ( 'NONE',  ( 21.97099999999999653, 8.064500000000000668, 0.3809999999999962861 ) ) ;
#5837 = CARTESIAN_POINT ( 'NONE',  ( -11.81100000000000527, 7.239000000000000767, 0.3809999999999962861 ) ) ;
#5838 = CARTESIAN_POINT ( 'NONE',  ( -17.78000000000000469, 8.509000000000000341, 1.270000000000001128 ) ) ;
#5839 = ORIENTED_EDGE ( 'NONE', *, *, #8288, .F. ) ;
#5840 = VECTOR ( 'NONE', #3570, 1000.000000000000000 ) ;
#5841 = DIRECTION ( 'NONE',  ( -1.000000000000000000, -0.000000000000000000, -0.000000000000000000 ) ) ;
#5842 = EDGE_CURVE ( 'NONE', #1081, #1012, #6002, .T. ) ;
#5843 = CARTESIAN_POINT ( 'NONE',  ( 20.31999999999999673, 8.509000000000000341, -1.270000000000001128 ) ) ;
#5844 = ORIENTED_EDGE ( 'NONE', *, *, #7576, .T. ) ;
#5845 = DIRECTION ( 'NONE',  ( -1.000000000000000000, -0.000000000000000000, -0.000000000000000000 ) ) ;
#5846 = APPLICATION_PROTOCOL_DEFINITION ( 'draft international standard', 'automotive_design', 1998, #7911 ) ;
#5847 = VERTEX_POINT ( 'NONE', #6923 ) ;
#5848 = AXIS2_PLACEMENT_3D ( 'NONE', #8575, #10658, #3017 ) ;
#5849 = ADVANCED_FACE ( 'NONE', ( #4164 ), #12056, .F. ) ;
#5850 = CARTESIAN_POINT ( 'NONE',  ( -2.540000000000004032, 0.5080000000000000071, 0.7528818102449925664 ) ) ;
#5851 = FILL_AREA_STYLE ('',( #8662 ) ) ;
#5852 = EDGE_LOOP ( 'NONE', ( #11057, #5835, #2279, #3132 ) ) ;
#5853 = LINE ( 'NONE', #11179, #678 ) ;
#5854 = ADVANCED_FACE ( 'NONE', ( #4038 ), #9060, .F. ) ;
#5855 = ORIENTED_EDGE ( 'NONE', *, *, #1850, .F. ) ;
#5856 = ORIENTED_EDGE ( 'NONE', *, *, #8684, .T. ) ;
#5857 = EDGE_CURVE ( 'NONE', #9158, #1050, #5018, .T. ) ;
#5858 = VECTOR ( 'NONE', #3336, 1000.000000000000000 ) ;
#5859 = VECTOR ( 'NONE', #7685, 1000.000000000000000 ) ;
#5860 = PLANE ( 'NONE',  #11763 ) ;
#5861 = VERTEX_POINT ( 'NONE', #12123 ) ;
#5862 = ORIENTED_EDGE ( 'NONE', *, *, #8679, .T. ) ;
#5863 = LINE ( 'NONE', #5015, #2525 ) ;
#5864 = PRESENTATION_STYLE_ASSIGNMENT (( #10757 ) ) ;
#5865 = ORIENTED_EDGE ( 'NONE', *, *, #5407, .T. ) ;
#5866 = AXIS2_PLACEMENT_3D ( 'NONE', #5036, #9008, #2951 ) ;
#5867 = VECTOR ( 'NONE', #8900, 1000.000000000000114 ) ;
#5868 = VECTOR ( 'NONE', #12603, 1000.000000000000000 ) ;
#5869 = DIRECTION ( 'NONE',  ( 1.000000000000000000, 0.000000000000000000, 0.000000000000000000 ) ) ;
#5870 = LINE ( 'NONE', #12709, #12562 ) ;
#5871 = ORIENTED_EDGE ( 'NONE', *, *, #2388, .F. ) ;
#5872 = CARTESIAN_POINT ( 'NONE',  ( 27.05099999999999838, 7.239000000000000767, 0.3809999999999962861 ) ) ;
#5873 = EDGE_LOOP ( 'NONE', ( #2714, #2672, #12211, #6593 ) ) ;
#5874 = DIRECTION ( 'NONE',  ( 1.000000000000000000, 0.000000000000000000, 0.000000000000000000 ) ) ;
#5875 = DIRECTION ( 'NONE',  ( 0.000000000000000000, 0.000000000000000000, -1.000000000000000000 ) ) ;
#5876 = EDGE_LOOP ( 'NONE', ( #11361, #7658, #10045, #5552 ) ) ;
#5877 = VECTOR ( 'NONE', #4884, 1000.000000000000000 ) ;
#5878 = VECTOR ( 'NONE', #7119, 1000.000000000000000 ) ;
#5879 = ADVANCED_FACE ( 'NONE', ( #2141 ), #6197, .F. ) ;
#5880 = EDGE_CURVE ( 'NONE', #9889, #3987, #3124, .T. ) ;
#5881 = LINE ( 'NONE', #10700, #12598 ) ;
#5882 = ORIENTED_EDGE ( 'NONE', *, *, #4539, .F. ) ;
#5883 = LINE ( 'NONE', #2886, #7130 ) ;
#5884 = CARTESIAN_POINT ( 'NONE',  ( -5.080000000000004512, -1.925929944387235853E-31, 0.8889999999999991243 ) ) ;
#5885 = PLANE ( 'NONE',  #2597 ) ;
#5886 = FACE_OUTER_BOUND ( 'NONE', #10873, .T. ) ;
#5887 = VECTOR ( 'NONE', #5246, 1000.000000000000000 ) ;
#5888 = CARTESIAN_POINT ( 'NONE',  ( 19.43099999999999739, 7.239000000000000767, 0.3809999999999962861 ) ) ;
#5889 = ADVANCED_FACE ( 'NONE', ( #5212 ), #4110, .T. ) ;
#5890 = ORIENTED_EDGE ( 'NONE', *, *, #3814, .T. ) ;
#5891 = FACE_OUTER_BOUND ( 'NONE', #4221, .T. ) ;
#5892 = CARTESIAN_POINT ( 'NONE',  ( 25.40000000000000213, 7.239000000000000767, -2.201425730935033664E-16 ) ) ;
#5893 = ORIENTED_EDGE ( 'NONE', *, *, #9473, .F. ) ;
#5894 = ADVANCED_FACE ( 'NONE', ( #10882 ), #3188, .F. ) ;
#5895 = CARTESIAN_POINT ( 'NONE',  ( 12.69999999999999574, 3.110602869834277161E-16, -1.270000000000001128 ) ) ;
#5896 = EDGE_CURVE ( 'NONE', #5010, #9810, #9180, .T. ) ;
#5897 = DIRECTION ( 'NONE',  ( 0.000000000000000000, 1.000000000000000000, 0.000000000000000000 ) ) ;
#5898 = ORIENTED_EDGE ( 'NONE', *, *, #10270, .F. ) ;
#5899 = VECTOR ( 'NONE', #7453, 1000.000000000000000 ) ;
#5900 = EDGE_CURVE ( 'NONE', #2497, #10191, #12192, .T. ) ;
#5901 = SURFACE_STYLE_USAGE ( .BOTH. , #10050 ) ;
#5902 = EDGE_CURVE ( 'NONE', #4595, #7577, #7120, .T. ) ;
#5903 = ORIENTED_EDGE ( 'NONE', *, *, #3970, .F. ) ;
#5904 = DIRECTION ( 'NONE',  ( 0.000000000000000000, 0.000000000000000000, -1.000000000000000000 ) ) ;
#5905 = FACE_OUTER_BOUND ( 'NONE', #5373, .T. ) ;
#5906 = EDGE_CURVE ( 'NONE', #1474, #62, #256, .T. ) ;
#5907 = DIRECTION ( 'NONE',  ( 0.000000000000000000, 1.000000000000000000, -5.054934237236841843E-31 ) ) ;
#5908 = FACE_OUTER_BOUND ( 'NONE', #575, .T. ) ;
#5909 = FACE_OUTER_BOUND ( 'NONE', #5545, .T. ) ;
#5910 = DIRECTION ( 'NONE',  ( 0.000000000000000000, -0.000000000000000000, -1.000000000000000000 ) ) ;
#5911 = ORIENTED_EDGE ( 'NONE', *, *, #119, .T. ) ;
#5912 = AXIS2_PLACEMENT_3D ( 'NONE', #371, #9360, #1464 ) ;
#5913 = DIRECTION ( 'NONE',  ( 1.000000000000000000, -0.000000000000000000, -0.000000000000000000 ) ) ;
#5914 = DIRECTION ( 'NONE',  ( 1.000000000000000000, 0.000000000000000000, 0.000000000000000000 ) ) ;
#5915 = ORIENTED_EDGE ( 'NONE', *, *, #4489, .F. ) ;
#5916 = CARTESIAN_POINT ( 'NONE',  ( 7.619999999999994778, 0.000000000000000000, 1.269999999999998908 ) ) ;
#5917 = CONTEXT_DEPENDENT_SHAPE_REPRESENTATION ( #405, #12212 ) ;
#5918 = EDGE_LOOP ( 'NONE', ( #1950, #5865, #6903, #9114 ) ) ;
#5919 = VECTOR ( 'NONE', #7804, 1000.000000000000000 ) ;
#5920 = PLANE ( 'NONE',  #7948 ) ;
#5921 = AXIS2_PLACEMENT_3D ( 'NONE', #9735, #1589, #7657 ) ;
#5922 = ADVANCED_FACE ( 'NONE', ( #7957 ), #11924, .T. ) ;
#5923 = EDGE_CURVE ( 'NONE', #6021, #1448, #1293, .T. ) ;
#5924 = LINE ( 'NONE', #1164, #4607 ) ;
#5925 = EDGE_LOOP ( 'NONE', ( #9498, #10267, #4099, #8833 ) ) ;
#5926 = ORIENTED_EDGE ( 'NONE', *, *, #875, .T. ) ;
#5927 = AXIS2_PLACEMENT_3D ( 'NONE', #12405, #3478, #7962 ) ;
#5928 = AXIS2_PLACEMENT_3D ( 'NONE', #7913, #144, #9975 ) ;
#5929 = AXIS2_PLACEMENT_3D ( 'NONE', #7020, #4001, #2035 ) ;
#5930 = ORIENTED_EDGE ( 'NONE', *, *, #772, .T. ) ;
#5931 = CARTESIAN_POINT ( 'NONE',  ( 15.23999999999999666, 8.509000000000000341, 1.270000000000001128 ) ) ;
#5932 = CARTESIAN_POINT ( 'NONE',  ( -2.540000000000004032, 8.509000000000000341, 1.270000000000001128 ) ) ;
#5933 = ADVANCED_FACE ( 'NONE', ( #4303 ), #11398, .F. ) ;
#5934 = LINE ( 'NONE', #12535, #445 ) ;
#5935 = EDGE_CURVE ( 'NONE', #2591, #203, #1485, .T. ) ;
#5936 = LINE ( 'NONE', #5016, #6159 ) ;
#5937 = ORIENTED_EDGE ( 'NONE', *, *, #5385, .T. ) ;
#5938 = AXIS2_PLACEMENT_3D ( 'NONE', #11616, #10571, #9540 ) ;
#5939 =( GEOMETRIC_REPRESENTATION_CONTEXT ( 3 ) GLOBAL_UNCERTAINTY_ASSIGNED_CONTEXT ( ( #584 ) ) GLOBAL_UNIT_ASSIGNED_CONTEXT ( ( #12341, #477, #11359 ) ) REPRESENTATION_CONTEXT ( 'NONE', 'WORKASPACE' ) );
#5940 = CARTESIAN_POINT ( 'NONE',  ( 10.15999999999999481, 0.5080000000000000071, 0.7528818102449925664 ) ) ;
#5941 = VECTOR ( 'NONE', #614, 1000.000000000000000 ) ;
#5942 = CARTESIAN_POINT ( 'NONE',  ( -17.78000000000000469, 3.110602869834277161E-16, -1.270000000000001128 ) ) ;
#5943 = EDGE_LOOP ( 'NONE', ( #7450, #2712, #3327, #2473 ) ) ;
#5944 = CARTESIAN_POINT ( 'NONE',  ( 27.05099999999999838, 7.239000000000000767, 0.3809999999999962861 ) ) ;
#5945 = ORIENTED_EDGE ( 'NONE', *, *, #6968, .F. ) ;
#5946 = LINE ( 'NONE', #5811, #9887 ) ;
#5947 = EDGE_CURVE ( 'NONE', #5767, #11362, #6465, .T. ) ;
#5948 = LINE ( 'NONE', #1833, #10485 ) ;
#5949 =( GEOMETRIC_REPRESENTATION_CONTEXT ( 3 ) GLOBAL_UNCERTAINTY_ASSIGNED_CONTEXT ( ( #8517 ) ) GLOBAL_UNIT_ASSIGNED_CONTEXT ( ( #12307, #1229, #10206 ) ) REPRESENTATION_CONTEXT ( 'NONE', 'WORKASPACE' ) );
#5950 = ORIENTED_EDGE ( 'NONE', *, *, #12475, .T. ) ;
#5951 = VECTOR ( 'NONE', #9235, 1000.000000000000114 ) ;
#5952 = ADVANCED_FACE ( 'NONE', ( #3258 ), #10409, .F. ) ;
#5953 = CARTESIAN_POINT ( 'NONE',  ( 9.270999999999993690, 7.239000000000000767, -0.3810000000000025033 ) ) ;
#5954 = ORIENTED_EDGE ( 'NONE', *, *, #11767, .F. ) ;
#5955 = CARTESIAN_POINT ( 'NONE',  ( -15.24000000000000554, -1.925929944387235853E-31, 0.8889999999999991243 ) ) ;
#5956 = PRODUCT_DEFINITION_FORMATION_WITH_SPECIFIED_SOURCE ( 'ANY', '', #9615, .NOT_KNOWN. ) ;
#5957 = LINE ( 'NONE', #7912, #12344 ) ;
#5958 = DIRECTION ( 'NONE',  ( 0.000000000000000000, -2.449293598294710852E-16, 1.000000000000000000 ) ) ;
#5959 = DIRECTION ( 'NONE',  ( 1.000000000000000000, 0.000000000000000000, -0.000000000000000000 ) ) ;
#5960 = LINE ( 'NONE', #8104, #320 ) ;
#5961 = FACE_OUTER_BOUND ( 'NONE', #11762, .T. ) ;
#5962 = DIRECTION ( 'NONE',  ( 0.000000000000000000, 2.548365665731588345E-16, -1.000000000000000000 ) ) ;
#5963 = PLANE ( 'NONE',  #3774 ) ;
#5964 = EDGE_CURVE ( 'NONE', #5116, #690, #10283, .T. ) ;
#5965 = CARTESIAN_POINT ( 'NONE',  ( -7.620000000000005436, 8.509000000000000341, -1.270000000000001128 ) ) ;
#5966 = CARTESIAN_POINT ( 'NONE',  ( 1.142999999999998240, 7.810500000000000220, -0.1270000000000020557 ) ) ;
#5967 = ORIENTED_EDGE ( 'NONE', *, *, #6643, .F. ) ;
#5968 = LINE ( 'NONE', #951, #8007 ) ;
#5969 = VECTOR ( 'NONE', #7678, 1000.000000000000000 ) ;
#5970 = DIRECTION ( 'NONE',  ( 0.000000000000000000, 1.000000000000000000, 0.000000000000000000 ) ) ;
#5971 = EDGE_CURVE ( 'NONE', #6730, #10810, #9442, .T. ) ;
#5972 = VERTEX_POINT ( 'NONE', #12310 ) ;
#5973 = EDGE_CURVE ( 'NONE', #3697, #6885, #2273, .T. ) ;
#5974 = LINE ( 'NONE', #2901, #3998 ) ;
#5975 = ORIENTED_EDGE ( 'NONE', *, *, #1260, .T. ) ;
#5976 = CARTESIAN_POINT ( 'NONE',  ( -20.32000000000000384, 0.000000000000000000, 1.269999999999998908 ) ) ;
#5977 = DIRECTION ( 'NONE',  ( -0.000000000000000000, 1.000000000000000000, 1.733406087350420004E-16 ) ) ;
#5978 = LINE ( 'NONE', #9938, #10472 ) ;
#5979 = DIRECTION ( 'NONE',  ( 1.000000000000000000, 0.000000000000000000, -0.000000000000000000 ) ) ;
#5980 = ADVANCED_FACE ( 'NONE', ( #526 ), #6258, .F. ) ;
#5981 = LINE ( 'NONE', #1018, #5164 ) ;
#5982 = EDGE_LOOP ( 'NONE', ( #1860, #11611, #11009, #9731 ) ) ;
#5983 = VECTOR ( 'NONE', #11239, 1000.000000000000114 ) ;
#5984 = VECTOR ( 'NONE', #1268, 1000.000000000000114 ) ;
#5985 = CARTESIAN_POINT ( 'NONE',  ( -26.79700000000000415, 7.810500000000000220, -0.1270000000000020557 ) ) ;
#5986 = ORIENTED_EDGE ( 'NONE', *, *, #6187, .T. ) ;
#5987 = DIRECTION ( 'NONE',  ( -0.000000000000000000, -0.7071067811865482389, -0.7071067811865469066 ) ) ;
#5988 = APPLICATION_PROTOCOL_DEFINITION ( 'draft international standard', 'automotive_design', 1998, #6599 ) ;
#5989 = ORIENTED_EDGE ( 'NONE', *, *, #6353, .F. ) ;
#5990 = DIRECTION ( 'NONE',  ( 0.000000000000000000, 0.9659258262890699775, 0.2588190451025145222 ) ) ;
#5991 = FACE_OUTER_BOUND ( 'NONE', #6259, .T. ) ;
#5992 = PLANE ( 'NONE',  #11972 ) ;
#5993 = VERTEX_POINT ( 'NONE', #5348 ) ;
#5994 = VERTEX_POINT ( 'NONE', #2411 ) ;
#5995 = ORIENTED_EDGE ( 'NONE', *, *, #6464, .T. ) ;
#5996 = EDGE_CURVE ( 'NONE', #32, #10516, #4507, .T. ) ;
#5997 = DIRECTION ( 'NONE',  ( 0.000000000000000000, 0.000000000000000000, -1.000000000000000000 ) ) ;
#5998 = FACE_OUTER_BOUND ( 'NONE', #6949, .T. ) ;
#5999 = DIRECTION ( 'NONE',  ( 1.000000000000000000, 0.000000000000000000, 0.000000000000000000 ) ) ;
#6000 = VERTEX_POINT ( 'NONE', #5282 ) ;
#6001 = DIRECTION ( 'NONE',  ( 0.000000000000000000, -1.000000000000000000, -2.548365665731588345E-16 ) ) ;
#6002 = LINE ( 'NONE', #195, #8968 ) ;
#6003 = ORIENTED_EDGE ( 'NONE', *, *, #2082, .T. ) ;
#6004 = LINE ( 'NONE', #11997, #4685 ) ;
#6005 = ORIENTED_EDGE ( 'NONE', *, *, #9249, .F. ) ;
#6006 = DIRECTION ( 'NONE',  ( 0.5773502691896252870, -0.5773502691896251759, -0.5773502691896267303 ) ) ;
#6007 = UNCERTAINTY_MEASURE_WITH_UNIT (LENGTH_MEASURE( 1.000000000000000082E-05 ), #3253, 'distance_accuracy_value', 'NONE');
#6008 = LINE ( 'NONE', #5085, #9506 ) ;
#6009 = DIRECTION ( 'NONE',  ( 0.7071067811865475727, -0.7071067811865475727, 0.000000000000000000 ) ) ;
#6010 = ORIENTED_EDGE ( 'NONE', *, *, #9249, .T. ) ;
#6011 = EDGE_CURVE ( 'NONE', #11879, #4974, #9377, .T. ) ;
#6012 = DIRECTION ( 'NONE',  ( 0.000000000000000000, 0.000000000000000000, -1.000000000000000000 ) ) ;
#6013 = ORIENTED_EDGE ( 'NONE', *, *, #3009, .T. ) ;
#6014 = CARTESIAN_POINT ( 'NONE',  ( 7.619999999999994778, 8.509000000000000341, -0.8255000000000036753 ) ) ;
#6015 = EDGE_CURVE ( 'NONE', #1985, #1297, #5404, .T. ) ;
#6016 = PLANE ( 'NONE',  #1934 ) ;
#6017 = DIRECTION ( 'NONE',  ( -1.000000000000000000, 0.000000000000000000, -0.000000000000000000 ) ) ;
#6018 = CARTESIAN_POINT ( 'NONE',  ( 22.86000000000000298, 7.239000000000000767, -2.201425730935033664E-16 ) ) ;
#6019 = CARTESIAN_POINT ( 'NONE',  ( -18.66900000000000404, 7.239000000000000767, -0.3810000000000025033 ) ) ;
#6020 = LINE ( 'NONE', #12014, #9596 ) ;
#6021 = VERTEX_POINT ( 'NONE', #4432 ) ;
#6022 = LINE ( 'NONE', #2095, #4758 ) ;
#6023 = DIRECTION ( 'NONE',  ( 0.000000000000000000, -5.054934237236841843E-31, -1.000000000000000000 ) ) ;
#6024 = ADVANCED_FACE ( 'NONE', ( #8469 ), #11327, .T. ) ;
#6025 = CARTESIAN_POINT ( 'NONE',  ( -26.28900000000000858, 7.239000000000000767, 0.3809999999999962861 ) ) ;
#6026 = DIRECTION ( 'NONE',  ( 0.000000000000000000, -1.000000000000000000, 0.000000000000000000 ) ) ;
#6027 = SURFACE_STYLE_FILL_AREA ( #7021 ) ;
#6028 = ORIENTED_EDGE ( 'NONE', *, *, #6787, .F. ) ;
#6029 = DIRECTION ( 'NONE',  ( 0.000000000000000000, 0.000000000000000000, -1.000000000000000000 ) ) ;
#6030 = ORIENTED_EDGE ( 'NONE', *, *, #4726, .T. ) ;
#6031 = DIRECTION ( 'NONE',  ( 0.000000000000000000, 0.9659258262890699775, 0.2588190451025145222 ) ) ;
#6032 = LINE ( 'NONE', #6099, #4258 ) ;
#6033 = LINE ( 'NONE', #167, #3405 ) ;
#6034 = CARTESIAN_POINT ( 'NONE',  ( 12.69999999999999574, 8.509000000000000341, -0.8255000000000036753 ) ) ;
#6035 = LINE ( 'NONE', #6102, #11592 ) ;
#6036 = ORIENTED_EDGE ( 'NONE', *, *, #325, .T. ) ;
#6037 = CARTESIAN_POINT ( 'NONE',  ( -15.24000000000000554, 3.110602869834277161E-16, -1.270000000000001128 ) ) ;
#6038 = ORIENTED_EDGE ( 'NONE', *, *, #4849, .F. ) ;
#6039 = DIRECTION ( 'NONE',  ( -1.000000000000000000, -0.000000000000000000, -0.000000000000000000 ) ) ;
#6040 = ADVANCED_FACE ( 'NONE', ( #12448 ), #12380, .F. ) ;
#6041 = ITEM_DEFINED_TRANSFORMATION ( 'NONE', 'NONE', #337,  #1564 ) ;
#6042 = EDGE_LOOP ( 'NONE', ( #8866, #1366, #2708, #910 ) ) ;
#6043 = FACE_OUTER_BOUND ( 'NONE', #4223, .T. ) ;
#6044 = DIRECTION ( 'NONE',  ( -0.000000000000000000, -0.7071067811865482389, -0.7071067811865469066 ) ) ;
#6045 = CARTESIAN_POINT ( 'NONE',  ( -0.1961031209927693308, -3.200400000000000134, 0.2032000000000001583 ) ) ;
#6046 = COLOUR_RGB ( '',0.2509803921568627416, 0.2509803921568627416, 0.2509803921568627416 ) ;
#6047 = VERTEX_POINT ( 'NONE', #11454 ) ;
#6048 = SURFACE_STYLE_USAGE ( .BOTH. , #11980 ) ;
#6049 = EDGE_LOOP ( 'NONE', ( #831, #11959, #8186, #8151 ) ) ;
#6050 = EDGE_CURVE ( 'NONE', #5549, #7896, #5541, .T. ) ;
#6051 = EDGE_LOOP ( 'NONE', ( #4948, #1359, #5142, #5471, #8434, #9362, #4968, #11432 ) ) ;
#6052 = EDGE_CURVE ( 'NONE', #6584, #3357, #591, .T. ) ;
#6053 = ADVANCED_FACE ( 'NONE', ( #12573 ), #2671, .F. ) ;
#6054 = MANIFOLD_SOLID_BREP ( 'LPattern1[1]', #4358 ) ;
#6055 = ORIENTED_EDGE ( 'NONE', *, *, #5764, .F. ) ;
#6056 = STYLED_ITEM ( 'NONE', ( #11920 ), #6590 ) ;
#6057 = CARTESIAN_POINT ( 'NONE',  ( 17.33549999999999613, 8.509000000000000341, -0.8255000000000036753 ) ) ;
#6058 = LINE ( 'NONE', #10877, #9892 ) ;
#6059 = CARTESIAN_POINT ( 'NONE',  ( -23.74900000000000588, 7.239000000000000767, 0.3809999999999962861 ) ) ;
#6060 = EDGE_CURVE ( 'NONE', #7858, #7577, #786, .T. ) ;
#6061 = DIRECTION ( 'NONE',  ( 0.000000000000000000, -0.9659258262890699775, -0.2588190451025145222 ) ) ;
#6063 = ADVANCED_FACE ( 'NONE', ( #10673 ), #5600, .F. ) ;
#6062 = EDGE_LOOP ( 'NONE', ( #1154, #2081, #1563, #12837 ) ) ;
#6064 = VECTOR ( 'NONE', #8574, 1000.000000000000000 ) ;
#6065 = DIRECTION ( 'NONE',  ( -1.000000000000000000, -0.000000000000000000, -0.000000000000000000 ) ) ;
#6066 = LINE ( 'NONE', #5075, #8383 ) ;
#6067 = DIRECTION ( 'NONE',  ( 0.000000000000000000, 0.000000000000000000, -1.000000000000000000 ) ) ;
#6068 = VERTEX_POINT ( 'NONE', #10806 ) ;
#6069 = ADVANCED_FACE ( 'NONE', ( #4635 ), #839, .F. ) ;
#6070 = PLANE ( 'NONE',  #7380 ) ;
#6071 = VECTOR ( 'NONE', #7209, 1000.000000000000000 ) ;
#6072 = ORIENTED_EDGE ( 'NONE', *, *, #12615, .T. ) ;
#6073 = CARTESIAN_POINT ( 'NONE',  ( -2.540000000000004032, -1.925929944387235853E-31, 0.8889999999999991243 ) ) ;
#6074 = EDGE_LOOP ( 'NONE', ( #10758, #9850, #11219, #3803 ) ) ;
#6075 = AXIS2_PLACEMENT_3D ( 'NONE', #6462, #7494, #10406 ) ;
#6076 = FACE_OUTER_BOUND ( 'NONE', #9106, .T. ) ;
#6077 = ORIENTED_EDGE ( 'NONE', *, *, #8622, .F. ) ;
#6078 = CARTESIAN_POINT ( 'NONE',  ( 8.064499999999995339, 8.509000000000000341, -1.270000000000001128 ) ) ;
#6079 = DIRECTION ( 'NONE',  ( 0.000000000000000000, 0.000000000000000000, -1.000000000000000000 ) ) ;
#6080 = ADVANCED_FACE ( 'NONE', ( #5730 ), #6713, .F. ) ;
#6081 = CARTESIAN_POINT ( 'NONE',  ( 25.39999999999999858, 8.509000000000000341, -0.8255000000000036753 ) ) ;
#6082 = FACE_OUTER_BOUND ( 'NONE', #5609, .T. ) ;
#6083 = DIRECTION ( 'NONE',  ( 0.000000000000000000, 0.000000000000000000, -1.000000000000000000 ) ) ;
#6084 = FACE_OUTER_BOUND ( 'NONE', #6900, .T. ) ;
#6085 = VERTEX_POINT ( 'NONE', #10609 ) ;
#6086 = CARTESIAN_POINT ( 'NONE',  ( -20.76450000000000529, 8.509000000000000341, -1.270000000000001128 ) ) ;
#6087 = DIRECTION ( 'NONE',  ( 0.000000000000000000, 1.733406087350420004E-16, -1.000000000000000000 ) ) ;
#6088 = VECTOR ( 'NONE', #3421, 1000.000000000000000 ) ;
#6089 = VECTOR ( 'NONE', #7520, 999.9999999999998863 ) ;
#6090 = LINE ( 'NONE', #5965, #3055 ) ;
#6091 = FACE_OUTER_BOUND ( 'NONE', #300, .T. ) ;
#6092 = CARTESIAN_POINT ( 'NONE',  ( 12.69999999999999574, 0.5080000000000002292, -0.7528818102449945648 ) ) ;
#6093 = CARTESIAN_POINT ( 'NONE',  ( 10.15999999999999481, 0.000000000000000000, 1.269999999999998908 ) ) ;
#6094 = ORIENTED_EDGE ( 'NONE', *, *, #3507, .T. ) ;
#6095 = VECTOR ( 'NONE', #10455, 1000.000000000000000 ) ;
#6096 = CARTESIAN_POINT ( 'NONE',  ( 8.508999999999995012, 7.239000000000000767, 0.3809999999999962861 ) ) ;
#6097 = EDGE_CURVE ( 'NONE', #4861, #1856, #12758, .T. ) ;
#6098 = DIRECTION ( 'NONE',  ( -1.000000000000000000, 0.000000000000000000, -0.000000000000000000 ) ) ;
#6099 = CARTESIAN_POINT ( 'NONE',  ( -3.469446951953614189E-15, 0.5080000000000002292, -0.7528818102449945648 ) ) ;
#6100 = CARTESIAN_POINT ( 'NONE',  ( 18.92299999999999827, 7.810500000000000220, -0.1270000000000020557 ) ) ;
#6101 = CARTESIAN_POINT ( 'NONE',  ( -4.191000000000003389, 8.064500000000000668, 0.3809999999999964526 ) ) ;
#6102 = CARTESIAN_POINT ( 'NONE',  ( 16.63699999999999690, 7.810500000000001108, 0.1269999999999965878 ) ) ;
#6103 = DIRECTION ( 'NONE',  ( -0.000000000000000000, -0.7071067811865482389, -0.7071067811865469066 ) ) ;
#6104 = ORIENTED_EDGE ( 'NONE', *, *, #8311, .F. ) ;
#6105 = CARTESIAN_POINT ( 'NONE',  ( 22.85999999999999943, 0.5080000000000002292, -0.7528818102449945648 ) ) ;
#6106 = VECTOR ( 'NONE', #10438, 1000.000000000000000 ) ;
#6107 = ADVANCED_FACE ( 'NONE', ( #1679 ), #7557, .F. ) ;
#6108 = PRESENTATION_STYLE_ASSIGNMENT (( #10861 ) ) ;
#6109 = ORIENTED_EDGE ( 'NONE', *, *, #10311, .F. ) ;
#6110 = DIRECTION ( 'NONE',  ( 0.000000000000000000, 1.000000000000000000, 0.000000000000000000 ) ) ;
#6111 = CONTEXT_DEPENDENT_SHAPE_REPRESENTATION ( #8491, #4952 ) ;
#6112 = ORIENTED_EDGE ( 'NONE', *, *, #34, .F. ) ;
#6113 = LINE ( 'NONE', #3049, #7331 ) ;
#6114 = VECTOR ( 'NONE', #8418, 1000.000000000000000 ) ;
#6115 = PLANE ( 'NONE',  #11152 ) ;
#6116 = DIRECTION ( 'NONE',  ( 1.000000000000000000, 0.000000000000000000, 0.000000000000000000 ) ) ;
#6117 = ORIENTED_EDGE ( 'NONE', *, *, #4469, .T. ) ;
#6118 = EDGE_CURVE ( 'NONE', #10213, #10720, #9706, .T. ) ;
#6119 = ORIENTED_EDGE ( 'NONE', *, *, #3613, .T. ) ;
#6120 = AXIS2_PLACEMENT_3D ( 'NONE', #11780, #709, #11709 ) ;
#6121 = CARTESIAN_POINT ( 'NONE',  ( -4.191000000000003389, 7.239000000000000767, 0.3809999999999962861 ) ) ;
#6122 = CARTESIAN_POINT ( 'NONE',  ( -27.05100000000000549, 8.064500000000000668, 0.3809999999999964526 ) ) ;
#6123 = LINE ( 'NONE', #5346, #1272 ) ;
#6124 = PLANE ( 'NONE',  #7604 ) ;
#6125 = ORIENTED_EDGE ( 'NONE', *, *, #725, .T. ) ;
#6126 = EDGE_CURVE ( 'NONE', #8332, #7781, #9577, .T. ) ;
#6127 = EDGE_CURVE ( 'NONE', #10157, #2949, #717, .T. ) ;
#6128 = LINE ( 'NONE', #3915, #43 ) ;
#6129 = VECTOR ( 'NONE', #7391, 1000.000000000000000 ) ;
#6130 = VECTOR ( 'NONE', #12346, 1000.000000000000000 ) ;
#6131 = CARTESIAN_POINT ( 'NONE',  ( -12.70000000000000462, 3.110602869834277161E-16, -1.270000000000001128 ) ) ;
#6132 = ORIENTED_EDGE ( 'NONE', *, *, #4869, .T. ) ;
#6133 = AXIS2_PLACEMENT_3D ( 'NONE', #7735, #3751, #2786 ) ;
#6134 =( NAMED_UNIT ( * ) PLANE_ANGLE_UNIT ( ) SI_UNIT ( $, .RADIAN. ) );
#6135 = ADVANCED_FACE ( 'NONE', ( #2795 ), #2860, .F. ) ;
#6136 = ORIENTED_EDGE ( 'NONE', *, *, #1893, .T. ) ;
#6137 = ORIENTED_EDGE ( 'NONE', *, *, #2513, .F. ) ;
#6138 = CARTESIAN_POINT ( 'NONE',  ( 10.15999999999999481, 2.177422008883992879E-16, -0.8890000000000013447 ) ) ;
#6139 = LINE ( 'NONE', #2150, #9870 ) ;
#6140 = VERTEX_POINT ( 'NONE', #11056 ) ;
#6141 = COLOUR_RGB ( '',0.2509803921568627416, 0.2509803921568627416, 0.2509803921568627416 ) ;
#6142 = AXIS2_PLACEMENT_3D ( 'NONE', #7157, #4934, #11109 ) ;
#6143 = MECHANICAL_DESIGN_GEOMETRIC_PRESENTATION_REPRESENTATION (  '', ( #1545 ), #12183 ) ;
#6144 = MANIFOLD_SOLID_BREP ( 'LPattern1[6]', #822 ) ;
#6145 =( GEOMETRIC_REPRESENTATION_CONTEXT ( 3 ) GLOBAL_UNCERTAINTY_ASSIGNED_CONTEXT ( ( #6458 ) ) GLOBAL_UNIT_ASSIGNED_CONTEXT ( ( #4279, #4406, #9228 ) ) REPRESENTATION_CONTEXT ( 'NONE', 'WORKASPACE' ) );
#6146 = DIRECTION ( 'NONE',  ( 0.000000000000000000, 0.2588190451025140781, 0.9659258262890700886 ) ) ;
#6147 = ORIENTED_EDGE ( 'NONE', *, *, #2460, .T. ) ;
#6148 = DIRECTION ( 'NONE',  ( -0.000000000000000000, -0.7071067811865482389, -0.7071067811865469066 ) ) ;
#6149 = LINE ( 'NONE', #208, #7773 ) ;
#6150 = CARTESIAN_POINT ( 'NONE',  ( -2.095500000000003471, 8.509000000000000341, -1.270000000000001128 ) ) ;
#6151 = DIRECTION ( 'NONE',  ( 0.000000000000000000, 0.000000000000000000, -1.000000000000000000 ) ) ;
#6152 = LINE ( 'NONE', #1968, #12796 ) ;
#6153 = CARTESIAN_POINT ( 'NONE',  ( 22.85999999999999943, 0.000000000000000000, 0.000000000000000000 ) ) ;
#6154 = ORIENTED_EDGE ( 'NONE', *, *, #4365, .T. ) ;
#6155 = DIRECTION ( 'NONE',  ( 0.000000000000000000, -0.000000000000000000, -1.000000000000000000 ) ) ;
#6156 = AXIS2_PLACEMENT_3D ( 'NONE', #478, #1514, #4463 ) ;
#6157 = DIRECTION ( 'NONE',  ( 0.000000000000000000, 0.000000000000000000, -1.000000000000000000 ) ) ;
#6158 = PLANE ( 'NONE',  #7528 ) ;
#6159 = VECTOR ( 'NONE', #3968, 1000.000000000000000 ) ;
#6160 = AXIS2_PLACEMENT_3D ( 'NONE', #8549, #7581, #3719 ) ;
#6161 = LINE ( 'NONE', #5307, #3068 ) ;
#6162 = LINE ( 'NONE', #8829, #3641 ) ;
#6163 = ADVANCED_FACE ( 'NONE', ( #7945 ), #11910, .F. ) ;
#6164 = DIRECTION ( 'NONE',  ( 0.000000000000000000, -2.449293598294710852E-16, 1.000000000000000000 ) ) ;
#6165 = ORIENTED_EDGE ( 'NONE', *, *, #10499, .T. ) ;
#6166 = AXIS2_PLACEMENT_3D ( 'NONE', #11522, #12693, #710 ) ;
#6167 = VECTOR ( 'NONE', #11978, 1000.000000000000000 ) ;
#6168 = LINE ( 'NONE', #1013, #8375 ) ;
#6169 = ORIENTED_EDGE ( 'NONE', *, *, #219, .F. ) ;
#6170 = CARTESIAN_POINT ( 'NONE',  ( -25.40000000000000568, 8.509000000000000341, 0.8254999999999981242 ) ) ;
#6171 = FACE_OUTER_BOUND ( 'NONE', #2667, .T. ) ;
#6172 = LINE ( 'NONE', #11176, #3383 ) ;
#6173 = PLANE ( 'NONE',  #7165 ) ;
#6174 = DIRECTION ( 'NONE',  ( -1.000000000000000000, 0.000000000000000000, 0.000000000000000000 ) ) ;
#6175 = LINE ( 'NONE', #5126, #5877 ) ;
#6176 = ORIENTED_EDGE ( 'NONE', *, *, #6986, .F. ) ;
#6177 = DIRECTION ( 'NONE',  ( 0.000000000000000000, 0.000000000000000000, 1.000000000000000000 ) ) ;
#6178 = EDGE_CURVE ( 'NONE', #3694, #5790, #5924, .T. ) ;
#6179 = CARTESIAN_POINT ( 'NONE',  ( -22.86000000000000654, 8.509000000000000341, -0.8255000000000036753 ) ) ;
#6180 = VERTEX_POINT ( 'NONE', #4954 ) ;
#6181 = CARTESIAN_POINT ( 'NONE',  ( 16.12899999999999778, 7.239000000000000767, -0.3810000000000025033 ) ) ;
#6182 = CONTEXT_DEPENDENT_SHAPE_REPRESENTATION ( #10991, #2421 ) ;
#6183 = ORIENTED_EDGE ( 'NONE', *, *, #5218, .F. ) ;
#6184 = DIRECTION ( 'NONE',  ( 0.000000000000000000, 5.054934237236841843E-31, 1.000000000000000000 ) ) ;
#6185 = CARTESIAN_POINT ( 'NONE',  ( 7.619999999999994778, 3.110602869834277161E-16, -1.270000000000001128 ) ) ;
#6186 = DIRECTION ( 'NONE',  ( -0.000000000000000000, 1.000000000000000000, 1.733406087350420004E-16 ) ) ;
#6187 = EDGE_CURVE ( 'NONE', #11467, #1528, #2983, .T. ) ;
#6188 = EDGE_LOOP ( 'NONE', ( #8295, #3941, #7103, #1112 ) ) ;
#6189 = VERTEX_POINT ( 'NONE', #9042 ) ;
#6190 = ADVANCED_FACE ( 'NONE', ( #10008 ), #6977, .F. ) ;
#6191 = EDGE_LOOP ( 'NONE', ( #1742, #3245, #2484, #7498 ) ) ;
#6192 = AXIS2_PLACEMENT_3D ( 'NONE', #9209, #10312, #10236 ) ;
#6193 = FACE_OUTER_BOUND ( 'NONE', #4134, .T. ) ;
#6194 = DIRECTION ( 'NONE',  ( -1.000000000000000000, 0.000000000000000000, 0.000000000000000000 ) ) ;
#6195 = LINE ( 'NONE', #12187, #10842 ) ;
#6196 = PLANE ( 'NONE',  #8856 ) ;
#6197 = PLANE ( 'NONE',  #4620 ) ;
#6198 = ORIENTED_EDGE ( 'NONE', *, *, #8547, .F. ) ;
#6199 = VECTOR ( 'NONE', #1521, 1000.000000000000000 ) ;
#6200 = ORIENTED_EDGE ( 'NONE', *, *, #10871, .T. ) ;
#6201 = VERTEX_POINT ( 'NONE', #7886 ) ;
#6202 = EDGE_CURVE ( 'NONE', #8991, #7558, #7048, .T. ) ;
#6203 = LINE ( 'NONE', #5219, #1959 ) ;
#6204 = EDGE_CURVE ( 'NONE', #1600, #32, #11001, .T. ) ;
#6205 = ORIENTED_EDGE ( 'NONE', *, *, #2471, .T. ) ;
#6206 = ORIENTED_EDGE ( 'NONE', *, *, #9227, .T. ) ;
#6207 = MANIFOLD_SOLID_BREP ( 'LPattern1[7]', #6427 ) ;
#6208 = EDGE_CURVE ( 'NONE', #7916, #11660, #7241, .T. ) ;
#6209 = DIRECTION ( 'NONE',  ( -0.7071067811865475727, -0.7071067811865475727, 0.000000000000000000 ) ) ;
#6210 = ORIENTED_EDGE ( 'NONE', *, *, #4405, .F. ) ;
#6211 = LINE ( 'NONE', #2944, #9411 ) ;
#6212 = DIRECTION ( 'NONE',  ( 0.000000000000000000, 0.000000000000000000, -1.000000000000000000 ) ) ;
#6213 = DIRECTION ( 'NONE',  ( 0.000000000000000000, 1.440069553722777130E-16, -1.000000000000000000 ) ) ;
#6214 = DIRECTION ( 'NONE',  ( -0.000000000000000000, 1.000000000000000000, 1.733406087350420004E-16 ) ) ;
#6215 = LINE ( 'NONE', #11349, #10338 ) ;
#6216 = DIRECTION ( 'NONE',  ( 0.000000000000000000, 0.9659258262890700886, -0.2588190451025140781 ) ) ;
#6217 = ORIENTED_EDGE ( 'NONE', *, *, #4827, .F. ) ;
#6218 = CARTESIAN_POINT ( 'NONE',  ( 25.39999999999999858, 0.000000000000000000, 0.000000000000000000 ) ) ;
#6219 = LINE ( 'NONE', #5366, #4423 ) ;
#6220 = FILL_AREA_STYLE ('',( #1939 ) ) ;
#6221 = LINE ( 'NONE', #4458, #6129 ) ;
#6222 = EDGE_CURVE ( 'NONE', #1686, #1872, #4098, .T. ) ;
#6223 = ORIENTED_EDGE ( 'NONE', *, *, #8137, .F. ) ;
#6224 = ADVANCED_FACE ( 'NONE', ( #6248, #3309 ), #11194, .F. ) ;
#6225 = CARTESIAN_POINT ( 'NONE',  ( -17.78000000000000469, 0.000000000000000000, 1.269999999999998908 ) ) ;
#6226 = ADVANCED_FACE ( 'NONE', ( #8393 ), #10199, .F. ) ;
#6227 = PLANE ( 'NONE',  #1354 ) ;
#6228 = ORIENTED_EDGE ( 'NONE', *, *, #9556, .F. ) ;
#6229 = CARTESIAN_POINT ( 'NONE',  ( -25.40000000000000568, 2.177422008883992879E-16, -0.8890000000000013447 ) ) ;
#6230 = CARTESIAN_POINT ( 'NONE',  ( 21.20899999999999963, 8.064500000000000668, 0.3809999999999962861 ) ) ;
#6231 = MANIFOLD_SOLID_BREP ( 'LPattern1[14]', #7888 ) ;
#6232 = CARTESIAN_POINT ( 'NONE',  ( -23.30450000000000443, 8.509000000000000341, -0.8255000000000036753 ) ) ;
#6233 = CARTESIAN_POINT ( 'NONE',  ( 5.079999999999993854, -1.925929944387235853E-31, 0.8889999999999991243 ) ) ;
#6234 = LINE ( 'NONE', #10248, #3718 ) ;
#6235 = DIRECTION ( 'NONE',  ( -0.5773502691896252870, -0.5773502691896251759, -0.5773502691896267303 ) ) ;
#6236 = CARTESIAN_POINT ( 'NONE',  ( 16.12899999999999778, 8.064500000000000668, 0.3809999999999962861 ) ) ;
#6237 = EDGE_LOOP ( 'NONE', ( #5911, #10160, #12800, #968 ) ) ;
#6238 = DIRECTION ( 'NONE',  ( 0.000000000000000000, 0.9659258262890700886, -0.2588190451025140781 ) ) ;
#6239 = FILL_AREA_STYLE_COLOUR ( '', #7201 ) ;
#6240 = VERTEX_POINT ( 'NONE', #4290 ) ;
#6241 = CARTESIAN_POINT ( 'NONE',  ( -28.19400000000000617, 2.177422008883992879E-16, -0.8890000000000013447 ) ) ;
#6242 = ITEM_DEFINED_TRANSFORMATION ( 'NONE', 'NONE', #5537,  #1564 ) ;
#6243 = EDGE_LOOP ( 'NONE', ( #2198, #3176, #2550, #4393 ) ) ;
#6244 = CARTESIAN_POINT ( 'NONE',  ( -14.35100000000000442, 7.239000000000000767, 0.3809999999999962861 ) ) ;
#6245 = CARTESIAN_POINT ( 'NONE',  ( -20.32000000000000384, -1.925929944387235853E-31, 0.8889999999999991243 ) ) ;
#6246 = DIRECTION ( 'NONE',  ( -0.000000000000000000, 1.000000000000000000, 2.449293598294710852E-16 ) ) ;
#6247 = VERTEX_POINT ( 'NONE', #10398 ) ;
#6248 = FACE_BOUND ( 'NONE', #928, .T. ) ;
#6249 = VERTEX_POINT ( 'NONE', #5270 ) ;
#6250 = EDGE_CURVE ( 'NONE', #1236, #5861, #1351, .T. ) ;
#6251 = DIRECTION ( 'NONE',  ( 0.000000000000000000, 2.548365665731588345E-16, -1.000000000000000000 ) ) ;
#6252 = EDGE_CURVE ( 'NONE', #1600, #2937, #2527, .T. ) ;
#6253 = ORIENTED_EDGE ( 'NONE', *, *, #11851, .F. ) ;
#6254 = CARTESIAN_POINT ( 'NONE',  ( 27.94000000000000483, 0.000000000000000000, 1.269999999999998908 ) ) ;
#6255 = FILL_AREA_STYLE_COLOUR ( '', #9278 ) ;
#6256 = CARTESIAN_POINT ( 'NONE',  ( 21.97099999999999653, 8.064500000000000668, 0.3809999999999964526 ) ) ;
#6257 = ADVANCED_FACE ( 'NONE', ( #4356 ), #246, .F. ) ;
#6258 = PLANE ( 'NONE',  #344 ) ;
#6259 = EDGE_LOOP ( 'NONE', ( #3045, #7125, #11134, #9190 ) ) ;
#6260 = PRESENTATION_STYLE_ASSIGNMENT (( #2275 ) ) ;
#6261 = ORIENTED_EDGE ( 'NONE', *, *, #11627, .T. ) ;
#6262 = ORIENTED_EDGE ( 'NONE', *, *, #5802, .T. ) ;
#6263 = COLOUR_RGB ( '',0.2509803921568627416, 0.2509803921568627416, 0.2509803921568627416 ) ;
#6264 = EDGE_LOOP ( 'NONE', ( #1165, #6417, #11480, #3558 ) ) ;
#6265 = DIRECTION ( 'NONE',  ( 0.000000000000000000, 0.000000000000000000, -1.000000000000000000 ) ) ;
#6266 = DIRECTION ( 'NONE',  ( -0.000000000000000000, 0.000000000000000000, 1.000000000000000000 ) ) ;
#6267 = ORIENTED_EDGE ( 'NONE', *, *, #1198, .F. ) ;
#6268 = PRODUCT_DEFINITION_SHAPE ( 'NONE', 'NONE',  #12897 ) ;
#6269 = EDGE_LOOP ( 'NONE', ( #1847, #6206, #10393, #5516 ) ) ;
#6270 = FACE_OUTER_BOUND ( 'NONE', #1680, .T. ) ;
#6271 = EDGE_LOOP ( 'NONE', ( #6125, #6616, #2975, #3054, #4765, #7800, #11813, #2691 ) ) ;
#6272 = PRESENTATION_LAYER_ASSIGNMENT (  '', '', ( #6056 ) ) ;
#6273 = CARTESIAN_POINT ( 'NONE',  ( -7.620000000000005436, 8.509000000000000341, 1.270000000000001128 ) ) ;
#6274 = DIRECTION ( 'NONE',  ( 0.000000000000000000, 0.000000000000000000, -1.000000000000000000 ) ) ;
#6275 = ORIENTED_EDGE ( 'NONE', *, *, #5784, .F. ) ;
#6276 = FACE_OUTER_BOUND ( 'NONE', #1782, .T. ) ;
#6277 = CARTESIAN_POINT ( 'NONE',  ( 27.94000000000000128, 8.509000000000000341, 0.8254999999999981242 ) ) ;
#6278 = CARTESIAN_POINT ( 'NONE',  ( 25.39999999999999858, 0.5080000000000000071, 0.7528818102449925664 ) ) ;
#6279 = ORIENTED_EDGE ( 'NONE', *, *, #4285, .T. ) ;
#6280 = DIRECTION ( 'NONE',  ( 1.000000000000000000, 0.000000000000000000, -0.000000000000000000 ) ) ;
#6281 = DIRECTION ( 'NONE',  ( 1.000000000000000000, 0.000000000000000000, -0.000000000000000000 ) ) ;
#6282 = EDGE_CURVE ( 'NONE', #1306, #5576, #7428, .T. ) ;
#6283 = CARTESIAN_POINT ( 'NONE',  ( -27.05100000000000549, 8.064500000000000668, 0.3809999999999964526 ) ) ;
#6284 = DIRECTION ( 'NONE',  ( -0.000000000000000000, 1.000000000000000000, 1.733406087350420004E-16 ) ) ;
#6285 = VECTOR ( 'NONE', #7275, 1000.000000000000000 ) ;
#6286 = VECTOR ( 'NONE', #7944, 1000.000000000000000 ) ;
#6287 = ADVANCED_FACE ( 'NONE', ( #9309 ), #1475, .F. ) ;
#6288 = VECTOR ( 'NONE', #11621, 1000.000000000000000 ) ;
#6289 = CARTESIAN_POINT ( 'NONE',  ( -13.58900000000000574, 7.239000000000000767, 0.3809999999999962861 ) ) ;
#6290 = CARTESIAN_POINT ( 'NONE',  ( 10.15999999999999481, 0.5080000000000002292, -0.7528818102449945648 ) ) ;
#6291 = VERTEX_POINT ( 'NONE', #4493 ) ;
#6292 = EDGE_CURVE ( 'NONE', #3390, #2995, #8460, .T. ) ;
#6293 = EDGE_CURVE ( 'NONE', #6584, #5972, #9238, .T. ) ;
#6294 = DIRECTION ( 'NONE',  ( -0.000000000000000000, 1.000000000000000000, 2.449293598294710852E-16 ) ) ;
#6295 = ADVANCED_FACE ( 'NONE', ( #6583 ), #8708, .F. ) ;
#6296 = CARTESIAN_POINT ( 'NONE',  ( 5.968999999999994976, 8.064500000000000668, -0.3810000000000023368 ) ) ;
#6297 = CARTESIAN_POINT ( 'NONE',  ( 13.58899999999999686, 8.064500000000000668, 0.3809999999999962861 ) ) ;
#6298 = VECTOR ( 'NONE', #12620, 1000.000000000000000 ) ;
#6299 = CARTESIAN_POINT ( 'NONE',  ( 11.04899999999999594, 8.064500000000000668, -0.3810000000000023368 ) ) ;
#6300 = CARTESIAN_POINT ( 'NONE',  ( -10.16000000000000547, 8.509000000000000341, 1.270000000000001128 ) ) ;
#6301 = CARTESIAN_POINT ( 'NONE',  ( -26.28900000000000858, 7.239000000000000767, 0.3809999999999962861 ) ) ;
#6302 = ADVANCED_FACE ( 'NONE', ( #12626 ), #7731, .F. ) ;
#6303 = ORIENTED_EDGE ( 'NONE', *, *, #7965, .T. ) ;
#6304 = DIRECTION ( 'NONE',  ( 0.000000000000000000, -1.000000000000000000, -1.733406087350420004E-16 ) ) ;
#6305 = EDGE_CURVE ( 'NONE', #12869, #9710, #3690, .T. ) ;
#6306 = EDGE_CURVE ( 'NONE', #11003, #4225, #770, .T. ) ;
#6307 = CARTESIAN_POINT ( 'NONE',  ( -3.469446951953614189E-15, 8.509000000000000341, -1.270000000000001128 ) ) ;
#6308 = ORIENTED_EDGE ( 'NONE', *, *, #12484, .F. ) ;
#6309 = AXIS2_PLACEMENT_3D ( 'NONE', #9838, #5869, #4581 ) ;
#6310 = LINE ( 'NONE', #4348, #2156 ) ;
#6311 = ITEM_DEFINED_TRANSFORMATION ( 'NONE', 'NONE', #9290,  #1564 ) ;
#6312 = ORIENTED_EDGE ( 'NONE', *, *, #5764, .T. ) ;
#6313 = CARTESIAN_POINT ( 'NONE',  ( 27.94000000000000128, 7.239000000000000767, -2.201425730935033664E-16 ) ) ;
#6314 = CARTESIAN_POINT ( 'NONE',  ( 28.19400000000000617, -1.925929944387235853E-31, 0.8889999999999991243 ) ) ;
#6315 = CARTESIAN_POINT ( 'NONE',  ( -7.620000000000005436, 8.509000000000000341, -1.270000000000001128 ) ) ;
#6316 = ORIENTED_EDGE ( 'NONE', *, *, #7027, .F. ) ;
#6317 = ORIENTED_EDGE ( 'NONE', *, *, #2710, .T. ) ;
#6318 = AXIS2_PLACEMENT_3D ( 'NONE', #7660, #9608, #1654 ) ;
#6319 = VECTOR ( 'NONE', #6494, 1000.000000000000000 ) ;
#6320 = LINE ( 'NONE', #3370, #6399 ) ;
#6321 = UNCERTAINTY_MEASURE_WITH_UNIT (LENGTH_MEASURE( 1.000000000000000082E-05 ), #9467, 'distance_accuracy_value', 'NONE');
#6322 = MANIFOLD_SOLID_BREP ( 'Boss-Extrude2', #1597 ) ;
#6323 = VERTEX_POINT ( 'NONE', #6646 ) ;
#6324 = DIRECTION ( 'NONE',  ( 0.000000000000000000, -0.9659258262890699775, -0.2588190451025145222 ) ) ;
#6325 = SURFACE_STYLE_USAGE ( .BOTH. , #8281 ) ;
#6326 = VECTOR ( 'NONE', #10205, 1000.000000000000000 ) ;
#6327 = CARTESIAN_POINT ( 'NONE',  ( 12.69999999999999574, 0.5080000000000000071, 0.7528818102449925664 ) ) ;
#6328 = ADVANCED_FACE ( 'NONE', ( #6701 ), #1610, .F. ) ;
#6329 = ADVANCED_FACE ( 'NONE', ( #5525 ), #9567, .F. ) ;
#6330 = CARTESIAN_POINT ( 'NONE',  ( -25.40000000000000568, -1.925929944387235853E-31, 0.8889999999999991243 ) ) ;
#6331 = ORIENTED_EDGE ( 'NONE', *, *, #12864, .F. ) ;
#6332 = CARTESIAN_POINT ( 'NONE',  ( -12.70000000000000639, 0.000000000000000000, 1.269999999999998908 ) ) ;
#6333 = ORIENTED_EDGE ( 'NONE', *, *, #9940, .F. ) ;
#6334 = VERTEX_POINT ( 'NONE', #5711 ) ;
#6335 = VECTOR ( 'NONE', #6110, 1000.000000000000000 ) ;
#6336 = ORIENTED_EDGE ( 'NONE', *, *, #9260, .T. ) ;
#6337 =( REPRESENTATION_RELATIONSHIP ('NONE','NONE', #7825, #3815 ) REPRESENTATION_RELATIONSHIP_WITH_TRANSFORMATION ( #9888 )SHAPE_REPRESENTATION_RELATIONSHIP( ) );
#6338 = LINE ( 'NONE', #9327, #10920 ) ;
#6339 = ORIENTED_EDGE ( 'NONE', *, *, #3249, .T. ) ;
#6340 = ORIENTED_EDGE ( 'NONE', *, *, #9227, .F. ) ;
#6341 = CARTESIAN_POINT ( 'NONE',  ( -20.32000000000000384, 8.509000000000000341, -1.270000000000001128 ) ) ;
#6342 = ORIENTED_EDGE ( 'NONE', *, *, #12548, .F. ) ;
#6343 = STYLED_ITEM ( 'NONE', ( #1624 ), #2194 ) ;
#6344 = VECTOR ( 'NONE', #1177, 1000.000000000000000 ) ;
#6345 = VECTOR ( 'NONE', #2725, 1000.000000000000114 ) ;
#6346 = DIRECTION ( 'NONE',  ( 0.5773502691896252870, -0.5773502691896251759, -0.5773502691896267303 ) ) ;
#6347 = CARTESIAN_POINT ( 'NONE',  ( 21.97099999999999653, 7.239000000000000767, -0.3810000000000025033 ) ) ;
#6348 = ORIENTED_EDGE ( 'NONE', *, *, #2819, .T. ) ;
#6349 = EDGE_CURVE ( 'NONE', #3733, #5349, #3747, .T. ) ;
#6350 = DIRECTION ( 'NONE',  ( 1.000000000000000000, 0.000000000000000000, -0.000000000000000000 ) ) ;
#6351 = LINE ( 'NONE', #1504, #12480 ) ;
#6352 = LINE ( 'NONE', #10305, #9529 ) ;
#6353 = EDGE_CURVE ( 'NONE', #10188, #7933, #8648, .T. ) ;
#6354 = ORIENTED_EDGE ( 'NONE', *, *, #4579, .F. ) ;
#6355 = CARTESIAN_POINT ( 'NONE',  ( 20.31999999999999673, -1.925929944387235853E-31, 0.8889999999999991243 ) ) ;
#6356 = CARTESIAN_POINT ( 'NONE',  ( -2.540000000000004032, 8.509000000000000341, -1.270000000000001128 ) ) ;
#6357 = LINE ( 'NONE', #7146, #2866 ) ;
#6358 = AXIS2_PLACEMENT_3D ( 'NONE', #7328, #217, #3404 ) ;
#6359 = VECTOR ( 'NONE', #7135, 1000.000000000000000 ) ;
#6360 = CARTESIAN_POINT ( 'NONE',  ( -3.429000000000005155, 7.239000000000000767, -0.3810000000000025033 ) ) ;
#6361 = VECTOR ( 'NONE', #9800, 1000.000000000000000 ) ;
#6362 = EDGE_CURVE ( 'NONE', #8342, #1856, #1669, .T. ) ;
#6363 = CARTESIAN_POINT ( 'NONE',  ( 0.8889999999999974589, 7.239000000000000767, -0.3810000000000025033 ) ) ;
#6364 = PLANE ( 'NONE',  #5728 ) ;
#6365 = ORIENTED_EDGE ( 'NONE', *, *, #3982, .T. ) ;
#6366 = VECTOR ( 'NONE', #5970, 1000.000000000000000 ) ;
#6367 = DIRECTION ( 'NONE',  ( 0.000000000000000000, 2.449293598294710852E-16, -1.000000000000000000 ) ) ;
#6368 = VECTOR ( 'NONE', #7396, 1000.000000000000000 ) ;
#6369 = DIRECTION ( 'NONE',  ( 1.000000000000000000, 0.000000000000000000, -0.000000000000000000 ) ) ;
#6370 = LINE ( 'NONE', #2445, #5292 ) ;
#6371 = FACE_OUTER_BOUND ( 'NONE', #8805, .T. ) ;
#6372 = EDGE_CURVE ( 'NONE', #4572, #8459, #1538, .T. ) ;
#6373 = VECTOR ( 'NONE', #11735, 1000.000000000000000 ) ;
#6374 = DIRECTION ( 'NONE',  ( 0.000000000000000000, 1.000000000000000000, 2.548365665731588345E-16 ) ) ;
#6375 = DIRECTION ( 'NONE',  ( 0.000000000000000000, 0.000000000000000000, -1.000000000000000000 ) ) ;
#6376 = ORIENTED_EDGE ( 'NONE', *, *, #2633, .T. ) ;
#6377 = DIRECTION ( 'NONE',  ( 0.000000000000000000, 0.000000000000000000, -1.000000000000000000 ) ) ;
#6378 = ADVANCED_FACE ( 'NONE', ( #5961 ), #9925, .F. ) ;
#6379 = ORIENTED_EDGE ( 'NONE', *, *, #6467, .T. ) ;
#6380 = EDGE_CURVE ( 'NONE', #7454, #3730, #8105, .T. ) ;
#6381 = VECTOR ( 'NONE', #1410, 1000.000000000000000 ) ;
#6382 = FACE_OUTER_BOUND ( 'NONE', #9827, .T. ) ;
#6383 = ITEM_DEFINED_TRANSFORMATION ( 'NONE', 'NONE', #11157,  #1564 ) ;
#6384 = VERTEX_POINT ( 'NONE', #12072 ) ;
#6385 = DIRECTION ( 'NONE',  ( 0.000000000000000000, 1.440069553722777130E-16, -1.000000000000000000 ) ) ;
#6386 = DIRECTION ( 'NONE',  ( 0.5773502691896252870, -0.5773502691896251759, -0.5773502691896267303 ) ) ;
#6387 = DIRECTION ( 'NONE',  ( -0.000000000000000000, 1.000000000000000000, 1.733406087350420004E-16 ) ) ;
#6388 = LINE ( 'NONE', #5523, #7990 ) ;
#6389 = ORIENTED_EDGE ( 'NONE', *, *, #3796, .F. ) ;
#6390 = DIRECTION ( 'NONE',  ( 1.000000000000000000, 0.000000000000000000, 0.000000000000000000 ) ) ;
#6391 = EDGE_LOOP ( 'NONE', ( #7050, #4586, #3640, #5590 ) ) ;
#6392 = PRODUCT_DEFINITION_SHAPE ( 'NONE', 'NONE',  #12901 ) ;
#6393 = VECTOR ( 'NONE', #4354, 1000.000000000000000 ) ;
#6394 = DIRECTION ( 'NONE',  ( 0.000000000000000000, 1.733406087350420004E-16, -1.000000000000000000 ) ) ;
#6395 = ORIENTED_EDGE ( 'NONE', *, *, #1097, .F. ) ;
#6396 = LINE ( 'NONE', #12375, #2990 ) ;
#6397 = VECTOR ( 'NONE', #2477, 1000.000000000000000 ) ;
#6398 = CARTESIAN_POINT ( 'NONE',  ( -21.97100000000000364, 7.239000000000000767, -0.3810000000000025033 ) ) ;
#6399 = VECTOR ( 'NONE', #1353, 1000.000000000000000 ) ;
#6400 = EDGE_CURVE ( 'NONE', #11002, #8011, #9078, .T. ) ;
#6401 = DIRECTION ( 'NONE',  ( -0.000000000000000000, 0.000000000000000000, -1.000000000000000000 ) ) ;
#6402 = EDGE_LOOP ( 'NONE', ( #1575, #3962, #8703, #3886, #3503, #6739, #11884, #11114 ) ) ;
#6403 = DIRECTION ( 'NONE',  ( 0.000000000000000000, -0.7071067811865484609, 0.7071067811865465735 ) ) ;
#6404 = ORIENTED_EDGE ( 'NONE', *, *, #5421, .F. ) ;
#6405 = ORIENTED_EDGE ( 'NONE', *, *, #6956, .F. ) ;
#6406 = EDGE_LOOP ( 'NONE', ( #11676, #9616, #12171, #8815 ) ) ;
#6407 = VECTOR ( 'NONE', #6238, 1000.000000000000114 ) ;
#6408 = LINE ( 'NONE', #8221, #929 ) ;
#6409 = AXIS2_PLACEMENT_3D ( 'NONE', #9296, #9222, #2112 ) ;
#6410 = ORIENTED_EDGE ( 'NONE', *, *, #387, .T. ) ;
#6411 = VERTEX_POINT ( 'NONE', #9978 ) ;
#6412 = LINE ( 'NONE', #5608, #4908 ) ;
#6413 = ORIENTED_EDGE ( 'NONE', *, *, #1850, .T. ) ;
#6414 = DIRECTION ( 'NONE',  ( 0.000000000000000000, 0.000000000000000000, -1.000000000000000000 ) ) ;
#6415 = AXIS2_PLACEMENT_3D ( 'NONE', #6283, #1255, #9284 ) ;
#6416 = DIRECTION ( 'NONE',  ( 1.000000000000000000, 0.000000000000000000, 0.000000000000000000 ) ) ;
#6417 = ORIENTED_EDGE ( 'NONE', *, *, #4138, .T. ) ;
#6418 = LINE ( 'NONE', #1438, #8224 ) ;
#6419 = CARTESIAN_POINT ( 'NONE',  ( 18.66899999999999693, 8.064500000000000668, -0.3810000000000023368 ) ) ;
#6420 = DIRECTION ( 'NONE',  ( 0.000000000000000000, 0.000000000000000000, -1.000000000000000000 ) ) ;
#6421 = ORIENTED_EDGE ( 'NONE', *, *, #7648, .T. ) ;
#6422 = DIRECTION ( 'NONE',  ( -1.000000000000000000, -0.000000000000000000, -0.000000000000000000 ) ) ;
#6423 = DIRECTION ( 'NONE',  ( 0.000000000000000000, 1.440069553722777130E-16, -1.000000000000000000 ) ) ;
#6424 = EDGE_CURVE ( 'NONE', #12773, #11796, #1057, .T. ) ;
#6425 = PLANE ( 'NONE',  #6415 ) ;
#6426 = CARTESIAN_POINT ( 'NONE',  ( 25.39999999999999858, 2.177422008883992879E-16, -0.8890000000000013447 ) ) ;
#6427 = CLOSED_SHELL ( 'NONE', ( #12696, #12818, #649, #9283, #2237, #1747, #3512, #7488, #9848, #165, #7891, #29, #6587, #2079, #11548, #3671, #10257, #6505, #5130 ) ) ;
#6428 = VECTOR ( 'NONE', #4327, 1000.000000000000000 ) ;
#6429 = VECTOR ( 'NONE', #2950, 1000.000000000000000 ) ;
#6430 = FACE_OUTER_BOUND ( 'NONE', #8965, .T. ) ;
#6431 = ADVANCED_FACE ( 'NONE', ( #6084 ), #2030, .F. ) ;
#6432 = FACE_OUTER_BOUND ( 'NONE', #5342, .T. ) ;
#6433 = ORIENTED_EDGE ( 'NONE', *, *, #5620, .F. ) ;
#6434 = PLANE ( 'NONE',  #2562 ) ;
#6435 = LINE ( 'NONE', #8373, #12588 ) ;
#6436 = CARTESIAN_POINT ( 'NONE',  ( 15.23999999999999666, 0.000000000000000000, 1.269999999999998908 ) ) ;
#6437 = CARTESIAN_POINT ( 'NONE',  ( -20.32000000000000384, 0.5080000000000000071, 0.7528818102449925664 ) ) ;
#6438 = EDGE_CURVE ( 'NONE', #2585, #8470, #147, .T. ) ;
#6439 = CARTESIAN_POINT ( 'NONE',  ( 3.428999999999994497, 7.239000000000000767, -0.3810000000000025033 ) ) ;
#6440 = CARTESIAN_POINT ( 'NONE',  ( 0.3810000000000000053, 0.5079999999999997851, 0.2032000000000010465 ) ) ;
#6441 = VERTEX_POINT ( 'NONE', #5171 ) ;
#6442 = LINE ( 'NONE', #2511, #7860 ) ;
#6443 = LINE ( 'NONE', #1461, #10923 ) ;
#6444 = ORIENTED_EDGE ( 'NONE', *, *, #7939, .T. ) ;
#6445 = CLOSED_SHELL ( 'NONE', ( #10678, #9387, #7068, #153, #11795, #8489, #10534, #5854, #1862, #2756, #7967, #9627, #9935, #523, #12427, #1463, #6725, #3346, #7617 ) ) ;
#6446 = DIRECTION ( 'NONE',  ( 0.000000000000000000, 0.9659258262890699775, 0.2588190451025145222 ) ) ;
#6447 = VERTEX_POINT ( 'NONE', #5034 ) ;
#6448 = CARTESIAN_POINT ( 'NONE',  ( 27.94000000000000128, 8.509000000000000341, -0.8255000000000036753 ) ) ;
#6449 = ORIENTED_EDGE ( 'NONE', *, *, #1506, .T. ) ;
#6450 = PLANE ( 'NONE',  #327 ) ;
#6451 = FACE_OUTER_BOUND ( 'NONE', #1806, .T. ) ;
#6452 = FACE_OUTER_BOUND ( 'NONE', #7121, .T. ) ;
#6453 = DIRECTION ( 'NONE',  ( 0.000000000000000000, 1.000000000000000000, 0.000000000000000000 ) ) ;
#6454 = EDGE_LOOP ( 'NONE', ( #3591, #338, #6861, #6868 ) ) ;
#6455 = CARTESIAN_POINT ( 'NONE',  ( 17.77999999999999758, 0.5080000000000002292, -0.7528818102449945648 ) ) ;
#6456 = EDGE_LOOP ( 'NONE', ( #7502, #3052, #8476, #2536 ) ) ;
#6457 = FACE_OUTER_BOUND ( 'NONE', #11917, .T. ) ;
#6458 = UNCERTAINTY_MEASURE_WITH_UNIT (LENGTH_MEASURE( 1.000000000000000082E-05 ), #4279, 'distance_accuracy_value', 'NONE');
#6459 = EDGE_CURVE ( 'NONE', #3778, #3479, #11090, .T. ) ;
#6460 = EDGE_LOOP ( 'NONE', ( #510, #7190, #1277, #761 ) ) ;
#6461 = CARTESIAN_POINT ( 'NONE',  ( -17.78000000000000469, 2.177422008883992879E-16, -0.8890000000000013447 ) ) ;
#6462 = CARTESIAN_POINT ( 'NONE',  ( -14.35100000000000442, 8.064500000000000668, -0.3810000000000023368 ) ) ;
#6463 = ADVANCED_FACE ( 'NONE', ( #8236 ), #11027, .F. ) ;
#6464 = EDGE_CURVE ( 'NONE', #8849, #2853, #10167, .T. ) ;
#6465 = LINE ( 'NONE', #11202, #9319 ) ;
#6466 = ORIENTED_EDGE ( 'NONE', *, *, #3890, .F. ) ;
#6467 = EDGE_CURVE ( 'NONE', #11535, #9452, #6020, .T. ) ;
#6468 = LINE ( 'NONE', #2479, #10698 ) ;
#6469 = ORIENTED_EDGE ( 'NONE', *, *, #7531, .F. ) ;
#6470 = VERTEX_POINT ( 'NONE', #276 ) ;
#6471 = EDGE_LOOP ( 'NONE', ( #2345, #10180, #3149, #7178 ) ) ;
#6472 = EDGE_CURVE ( 'NONE', #2737, #9367, #10040, .T. ) ;
#6473 = ORIENTED_EDGE ( 'NONE', *, *, #85, .T. ) ;
#6474 = ADVANCED_FACE ( 'NONE', ( #212 ), #3084, .F. ) ;
#6475 = MANIFOLD_SOLID_BREP ( 'LPattern1[21]', #3708 ) ;
#6476 = LINE ( 'NONE', #10418, #2192 ) ;
#6477 = ORIENTED_EDGE ( 'NONE', *, *, #12874, .F. ) ;
#6478 = PLANE ( 'NONE',  #9632 ) ;
#6479 = DIRECTION ( 'NONE',  ( -1.000000000000000000, 0.000000000000000000, 0.000000000000000000 ) ) ;
#6480 = VERTEX_POINT ( 'NONE', #4594 ) ;
#6481 = LINE ( 'NONE', #6277, #10769 ) ;
#6482 = DIRECTION ( 'NONE',  ( 0.000000000000000000, -2.449293598294710852E-16, 1.000000000000000000 ) ) ;
#6483 = VECTOR ( 'NONE', #8592, 1000.000000000000000 ) ;
#6484 = VERTEX_POINT ( 'NONE', #3060 ) ;
#6485 = CARTESIAN_POINT ( 'NONE',  ( 7.619999999999994778, 0.5080000000000002292, -0.7528818102449945648 ) ) ;
#6486 = SURFACE_STYLE_FILL_AREA ( #2692 ) ;
#6487 = LINE ( 'NONE', #12596, #7791 ) ;
#6488 = EDGE_LOOP ( 'NONE', ( #765, #12320, #1104, #9195 ) ) ;
#6489 = CARTESIAN_POINT ( 'NONE',  ( -12.70000000000000462, 8.509000000000000341, -1.270000000000001128 ) ) ;
#6490 = VECTOR ( 'NONE', #2780, 1000.000000000000114 ) ;
#6491 = CARTESIAN_POINT ( 'NONE',  ( -22.86000000000000654, 3.110602869834277161E-16, -1.270000000000001128 ) ) ;
#6492 = ORIENTED_EDGE ( 'NONE', *, *, #8782, .T. ) ;
#6493 = EDGE_CURVE ( 'NONE', #7277, #4225, #9202, .T. ) ;
#6494 = DIRECTION ( 'NONE',  ( -1.000000000000000000, -0.000000000000000000, -0.000000000000000000 ) ) ;
#6495 = DIRECTION ( 'NONE',  ( 0.000000000000000000, 1.440069553722777130E-16, -1.000000000000000000 ) ) ;
#6496 = DIRECTION ( 'NONE',  ( 0.000000000000000000, -1.000000000000000000, 0.000000000000000000 ) ) ;
#6497 = LINE ( 'NONE', #12159, #12532 ) ;
#6498 = CARTESIAN_POINT ( 'NONE',  ( -14.35100000000000442, 8.064500000000000668, -0.3810000000000023368 ) ) ;
#6499 = DIRECTION ( 'NONE',  ( 1.000000000000000000, 0.000000000000000000, 0.000000000000000000 ) ) ;
#6500 = VERTEX_POINT ( 'NONE', #7951 ) ;
#6501 = AXIS2_PLACEMENT_3D ( 'NONE', #9512, #4633, #12509 ) ;
#6502 = PLANE ( 'NONE',  #11181 ) ;
#6503 = FILL_AREA_STYLE_COLOUR ( '', #8633 ) ;
#6504 = VERTEX_POINT ( 'NONE', #10756 ) ;
#6505 = ADVANCED_FACE ( 'NONE', ( #5998 ), #6916, .F. ) ;
#6506 = LINE ( 'NONE', #9302, #7997 ) ;
#6507 = ORIENTED_EDGE ( 'NONE', *, *, #148, .T. ) ;
#6508 = VECTOR ( 'NONE', #4074, 1000.000000000000000 ) ;
#6509 = LINE ( 'NONE', #2389, #1074 ) ;
#6510 = VERTEX_POINT ( 'NONE', #617 ) ;
#6511 = LINE ( 'NONE', #7671, #6095 ) ;
#6512 = CARTESIAN_POINT ( 'NONE',  ( -17.78000000000000469, 8.509000000000000341, -1.270000000000001128 ) ) ;
#6513 = CARTESIAN_POINT ( 'NONE',  ( -27.05100000000000549, 8.064500000000000668, -0.3810000000000023368 ) ) ;
#6514 = DIRECTION ( 'NONE',  ( 0.000000000000000000, 5.054934237236841843E-31, 1.000000000000000000 ) ) ;
#6515 = ORIENTED_EDGE ( 'NONE', *, *, #5263, .F. ) ;
#6516 = EDGE_CURVE ( 'NONE', #975, #1602, #3967, .T. ) ;
#6517 = DIRECTION ( 'NONE',  ( 1.000000000000000000, 0.000000000000000000, 0.000000000000000000 ) ) ;
#6518 = AXIS2_PLACEMENT_3D ( 'NONE', #3282, #4254, #5235 ) ;
#6519 = AXIS2_PLACEMENT_3D ( 'NONE', #8500, #12482, #11497 ) ;
#6520 = VECTOR ( 'NONE', #9774, 1000.000000000000000 ) ;
#6521 = ORIENTED_EDGE ( 'NONE', *, *, #10945, .T. ) ;
#6522 = EDGE_CURVE ( 'NONE', #1793, #8779, #4893, .T. ) ;
#6523 = CARTESIAN_POINT ( 'NONE',  ( 22.85999999999999943, 8.509000000000000341, -1.270000000000001128 ) ) ;
#6524 = DIRECTION ( 'NONE',  ( 1.000000000000000000, 0.000000000000000000, 0.000000000000000000 ) ) ;
#6525 = ORIENTED_EDGE ( 'NONE', *, *, #7414, .F. ) ;
#6526 = CARTESIAN_POINT ( 'NONE',  ( -4.191000000000003389, 8.064500000000000668, 0.3809999999999962861 ) ) ;
#6527 = VECTOR ( 'NONE', #12786, 1000.000000000000114 ) ;
#6528 = DIRECTION ( 'NONE',  ( 0.000000000000000000, 2.449293598294710852E-16, -1.000000000000000000 ) ) ;
#6529 = ORIENTED_EDGE ( 'NONE', *, *, #3494, .T. ) ;
#6530 = DIRECTION ( 'NONE',  ( 0.000000000000000000, -1.440069553722777130E-16, 1.000000000000000000 ) ) ;
#6531 = ORIENTED_EDGE ( 'NONE', *, *, #7038, .F. ) ;
#6532 = ORIENTED_EDGE ( 'NONE', *, *, #2695, .F. ) ;
#6533 = ORIENTED_EDGE ( 'NONE', *, *, #4644, .T. ) ;
#6534 = VECTOR ( 'NONE', #1694, 1000.000000000000000 ) ;
#6535 = ORIENTED_EDGE ( 'NONE', *, *, #1914, .T. ) ;
#6536 = EDGE_CURVE ( 'NONE', #430, #6085, #2993, .T. ) ;
#6537 = EDGE_CURVE ( 'NONE', #7421, #9933, #848, .T. ) ;
#6538 = PLANE ( 'NONE',  #2204 ) ;
#6539 = VERTEX_POINT ( 'NONE', #8980 ) ;
#6540 = VECTOR ( 'NONE', #10457, 1000.000000000000000 ) ;
#6541 = PLANE ( 'NONE',  #11069 ) ;
#6542 = EDGE_CURVE ( 'NONE', #821, #12839, #1944, .T. ) ;
#6543 = FACE_OUTER_BOUND ( 'NONE', #10449, .T. ) ;
#6544 = VERTEX_POINT ( 'NONE', #913 ) ;
#6545 = DIRECTION ( 'NONE',  ( -1.000000000000000000, 0.000000000000000000, 0.000000000000000000 ) ) ;
#6546 = VECTOR ( 'NONE', #6757, 1000.000000000000000 ) ;
#6547 = CARTESIAN_POINT ( 'NONE',  ( 25.39999999999999858, 0.5080000000000000071, 0.7528818102449925664 ) ) ;
#6548 = EDGE_CURVE ( 'NONE', #9432, #2118, #5863, .T. ) ;
#6549 = EDGE_LOOP ( 'NONE', ( #4707, #12131, #3710, #4857 ) ) ;
#6550 = CARTESIAN_POINT ( 'NONE',  ( -17.78000000000000469, 8.509000000000000341, -1.270000000000001128 ) ) ;
#6551 = CARTESIAN_POINT ( 'NONE',  ( -14.35100000000000442, 8.064500000000000668, 0.3809999999999964526 ) ) ;
#6552 = CARTESIAN_POINT ( 'NONE',  ( -0.3810000000000000053, 0.5079999999999998961, -0.2031999999999997419 ) ) ;
#6553 = VECTOR ( 'NONE', #680, 1000.000000000000000 ) ;
#6554 = DIRECTION ( 'NONE',  ( -0.000000000000000000, 0.000000000000000000, -1.000000000000000000 ) ) ;
#6555 = VECTOR ( 'NONE', #1135, 1000.000000000000000 ) ;
#6556 = DIRECTION ( 'NONE',  ( 0.000000000000000000, -1.000000000000000000, 0.000000000000000000 ) ) ;
#6557 = ORIENTED_EDGE ( 'NONE', *, *, #11291, .T. ) ;
#6558 = DIRECTION ( 'NONE',  ( -0.5773502691896253980, 0.5773502691896253980, -0.5773502691896265082 ) ) ;
#6559 = DIRECTION ( 'NONE',  ( 0.5773502691896252870, -0.5773502691896251759, -0.5773502691896267303 ) ) ;
#6560 = DIRECTION ( 'NONE',  ( -1.000000000000000000, -0.000000000000000000, -0.000000000000000000 ) ) ;
#6561 = CARTESIAN_POINT ( 'NONE',  ( -8.509000000000005670, 7.239000000000000767, 0.3809999999999962861 ) ) ;
#6562 = VECTOR ( 'NONE', #12318, 1000.000000000000000 ) ;
#6563 = DIRECTION ( 'NONE',  ( 0.000000000000000000, 2.449293598294710852E-16, -1.000000000000000000 ) ) ;
#6564 = AXIS2_PLACEMENT_3D ( 'NONE', #10986, #2042, #5189 ) ;
#6565 = CARTESIAN_POINT ( 'NONE',  ( -0.1961031209927691366, -3.200400000000000134, -0.2032000000000001583 ) ) ;
#6566 = ORIENTED_EDGE ( 'NONE', *, *, #219, .T. ) ;
#6567 =( GEOMETRIC_REPRESENTATION_CONTEXT ( 3 ) GLOBAL_UNCERTAINTY_ASSIGNED_CONTEXT ( ( #442 ) ) GLOBAL_UNIT_ASSIGNED_CONTEXT ( ( #2191, #1997, #4345 ) ) REPRESENTATION_CONTEXT ( 'NONE', 'WORKASPACE' ) );
#6568 = CARTESIAN_POINT ( 'NONE',  ( 27.94000000000000128, 2.177422008883992879E-16, -0.8890000000000013447 ) ) ;
#6569 = AXIS2_PLACEMENT_3D ( 'NONE', #4600, #11750, #3795 ) ;
#6570 = DIRECTION ( 'NONE',  ( -0.000000000000000000, 1.000000000000000000, 1.733406087350420004E-16 ) ) ;
#6571 = VERTEX_POINT ( 'NONE', #8552 ) ;
#6572 = CARTESIAN_POINT ( 'NONE',  ( 22.85999999999999943, 0.000000000000000000, 1.269999999999998908 ) ) ;
#6573 = ORIENTED_EDGE ( 'NONE', *, *, #5209, .T. ) ;
#6574 = VECTOR ( 'NONE', #3856, 1000.000000000000000 ) ;
#6575 = VECTOR ( 'NONE', #6755, 1000.000000000000000 ) ;
#6576 = CARTESIAN_POINT ( 'NONE',  ( 12.69999999999999574, 0.5080000000000002292, -0.7528818102449945648 ) ) ;
#6577 = EDGE_LOOP ( 'NONE', ( #4909, #10492, #1616, #1162 ) ) ;
#6578 = VECTOR ( 'NONE', #3782, 1000.000000000000000 ) ;
#6579 = LINE ( 'NONE', #7422, #2962 ) ;
#6580 = CARTESIAN_POINT ( 'NONE',  ( 9.270999999999993690, 7.239000000000000767, 0.3809999999999962861 ) ) ;
#6581 = DIRECTION ( 'NONE',  ( -0.000000000000000000, 1.000000000000000000, 2.449293598294710852E-16 ) ) ;
#6582 = ORIENTED_EDGE ( 'NONE', *, *, #8906, .T. ) ;
#6583 = FACE_OUTER_BOUND ( 'NONE', #5925, .T. ) ;
#6584 = VERTEX_POINT ( 'NONE', #8019 ) ;
#6585 = EDGE_CURVE ( 'NONE', #259, #1803, #5934, .T. ) ;
#6586 = CARTESIAN_POINT ( 'NONE',  ( 3.428999999999994497, 7.239000000000000767, 0.3809999999999962861 ) ) ;
#6587 = ADVANCED_FACE ( 'NONE', ( #3597 ), #11855, .F. ) ;
#6588 = MECHANICAL_DESIGN_GEOMETRIC_PRESENTATION_REPRESENTATION (  '', ( #748 ), #12400 ) ;
#6589 = UNCERTAINTY_MEASURE_WITH_UNIT (LENGTH_MEASURE( 1.000000000000000082E-05 ), #2728, 'distance_accuracy_value', 'NONE');
#6590 = MANIFOLD_SOLID_BREP ( 'Chamfer1', #11830 ) ;
#6591 = VECTOR ( 'NONE', #1199, 1000.000000000000000 ) ;
#6592 = PLANE ( 'NONE',  #4244 ) ;
#6593 = ORIENTED_EDGE ( 'NONE', *, *, #7160, .T. ) ;
#6594 = DIRECTION ( 'NONE',  ( -1.000000000000000000, -0.000000000000000000, -0.000000000000000000 ) ) ;
#6595 = DIRECTION ( 'NONE',  ( 1.000000000000000000, 0.000000000000000000, 0.000000000000000000 ) ) ;
#6596 = VERTEX_POINT ( 'NONE', #9117 ) ;
#6597 = ADVANCED_FACE ( 'NONE', ( #190, #9176 ), #3912, .F. ) ;
#6598 = FACE_OUTER_BOUND ( 'NONE', #1259, .T. ) ;
#6599 = APPLICATION_CONTEXT ( 'automotive_design' ) ;
#6600 = AXIS2_PLACEMENT_3D ( 'NONE', #12506, #11782, #6524 ) ;
#6601 = DIRECTION ( 'NONE',  ( 0.000000000000000000, -2.449293598294710852E-16, 1.000000000000000000 ) ) ;
#6602 = ORIENTED_EDGE ( 'NONE', *, *, #11694, .F. ) ;
#6603 = CARTESIAN_POINT ( 'NONE',  ( 8.508999999999995012, 7.239000000000000767, 0.3809999999999962861 ) ) ;
#6604 = ORIENTED_EDGE ( 'NONE', *, *, #8204, .T. ) ;
#6605 = VERTEX_POINT ( 'NONE', #6327 ) ;
#6606 = SURFACE_STYLE_FILL_AREA ( #2614 ) ;
#6607 = ORIENTED_EDGE ( 'NONE', *, *, #4539, .T. ) ;
#6608 = EDGE_LOOP ( 'NONE', ( #3121, #9425, #5140, #11572 ) ) ;
#6609 = CARTESIAN_POINT ( 'NONE',  ( -28.19400000000000617, 8.509000000000000341, -1.270000000000001128 ) ) ;
#6610 = ORIENTED_EDGE ( 'NONE', *, *, #1320, .T. ) ;
#6611 = PLANE ( 'NONE',  #1710 ) ;
#6612 = PLANE ( 'NONE',  #11930 ) ;
#6613 = VERTEX_POINT ( 'NONE', #4106 ) ;
#6614 = CARTESIAN_POINT ( 'NONE',  ( 22.85999999999999943, 8.509000000000000341, -1.270000000000001128 ) ) ;
#6615 = VECTOR ( 'NONE', #9417, 1000.000000000000000 ) ;
#6616 = ORIENTED_EDGE ( 'NONE', *, *, #11059, .T. ) ;
#6617 = DIRECTION ( 'NONE',  ( -1.000000000000000000, -0.000000000000000000, -0.000000000000000000 ) ) ;
#6618 = CARTESIAN_POINT ( 'NONE',  ( 0.3810000000000000053, -3.200400000000000134, -0.2032000000000001583 ) ) ;
#6619 = EDGE_CURVE ( 'NONE', #1751, #5783, #6195, .T. ) ;
#6620 = LINE ( 'NONE', #8368, #10500 ) ;
#6621 = ORIENTED_EDGE ( 'NONE', *, *, #1776, .F. ) ;
#6622 = PLANE ( 'NONE',  #1488 ) ;
#6623 = CARTESIAN_POINT ( 'NONE',  ( -12.70000000000000462, 0.5080000000000000071, 0.7528818102449925664 ) ) ;
#6624 = PLANE ( 'NONE',  #7593 ) ;
#6625 = DIRECTION ( 'NONE',  ( 0.5773502691896253980, 0.5773502691896253980, -0.5773502691896265082 ) ) ;
#6626 = CARTESIAN_POINT ( 'NONE',  ( 10.15999999999999481, 8.509000000000000341, -1.270000000000001128 ) ) ;
#6627 = EDGE_CURVE ( 'NONE', #8405, #12048, #3252, .T. ) ;
#6628 = ORIENTED_EDGE ( 'NONE', *, *, #1006, .T. ) ;
#6629 = CARTESIAN_POINT ( 'NONE',  ( -6.223000000000006082, 7.810500000000001108, 0.1269999999999965878 ) ) ;
#6630 = LINE ( 'NONE', #12729, #9833 ) ;
#6631 = ORIENTED_EDGE ( 'NONE', *, *, #1752, .F. ) ;
#6632 = EDGE_CURVE ( 'NONE', #10213, #7721, #8140, .T. ) ;
#6633 = CLOSED_SHELL ( 'NONE', ( #1183, #5849, #6257, #2865, #6302, #1495, #10190, #10345, #9048, #11456, #10802, #795, #5806, #3221, #11775, #5879, #12287, #2050, #63 ) ) ;
#6634 = VECTOR ( 'NONE', #7015, 1000.000000000000000 ) ;
#6635 = CARTESIAN_POINT ( 'NONE',  ( 5.079999999999993854, 0.5080000000000002292, -0.7528818102449945648 ) ) ;
#6636 = CARTESIAN_POINT ( 'NONE',  ( 20.31999999999999673, 0.000000000000000000, 1.269999999999998908 ) ) ;
#6637 = VERTEX_POINT ( 'NONE', #4161 ) ;
#6638 = FACE_OUTER_BOUND ( 'NONE', #11880, .T. ) ;
#6639 = EDGE_CURVE ( 'NONE', #6411, #8415, #11065, .T. ) ;
#6640 = ORIENTED_EDGE ( 'NONE', *, *, #3206, .F. ) ;
#6641 = FACE_OUTER_BOUND ( 'NONE', #12124, .T. ) ;
#6642 = CARTESIAN_POINT ( 'NONE',  ( 14.35099999999999554, 7.239000000000000767, 0.3809999999999962861 ) ) ;
#6643 = EDGE_CURVE ( 'NONE', #1558, #6687, #3316, .T. ) ;
#6644 = DIRECTION ( 'NONE',  ( 0.000000000000000000, 2.449293598294710852E-16, -1.000000000000000000 ) ) ;
#6645 = DIRECTION ( 'NONE',  ( 0.000000000000000000, -1.000000000000000000, -2.548365665731588345E-16 ) ) ;
#6646 = CARTESIAN_POINT ( 'NONE',  ( 16.12899999999999778, 8.064500000000000668, 0.3809999999999964526 ) ) ;
#6647 = EDGE_LOOP ( 'NONE', ( #3918, #7978, #5871, #2555 ) ) ;
#6648 = CARTESIAN_POINT ( 'NONE',  ( -1.651000000000003132, 7.239000000000000767, -0.3810000000000025033 ) ) ;
#6649 = FACE_OUTER_BOUND ( 'NONE', #9972, .T. ) ;
#6650 = ORIENTED_EDGE ( 'NONE', *, *, #5251, .F. ) ;
#6651 = DIRECTION ( 'NONE',  ( -0.000000000000000000, 0.000000000000000000, 1.000000000000000000 ) ) ;
#6652 = DIRECTION ( 'NONE',  ( 0.000000000000000000, 0.000000000000000000, 1.000000000000000000 ) ) ;
#6653 = VERTEX_POINT ( 'NONE', #3185 ) ;
#6654 = LINE ( 'NONE', #1551, #8366 ) ;
#6655 = DIRECTION ( 'NONE',  ( -1.000000000000000000, 0.000000000000000000, 0.000000000000000000 ) ) ;
#6656 = CARTESIAN_POINT ( 'NONE',  ( -10.16000000000000547, -1.925929944387235853E-31, 0.8889999999999991243 ) ) ;
#6657 = ORIENTED_EDGE ( 'NONE', *, *, #6688, .T. ) ;
#6658 = PLANE ( 'NONE',  #3418 ) ;
#6659 = PRODUCT_DEFINITION ( 'UNKNOWN', '', #554, #10961 ) ;
#6660 = ORIENTED_EDGE ( 'NONE', *, *, #8671, .F. ) ;
#6661 = VERTEX_POINT ( 'NONE', #4229 ) ;
#6662 = DIRECTION ( 'NONE',  ( -0.7071067811865475727, -0.7071067811865475727, 0.000000000000000000 ) ) ;
#6663 = ORIENTED_EDGE ( 'NONE', *, *, #9028, .F. ) ;
#6664 = ORIENTED_EDGE ( 'NONE', *, *, #7649, .F. ) ;
#6665 = EDGE_CURVE ( 'NONE', #10288, #6544, #8283, .T. ) ;
#6666 = ORIENTED_EDGE ( 'NONE', *, *, #8753, .T. ) ;
#6667 = CARTESIAN_POINT ( 'NONE',  ( 10.15999999999999481, 0.000000000000000000, 1.269999999999998908 ) ) ;
#6668 = DIRECTION ( 'NONE',  ( -0.000000000000000000, 0.2588190451025140781, 0.9659258262890700886 ) ) ;
#6669 = ORIENTED_EDGE ( 'NONE', *, *, #4847, .T. ) ;
#6670 = LINE ( 'NONE', #9590, #9941 ) ;
#6671 = EDGE_LOOP ( 'NONE', ( #6566, #2005, #9239, #3219 ) ) ;
#6672 =( NAMED_UNIT ( * ) PLANE_ANGLE_UNIT ( ) SI_UNIT ( $, .RADIAN. ) );
#6673 = EDGE_CURVE ( 'NONE', #7558, #8475, #6123, .T. ) ;
#6674 = LINE ( 'NONE', #11613, #4049 ) ;
#6675 = FACE_OUTER_BOUND ( 'NONE', #5416, .T. ) ;
#6676 = DIRECTION ( 'NONE',  ( 0.000000000000000000, 1.000000000000000000, 0.000000000000000000 ) ) ;
#6677 = ORIENTED_EDGE ( 'NONE', *, *, #6896, .T. ) ;
#6678 = LINE ( 'NONE', #2759, #33 ) ;
#6679 = LINE ( 'NONE', #9669, #9640 ) ;
#6680 = CARTESIAN_POINT ( 'NONE',  ( 15.23999999999999666, 3.110602869834277161E-16, -1.270000000000001128 ) ) ;
#6681 = DIRECTION ( 'NONE',  ( -1.000000000000000000, -0.000000000000000000, -0.000000000000000000 ) ) ;
#6682 = CARTESIAN_POINT ( 'NONE',  ( 15.23999999999999666, 3.110602869834277161E-16, -1.270000000000001128 ) ) ;
#6683 = EDGE_CURVE ( 'NONE', #10017, #9137, #7247, .T. ) ;
#6684 = ORIENTED_EDGE ( 'NONE', *, *, #10902, .F. ) ;
#6685 = DIRECTION ( 'NONE',  ( 0.000000000000000000, 2.449293598294710852E-16, -1.000000000000000000 ) ) ;
#6686 = DIRECTION ( 'NONE',  ( 0.000000000000000000, 1.733406087350420004E-16, -1.000000000000000000 ) ) ;
#6687 = VERTEX_POINT ( 'NONE', #10280 ) ;
#6688 = EDGE_CURVE ( 'NONE', #8596, #10847, #10086, .T. ) ;
#6689 = CARTESIAN_POINT ( 'NONE',  ( -15.24000000000000554, 0.5080000000000002292, -0.7528818102449945648 ) ) ;
#6690 = VERTEX_POINT ( 'NONE', #5208 ) ;
#6691 = DIRECTION ( 'NONE',  ( -1.000000000000000000, -0.000000000000000000, -0.000000000000000000 ) ) ;
#6692 = EDGE_CURVE ( 'NONE', #2103, #12869, #8207, .T. ) ;
#6693 = VERTEX_POINT ( 'NONE', #6256 ) ;
#6694 = EDGE_CURVE ( 'NONE', #12826, #11723, #12309, .T. ) ;
#6695 = DIRECTION ( 'NONE',  ( 0.000000000000000000, 1.000000000000000000, 2.548365665731588345E-16 ) ) ;
#6696 = DIRECTION ( 'NONE',  ( -0.000000000000000000, 0.2588190451025140781, 0.9659258262890700886 ) ) ;
#6697 = DIRECTION ( 'NONE',  ( 0.000000000000000000, -1.733406087350420004E-16, 1.000000000000000000 ) ) ;
#6698 = LINE ( 'NONE', #8842, #12148 ) ;
#6699 = VECTOR ( 'NONE', #7183, 1000.000000000000114 ) ;
#6700 = ADVANCED_FACE ( 'NONE', ( #1290 ), #5279, .F. ) ;
#6701 = FACE_OUTER_BOUND ( 'NONE', #7902, .T. ) ;
#6702 = ORIENTED_EDGE ( 'NONE', *, *, #3424, .F. ) ;
#6703 = ADVANCED_FACE ( 'NONE', ( #7304 ), #11259, .F. ) ;
#6704 = LINE ( 'NONE', #7801, #2649 ) ;
#6705 = CARTESIAN_POINT ( 'NONE',  ( -7.620000000000005436, -1.925929944387235853E-31, 0.8889999999999991243 ) ) ;
#6706 = VERTEX_POINT ( 'NONE', #3376 ) ;
#6707 = VECTOR ( 'NONE', #2518, 1000.000000000000000 ) ;
#6708 = DIRECTION ( 'NONE',  ( 0.000000000000000000, 0.000000000000000000, -1.000000000000000000 ) ) ;
#6709 = DIRECTION ( 'NONE',  ( 1.000000000000000000, 0.000000000000000000, 0.000000000000000000 ) ) ;
#6710 = ORIENTED_EDGE ( 'NONE', *, *, #10249, .F. ) ;
#6711 = DIRECTION ( 'NONE',  ( 0.000000000000000000, -0.000000000000000000, -1.000000000000000000 ) ) ;
#6712 = DIRECTION ( 'NONE',  ( 0.000000000000000000, 0.9659258262890700886, -0.2588190451025140781 ) ) ;
#6713 = PLANE ( 'NONE',  #5217 ) ;
#6714 = ORIENTED_EDGE ( 'NONE', *, *, #639, .T. ) ;
#6715 = AXIS2_PLACEMENT_3D ( 'NONE', #12093, #4820, #1812 ) ;
#6716 = LINE ( 'NONE', #12760, #4843 ) ;
#6717 = AXIS2_PLACEMENT_3D ( 'NONE', #6886, #4930, #12868 ) ;
#6718 = ORIENTED_EDGE ( 'NONE', *, *, #12313, .F. ) ;
#6719 = ORIENTED_EDGE ( 'NONE', *, *, #12755, .T. ) ;
#6720 = FILL_AREA_STYLE ('',( #7500 ) ) ;
#6721 = VERTEX_POINT ( 'NONE', #4699 ) ;
#6722 = VERTEX_POINT ( 'NONE', #6398 ) ;
#6723 = VECTOR ( 'NONE', #4651, 1000.000000000000114 ) ;
#6724 = CARTESIAN_POINT ( 'NONE',  ( -6.731000000000004313, 8.064500000000000668, 0.3809999999999964526 ) ) ;
#6725 = ADVANCED_FACE ( 'NONE', ( #4503 ), #11451, .F. ) ;
#6726 = VERTEX_POINT ( 'NONE', #4430 ) ;
#6727 = DIRECTION ( 'NONE',  ( -0.000000000000000000, -2.667820306312751888E-16, 1.000000000000000000 ) ) ;
#6728 = VECTOR ( 'NONE', #3541, 1000.000000000000000 ) ;
#6729 = CARTESIAN_POINT ( 'NONE',  ( 2.539999999999996927, 8.509000000000000341, -1.270000000000001128 ) ) ;
#6730 = VERTEX_POINT ( 'NONE', #8465 ) ;
#6731 = CARTESIAN_POINT ( 'NONE',  ( -16.89100000000000179, 8.064500000000000668, -0.3810000000000023368 ) ) ;
#6732 = ORIENTED_EDGE ( 'NONE', *, *, #3724, .T. ) ;
#6733 = LINE ( 'NONE', #7766, #11768 ) ;
#6734 = VECTOR ( 'NONE', #12793, 1000.000000000000000 ) ;
#6735 = AXIS2_PLACEMENT_3D ( 'NONE', #2247, #1071, #10245 ) ;
#6736 = DIRECTION ( 'NONE',  ( 0.000000000000000000, 0.000000000000000000, -1.000000000000000000 ) ) ;
#6737 = DIRECTION ( 'NONE',  ( 0.000000000000000000, -0.9659258262890700886, 0.2588190451025140781 ) ) ;
#6738 = PLANE ( 'NONE',  #10722 ) ;
#6739 = ORIENTED_EDGE ( 'NONE', *, *, #6951, .T. ) ;
#6740 = EDGE_CURVE ( 'NONE', #9149, #954, #3450, .T. ) ;
#6741 = VECTOR ( 'NONE', #9174, 1000.000000000000000 ) ;
#6742 = CARTESIAN_POINT ( 'NONE',  ( -11.30300000000000793, 7.810500000000000220, -0.1270000000000020557 ) ) ;
#6743 = ADVANCED_FACE ( 'NONE', ( #12447 ), #12636, .F. ) ;
#6744 = DIRECTION ( 'NONE',  ( 0.000000000000000000, 1.000000000000000000, 0.000000000000000000 ) ) ;
#6745 = CARTESIAN_POINT ( 'NONE',  ( 0.8889999999999974589, 8.064500000000000668, 0.3809999999999962861 ) ) ;
#6746 = CARTESIAN_POINT ( 'NONE',  ( 22.41549999999999798, 8.509000000000000341, -1.270000000000001128 ) ) ;
#6747 = DIRECTION ( 'NONE',  ( 1.000000000000000000, 0.000000000000000000, -0.000000000000000000 ) ) ;
#6748 = PLANE ( 'NONE',  #1408 ) ;
#6749 = CARTESIAN_POINT ( 'NONE',  ( -20.32000000000000384, 0.5080000000000002292, -0.7528818102449945648 ) ) ;
#6750 = ORIENTED_EDGE ( 'NONE', *, *, #3180, .T. ) ;
#6751 = EDGE_CURVE ( 'NONE', #2838, #11003, #9576, .T. ) ;
#6752 = CARTESIAN_POINT ( 'NONE',  ( -2.540000000000004032, 8.509000000000000341, 0.8254999999999981242 ) ) ;
#6753 = VECTOR ( 'NONE', #5462, 1000.000000000000000 ) ;
#6754 = APPLICATION_CONTEXT ( 'automotive_design' ) ;
#6755 = DIRECTION ( 'NONE',  ( -1.000000000000000000, -0.000000000000000000, -0.000000000000000000 ) ) ;
#6756 = VERTEX_POINT ( 'NONE', #9638 ) ;
#6757 = DIRECTION ( 'NONE',  ( 0.000000000000000000, 1.440069553722777130E-16, -1.000000000000000000 ) ) ;
#6758 = ORIENTED_EDGE ( 'NONE', *, *, #4787, .F. ) ;
#6759 = LINE ( 'NONE', #10652, #2755 ) ;
#6760 = AXIS2_PLACEMENT_3D ( 'NONE', #12624, #3688, #7672 ) ;
#6761 = DIRECTION ( 'NONE',  ( 0.000000000000000000, 0.9659258262890699775, 0.2588190451025145222 ) ) ;
#6762 = AXIS2_PLACEMENT_3D ( 'NONE', #12865, #7923, #6164 ) ;
#6763 = FACE_OUTER_BOUND ( 'NONE', #4433, .T. ) ;
#6764 = CARTESIAN_POINT ( 'NONE',  ( -5.969000000000005635, 7.239000000000000767, 0.3809999999999962861 ) ) ;
#6765 = SURFACE_STYLE_FILL_AREA ( #7675 ) ;
#6766 = VERTEX_POINT ( 'NONE', #2537 ) ;
#6767 = EDGE_CURVE ( 'NONE', #11670, #10100, #8588, .T. ) ;
#6768 = LINE ( 'NONE', #10535, #4298 ) ;
#6769 = EDGE_CURVE ( 'NONE', #4292, #7916, #648, .T. ) ;
#6770 = AXIS2_PLACEMENT_3D ( 'NONE', #5812, #2821, #6806 ) ;
#6771 = CARTESIAN_POINT ( 'NONE',  ( -2.540000000000004032, 3.110602869834277161E-16, -1.270000000000001128 ) ) ;
#6772 = VECTOR ( 'NONE', #11944, 1000.000000000000114 ) ;
#6773 = ORIENTED_EDGE ( 'NONE', *, *, #3966, .F. ) ;
#6774 =( GEOMETRIC_REPRESENTATION_CONTEXT ( 3 ) GLOBAL_UNCERTAINTY_ASSIGNED_CONTEXT ( ( #4360 ) ) GLOBAL_UNIT_ASSIGNED_CONTEXT ( ( #4678, #7665, #3802 ) ) REPRESENTATION_CONTEXT ( 'NONE', 'WORKASPACE' ) );
#6775 = CARTESIAN_POINT ( 'NONE',  ( -21.97100000000000364, 8.064500000000000668, 0.3809999999999962861 ) ) ;
#6776 = DIRECTION ( 'NONE',  ( 0.000000000000000000, 0.000000000000000000, 1.000000000000000000 ) ) ;
#6777 = ORIENTED_EDGE ( 'NONE', *, *, #8438, .F. ) ;
#6778 = LINE ( 'NONE', #6905, #1895 ) ;
#6779 = VECTOR ( 'NONE', #6213, 1000.000000000000000 ) ;
#6780 = DIRECTION ( 'NONE',  ( -1.000000000000000000, -0.000000000000000000, -0.000000000000000000 ) ) ;
#6781 = ORIENTED_EDGE ( 'NONE', *, *, #5964, .F. ) ;
#6782 = DIRECTION ( 'NONE',  ( 0.000000000000000000, 0.9659258262890700886, -0.2588190451025140781 ) ) ;
#6783 = AXIS2_PLACEMENT_3D ( 'NONE', #11016, #6394, #4422 ) ;
#6784 = ORIENTED_EDGE ( 'NONE', *, *, #10779, .F. ) ;
#6785 = ORIENTED_EDGE ( 'NONE', *, *, #3110, .T. ) ;
#6786 = EDGE_CURVE ( 'NONE', #11879, #45, #6654, .T. ) ;
#6787 = EDGE_CURVE ( 'NONE', #7900, #4966, #8525, .T. ) ;
#6788 = DIRECTION ( 'NONE',  ( -0.000000000000000000, -0.7071067811865482389, -0.7071067811865469066 ) ) ;
#6789 = EDGE_LOOP ( 'NONE', ( #12694, #3821, #11594, #6094 ) ) ;
#6790 = CARTESIAN_POINT ( 'NONE',  ( -17.78000000000000469, 2.177422008883992879E-16, -0.8890000000000013447 ) ) ;
#6791 = EDGE_CURVE ( 'NONE', #440, #2146, #5464, .T. ) ;
#6792 = VERTEX_POINT ( 'NONE', #7436 ) ;
#6793 = AXIS2_PLACEMENT_3D ( 'NONE', #4242, #2284, #1049 ) ;
#6794 = AXIS2_PLACEMENT_3D ( 'NONE', #5708, #5642, #6889 ) ;
#6795 = CARTESIAN_POINT ( 'NONE',  ( 7.619999999999994778, 3.110602869834277161E-16, -1.270000000000001128 ) ) ;
#6796 = FILL_AREA_STYLE ('',( #11856 ) ) ;
#6797 = ORIENTED_EDGE ( 'NONE', *, *, #4160, .F. ) ;
#6798 = DIRECTION ( 'NONE',  ( 1.000000000000000000, 0.000000000000000000, -0.000000000000000000 ) ) ;
#6799 = DIRECTION ( 'NONE',  ( 0.000000000000000000, -0.9659258262890700886, 0.2588190451025140781 ) ) ;
#6800 = ORIENTED_EDGE ( 'NONE', *, *, #7576, .F. ) ;
#6801 = ORIENTED_EDGE ( 'NONE', *, *, #3186, .F. ) ;
#6802 = ADVANCED_FACE ( 'NONE', ( #11397 ), #10470, .F. ) ;
#6803 = CARTESIAN_POINT ( 'NONE',  ( -24.00300000000000722, 7.810500000000001108, 0.1269999999999965878 ) ) ;
#6804 = ORIENTED_EDGE ( 'NONE', *, *, #11696, .F. ) ;
#6805 = CARTESIAN_POINT ( 'NONE',  ( -27.94000000000000483, 8.509000000000000341, -1.270000000000001128 ) ) ;
#6806 = DIRECTION ( 'NONE',  ( 0.000000000000000000, 0.9659258262890699775, 0.2588190451025145222 ) ) ;
#6807 = LINE ( 'NONE', #8806, #3024 ) ;
#6808 = LINE ( 'NONE', #10967, #8436 ) ;
#6809 = ORIENTED_EDGE ( 'NONE', *, *, #6522, .F. ) ;
#6810 = DIRECTION ( 'NONE',  ( 0.5773502691896253980, 0.5773502691896253980, -0.5773502691896265082 ) ) ;
#6811 = FACE_OUTER_BOUND ( 'NONE', #6406, .T. ) ;
#6812 = ADVANCED_FACE ( 'NONE', ( #6598 ), #7555, .F. ) ;
#6813 = DIRECTION ( 'NONE',  ( -0.5773502691896252870, -0.5773502691896251759, -0.5773502691896267303 ) ) ;
#6814 = DIRECTION ( 'NONE',  ( -1.000000000000000000, -0.000000000000000000, -0.000000000000000000 ) ) ;
#6815 = CARTESIAN_POINT ( 'NONE',  ( -14.35100000000000442, 8.064500000000000668, 0.3809999999999964526 ) ) ;
#6816 = CARTESIAN_POINT ( 'NONE',  ( -21.20900000000000674, 8.064500000000000668, 0.3809999999999964526 ) ) ;
#6817 = DIRECTION ( 'NONE',  ( 0.000000000000000000, 5.054934237236841843E-31, 1.000000000000000000 ) ) ;
#6818 = VERTEX_POINT ( 'NONE', #10541 ) ;
#6819 = DIRECTION ( 'NONE',  ( 0.000000000000000000, 0.000000000000000000, -1.000000000000000000 ) ) ;
#6820 = AXIS2_PLACEMENT_3D ( 'NONE', #1062, #5039, #11032 ) ;
#6821 = DIRECTION ( 'NONE',  ( 0.000000000000000000, -1.000000000000000000, -1.733406087350420004E-16 ) ) ;
#6822 = PRODUCT_DEFINITION_SHAPE ( 'NONE', 'NONE',  #12902 ) ;
#6823 = ORIENTED_EDGE ( 'NONE', *, *, #10625, .F. ) ;
#6824 = DIRECTION ( 'NONE',  ( -0.5773502691896252870, -0.5773502691896251759, -0.5773502691896267303 ) ) ;
#6825 = ORIENTED_EDGE ( 'NONE', *, *, #866, .F. ) ;
#6826 = AXIS2_PLACEMENT_3D ( 'NONE', #3527, #543, #5300 ) ;
#6827 = LINE ( 'NONE', #2775, #6298 ) ;
#6828 = EDGE_LOOP ( 'NONE', ( #3422, #1670, #2744, #10614 ) ) ;
#6829 = CARTESIAN_POINT ( 'NONE',  ( -11.04900000000000659, 7.239000000000000767, 0.3809999999999962861 ) ) ;
#6830 = DIRECTION ( 'NONE',  ( -0.5773502691896253980, 0.5773502691896253980, -0.5773502691896265082 ) ) ;
#6831 = CARTESIAN_POINT ( 'NONE',  ( -5.080000000000004512, 2.177422008883992879E-16, -0.8890000000000013447 ) ) ;
#6832 = VECTOR ( 'NONE', #7509, 1000.000000000000000 ) ;
#6833 = ORIENTED_EDGE ( 'NONE', *, *, #9993, .T. ) ;
#6834 = LINE ( 'NONE', #10797, #1799 ) ;
#6835 = VECTOR ( 'NONE', #12269, 1000.000000000000114 ) ;
#6836 = DIRECTION ( 'NONE',  ( 0.000000000000000000, 0.9659258262890699775, 0.2588190451025145222 ) ) ;
#6837 = ORIENTED_EDGE ( 'NONE', *, *, #9599, .T. ) ;
#6838 = DIRECTION ( 'NONE',  ( -1.000000000000000000, 0.000000000000000000, -0.000000000000000000 ) ) ;
#6839 = CONTEXT_DEPENDENT_SHAPE_REPRESENTATION ( #71, #3345 ) ;
#6840 = ORIENTED_EDGE ( 'NONE', *, *, #7755, .F. ) ;
#6841 = VECTOR ( 'NONE', #12809, 1000.000000000000000 ) ;
#6842 = CARTESIAN_POINT ( 'NONE',  ( 27.94000000000000483, 3.110602869834277161E-16, -1.270000000000001128 ) ) ;
#6843 = DIRECTION ( 'NONE',  ( 0.000000000000000000, 1.000000000000000000, 0.000000000000000000 ) ) ;
#6844 = ORIENTED_EDGE ( 'NONE', *, *, #9436, .T. ) ;
#6845 = CARTESIAN_POINT ( 'NONE',  ( -1.651000000000003132, 7.239000000000000767, 0.3809999999999962861 ) ) ;
#6846 = EDGE_CURVE ( 'NONE', #2598, #4810, #3636, .T. ) ;
#6847 = ORIENTED_EDGE ( 'NONE', *, *, #11139, .F. ) ;
#6848 = ADVANCED_FACE ( 'NONE', ( #2668 ), #10606, .T. ) ;
#6849 = FACE_BOUND ( 'NONE', #10375, .T. ) ;
#6850 = ORIENTED_EDGE ( 'NONE', *, *, #6896, .F. ) ;
#6851 = ORIENTED_EDGE ( 'NONE', *, *, #4816, .F. ) ;
#6852 = CARTESIAN_POINT ( 'NONE',  ( -12.70000000000000462, 0.5080000000000002292, -0.7528818102449945648 ) ) ;
#6853 = CARTESIAN_POINT ( 'NONE',  ( -21.97100000000000364, 7.239000000000000767, 0.3809999999999962861 ) ) ;
#6854 = ORIENTED_EDGE ( 'NONE', *, *, #2710, .F. ) ;
#6855 = ADVANCED_FACE ( 'NONE', ( #5657 ), #8660, .F. ) ;
#6856 = ADVANCED_FACE ( 'NONE', ( #9375 ), #12376, .F. ) ;
#6857 = LINE ( 'NONE', #12651, #9826 ) ;
#6858 = EDGE_CURVE ( 'NONE', #1626, #3694, #5725, .T. ) ;
#6859 = DIRECTION ( 'NONE',  ( -1.000000000000000000, -0.000000000000000000, -0.000000000000000000 ) ) ;
#6860 = VERTEX_POINT ( 'NONE', #10867 ) ;
#6861 = ORIENTED_EDGE ( 'NONE', *, *, #6372, .T. ) ;
#6862 = CARTESIAN_POINT ( 'NONE',  ( -0.3810000000000000053, 0.5079999999999997851, 0.2032000000000010465 ) ) ;
#6863 = EDGE_LOOP ( 'NONE', ( #12798, #2282, #12867, #7544 ) ) ;
#6864 = DIRECTION ( 'NONE',  ( -0.5773502691896252870, -0.5773502691896251759, -0.5773502691896267303 ) ) ;
#6865 = DIRECTION ( 'NONE',  ( 0.000000000000000000, -0.9659258262890700886, 0.2588190451025140781 ) ) ;
#6866 = VERTEX_POINT ( 'NONE', #10742 ) ;
#6867 = DIRECTION ( 'NONE',  ( 0.000000000000000000, 0.000000000000000000, -1.000000000000000000 ) ) ;
#6868 = ORIENTED_EDGE ( 'NONE', *, *, #4478, .T. ) ;
#6869 = LINE ( 'NONE', #7652, #11273 ) ;
#6870 = FACE_OUTER_BOUND ( 'NONE', #11597, .T. ) ;
#6871 = CARTESIAN_POINT ( 'NONE',  ( -5.080000000000004512, 0.5080000000000002292, -0.7528818102449945648 ) ) ;
#6872 = LINE ( 'NONE', #6746, #5265 ) ;
#6873 = DIRECTION ( 'NONE',  ( 0.000000000000000000, 0.000000000000000000, -1.000000000000000000 ) ) ;
#6874 = ORIENTED_EDGE ( 'NONE', *, *, #8749, .F. ) ;
#6875 = CARTESIAN_POINT ( 'NONE',  ( -10.16000000000000547, 2.177422008883992879E-16, -0.8890000000000013447 ) ) ;
#6876 = FACE_OUTER_BOUND ( 'NONE', #3104, .T. ) ;
#6877 = ORIENTED_EDGE ( 'NONE', *, *, #9037, .T. ) ;
#6878 = DIRECTION ( 'NONE',  ( 0.000000000000000000, 0.000000000000000000, 1.000000000000000000 ) ) ;
#6879 = FACE_BOUND ( 'NONE', #8587, .T. ) ;
#6880 = VERTEX_POINT ( 'NONE', #5850 ) ;
#6881 = EDGE_CURVE ( 'NONE', #10550, #5116, #11712, .T. ) ;
#6882 = EDGE_CURVE ( 'NONE', #11849, #3839, #11906, .T. ) ;
#6883 = CARTESIAN_POINT ( 'NONE',  ( -17.78000000000000469, 3.110602869834277161E-16, -1.270000000000001128 ) ) ;
#6884 = DIRECTION ( 'NONE',  ( 0.000000000000000000, -1.000000000000000000, 0.000000000000000000 ) ) ;
#6885 = VERTEX_POINT ( 'NONE', #11649 ) ;
#6886 = CARTESIAN_POINT ( 'NONE',  ( 26.28900000000000148, 7.239000000000000767, 0.3809999999999962861 ) ) ;
#6887 = ORIENTED_EDGE ( 'NONE', *, *, #9954, .T. ) ;
#6888 = CARTESIAN_POINT ( 'NONE',  ( -27.94000000000000483, 0.5080000000000002292, -0.7528818102449945648 ) ) ;
#6889 = DIRECTION ( 'NONE',  ( 0.000000000000000000, 1.000000000000000000, 2.548365665731588345E-16 ) ) ;
#6890 = CARTESIAN_POINT ( 'NONE',  ( -27.94000000000000483, -1.925929944387235853E-31, 0.8889999999999991243 ) ) ;
#6891 = FACE_OUTER_BOUND ( 'NONE', #5351, .T. ) ;
#6892 = FACE_BOUND ( 'NONE', #9542, .T. ) ;
#6893 = ORIENTED_EDGE ( 'NONE', *, *, #1344, .T. ) ;
#6894 = COLOUR_RGB ( '',0.2509803921568627416, 0.2509803921568627416, 0.2509803921568627416 ) ;
#6895 = DIRECTION ( 'NONE',  ( -1.000000000000000000, -0.000000000000000000, -0.000000000000000000 ) ) ;
#6896 = EDGE_CURVE ( 'NONE', #9336, #8405, #12695, .T. ) ;
#6897 = EDGE_CURVE ( 'NONE', #1424, #7765, #4815, .T. ) ;
#6898 = EDGE_CURVE ( 'NONE', #232, #9857, #4882, .T. ) ;
#6899 = CARTESIAN_POINT ( 'NONE',  ( -12.70000000000000639, -1.925929944387235853E-31, 0.8889999999999991243 ) ) ;
#6900 = EDGE_LOOP ( 'NONE', ( #7562, #3841, #4846, #6893 ) ) ;
#6901 = LINE ( 'NONE', #12567, #1739 ) ;
#6902 = PRODUCT_CONTEXT ( 'NONE', #7911, 'mechanical' ) ;
#6903 = ORIENTED_EDGE ( 'NONE', *, *, #9968, .F. ) ;
#6904 = VECTOR ( 'NONE', #1230, 1000.000000000000000 ) ;
#6905 = CARTESIAN_POINT ( 'NONE',  ( 10.15999999999999481, 8.509000000000000341, 1.270000000000001128 ) ) ;
#6906 = VECTOR ( 'NONE', #11995, 1000.000000000000000 ) ;
#6907 = FACE_OUTER_BOUND ( 'NONE', #10622, .T. ) ;
#6908 = ORIENTED_EDGE ( 'NONE', *, *, #7250, .T. ) ;
#6909 = ORIENTED_EDGE ( 'NONE', *, *, #11271, .T. ) ;
#6910 = PLANE ( 'NONE',  #12824 ) ;
#6911 = VECTOR ( 'NONE', #3828, 1000.000000000000000 ) ;
#6912 = ADVANCED_FACE ( 'NONE', ( #1740 ), #971, .F. ) ;
#6913 = FACE_OUTER_BOUND ( 'NONE', #1594, .T. ) ;
#6914 = ORIENTED_EDGE ( 'NONE', *, *, #720, .F. ) ;
#6915 =( NAMED_UNIT ( * ) SI_UNIT ( $, .STERADIAN. ) SOLID_ANGLE_UNIT ( ) );
#6916 = PLANE ( 'NONE',  #12712 ) ;
#6917 = SURFACE_SIDE_STYLE ('',( #1754 ) ) ;
#6918 = VERTEX_POINT ( 'NONE', #8780 ) ;
#6919 = VECTOR ( 'NONE', #2305, 1000.000000000000000 ) ;
#6920 = CARTESIAN_POINT ( 'NONE',  ( 7.619999999999994778, 0.000000000000000000, 1.269999999999998908 ) ) ;
#6921 = EDGE_CURVE ( 'NONE', #3289, #11864, #8908, .T. ) ;
#6922 = AXIS2_PLACEMENT_3D ( 'NONE', #6018, #12208, #12139 ) ;
#6923 = CARTESIAN_POINT ( 'NONE',  ( -12.70000000000000639, 3.110602869834277161E-16, -1.270000000000001128 ) ) ;
#6924 = ORIENTED_EDGE ( 'NONE', *, *, #9066, .T. ) ;
#6925 = LINE ( 'NONE', #132, #9243 ) ;
#6926 = ORIENTED_EDGE ( 'NONE', *, *, #11227, .F. ) ;
#6927 = DIRECTION ( 'NONE',  ( 0.000000000000000000, -5.054934237236841843E-31, -1.000000000000000000 ) ) ;
#6928 = UNCERTAINTY_MEASURE_WITH_UNIT (LENGTH_MEASURE( 1.000000000000000082E-05 ), #7213, 'distance_accuracy_value', 'NONE');
#6929 = ORIENTED_EDGE ( 'NONE', *, *, #2049, .T. ) ;
#6930 = LINE ( 'NONE', #9782, #11325 ) ;
#6931 = ADVANCED_FACE ( 'NONE', ( #2916 ), #5920, .F. ) ;
#6932 = ORIENTED_EDGE ( 'NONE', *, *, #12500, .T. ) ;
#6933 = EDGE_CURVE ( 'NONE', #8762, #11102, #6778, .T. ) ;
#6934 = VECTOR ( 'NONE', #3231, 1000.000000000000000 ) ;
#6935 = VECTOR ( 'NONE', #12325, 1000.000000000000000 ) ;
#6936 = EDGE_CURVE ( 'NONE', #7708, #6661, #1026, .T. ) ;
#6937 = LINE ( 'NONE', #808, #7805 ) ;
#6938 = AXIS2_PLACEMENT_3D ( 'NONE', #3293, #2308, #10247 ) ;
#6939 = ORIENTED_EDGE ( 'NONE', *, *, #7569, .T. ) ;
#6940 = DIRECTION ( 'NONE',  ( -1.000000000000000000, 0.000000000000000000, 0.000000000000000000 ) ) ;
#6941 = LINE ( 'NONE', #811, #48 ) ;
#6942 = PLANE ( 'NONE',  #10711 ) ;
#6943 = CARTESIAN_POINT ( 'NONE',  ( -10.16000000000000547, 8.509000000000000341, -1.270000000000001128 ) ) ;
#6944 = AXIS2_PLACEMENT_3D ( 'NONE', #10655, #6294, #10058 ) ;
#6945 = CARTESIAN_POINT ( 'NONE',  ( 10.15999999999999481, 3.110602869834277161E-16, -1.270000000000001128 ) ) ;
#6946 = ORIENTED_EDGE ( 'NONE', *, *, #10385, .T. ) ;
#6947 = CARTESIAN_POINT ( 'NONE',  ( 25.84450000000000003, 8.509000000000000341, -0.8255000000000036753 ) ) ;
#6948 = CARTESIAN_POINT ( 'NONE',  ( 16.89099999999999469, 8.064500000000000668, 0.3809999999999962861 ) ) ;
#6949 = EDGE_LOOP ( 'NONE', ( #416, #183, #1374, #6660 ) ) ;
#6950 = CARTESIAN_POINT ( 'NONE',  ( 10.60449999999999626, 8.509000000000000341, -1.270000000000001128 ) ) ;
#6951 = EDGE_CURVE ( 'NONE', #9710, #9964, #11784, .T. ) ;
#6952 = CARTESIAN_POINT ( 'NONE',  ( -28.19400000000000617, 8.509000000000000341, -1.270000000000001128 ) ) ;
#6953 = EDGE_LOOP ( 'NONE', ( #401, #5676, #8636, #5493 ) ) ;
#6954 = VECTOR ( 'NONE', #4582, 1000.000000000000000 ) ;
#6955 = CARTESIAN_POINT ( 'NONE',  ( 28.19400000000000617, 0.5080000000000002292, -0.7528818102449945648 ) ) ;
#6956 = EDGE_CURVE ( 'NONE', #9304, #2807, #782, .T. ) ;
#6957 = EDGE_LOOP ( 'NONE', ( #5737, #11827, #10389, #7360, #8825, #6719, #3400, #11664 ) ) ;
#6958 = DIRECTION ( 'NONE',  ( 0.5773502691896253980, 0.5773502691896253980, -0.5773502691896265082 ) ) ;
#6959 = EDGE_LOOP ( 'NONE', ( #12193, #2493, #8729, #182 ) ) ;
#6960 = VECTOR ( 'NONE', #9750, 1000.000000000000000 ) ;
#6961 = DIRECTION ( 'NONE',  ( 0.000000000000000000, -5.054934237236841843E-31, -1.000000000000000000 ) ) ;
#6962 = DIRECTION ( 'NONE',  ( 0.000000000000000000, 0.000000000000000000, 1.000000000000000000 ) ) ;
#6963 = DIRECTION ( 'NONE',  ( -1.000000000000000000, 0.000000000000000000, -0.000000000000000000 ) ) ;
#6964 = CARTESIAN_POINT ( 'NONE',  ( -10.16000000000000547, -1.925929944387235853E-31, 0.8889999999999991243 ) ) ;
#6965 = DIRECTION ( 'NONE',  ( 0.000000000000000000, 0.000000000000000000, 1.000000000000000000 ) ) ;
#6966 = VERTEX_POINT ( 'NONE', #2979 ) ;
#6967 = AXIS2_PLACEMENT_3D ( 'NONE', #12357, #4282, #11505 ) ;
#6968 = EDGE_CURVE ( 'NONE', #8971, #4645, #4761, .T. ) ;
#6969 = PLANE ( 'NONE',  #12218 ) ;
#6970 = EDGE_LOOP ( 'NONE', ( #3773, #10143, #11443, #277 ) ) ;
#6971 = VECTOR ( 'NONE', #4337, 1000.000000000000000 ) ;
#6972 = LINE ( 'NONE', #1023, #5698 ) ;
#6973 = VECTOR ( 'NONE', #9182, 1000.000000000000000 ) ;
#6974 = AXIS2_PLACEMENT_3D ( 'NONE', #10120, #88, #10915 ) ;
#6975 = DIRECTION ( 'NONE',  ( -1.000000000000000000, -0.000000000000000000, -0.000000000000000000 ) ) ;
#6976 = CARTESIAN_POINT ( 'NONE',  ( -28.19400000000000617, 0.5080000000000000071, 0.7528818102449925664 ) ) ;
#6977 = PLANE ( 'NONE',  #8742 ) ;
#6978 = VERTEX_POINT ( 'NONE', #10937 ) ;
#6979 = EDGE_CURVE ( 'NONE', #7958, #12522, #2001, .T. ) ;
#6980 = ORIENTED_EDGE ( 'NONE', *, *, #12097, .T. ) ;
#6981 = VECTOR ( 'NONE', #5178, 1000.000000000000000 ) ;
#6982 = VECTOR ( 'NONE', #6559, 1000.000000000000114 ) ;
#6983 = VECTOR ( 'NONE', #4132, 1000.000000000000000 ) ;
#6984 = VECTOR ( 'NONE', #10578, 1000.000000000000000 ) ;
#6985 = ORIENTED_EDGE ( 'NONE', *, *, #2680, .F. ) ;
#6986 = EDGE_CURVE ( 'NONE', #5206, #1662, #5005, .T. ) ;
#6987 = CARTESIAN_POINT ( 'NONE',  ( -15.24000000000000554, 3.110602869834277161E-16, -1.270000000000001128 ) ) ;
#6988 = DIRECTION ( 'NONE',  ( 0.000000000000000000, 2.548365665731588345E-16, -1.000000000000000000 ) ) ;
#6989 = CARTESIAN_POINT ( 'NONE',  ( 12.69999999999999574, 0.5080000000000002292, -0.7528818102449945648 ) ) ;
#6990 = VERTEX_POINT ( 'NONE', #4024 ) ;
#6991 = AXIS2_PLACEMENT_3D ( 'NONE', #11081, #9071, #4315 ) ;
#6992 = AXIS2_PLACEMENT_3D ( 'NONE', #6724, #10817, #5671 ) ;
#6993 = LINE ( 'NONE', #8089, #11491 ) ;
#6994 = ADVANCED_FACE ( 'NONE', ( #2731 ), #9036, .F. ) ;
#6995 = DIRECTION ( 'NONE',  ( 1.000000000000000000, 0.000000000000000000, -0.000000000000000000 ) ) ;
#6996 = ORIENTED_EDGE ( 'NONE', *, *, #10329, .F. ) ;
#6997 = CARTESIAN_POINT ( 'NONE',  ( 10.60449999999999626, 8.509000000000000341, 0.8254999999999981242 ) ) ;
#6998 = EDGE_LOOP ( 'NONE', ( #2697, #1476, #9128, #4480 ) ) ;
#6999 = CARTESIAN_POINT ( 'NONE',  ( -7.620000000000005436, 8.509000000000000341, -0.8255000000000036753 ) ) ;
#7000 = CARTESIAN_POINT ( 'NONE',  ( 22.85999999999999943, 0.000000000000000000, 1.269999999999998908 ) ) ;
#7001 = AXIS2_PLACEMENT_3D ( 'NONE', #2424, #5476, #9453 ) ;
#7002 = ORIENTED_EDGE ( 'NONE', *, *, #10960, .F. ) ;
#7003 = VECTOR ( 'NONE', #12296, 1000.000000000000000 ) ;
#7004 = LINE ( 'NONE', #5953, #9883 ) ;
#7005 = ORIENTED_EDGE ( 'NONE', *, *, #281, .T. ) ;
#7006 = LINE ( 'NONE', #3079, #2339 ) ;
#7007 =( REPRESENTATION_RELATIONSHIP ('NONE','NONE', #7825, #3815 ) REPRESENTATION_RELATIONSHIP_WITH_TRANSFORMATION ( #5198 )SHAPE_REPRESENTATION_RELATIONSHIP( ) );
#7008 = FILL_AREA_STYLE_COLOUR ( '', #8449 ) ;
#7009 = CARTESIAN_POINT ( 'NONE',  ( -25.40000000000000568, 0.000000000000000000, 1.269999999999998908 ) ) ;
#7010 = CARTESIAN_POINT ( 'NONE',  ( -12.70000000000000462, 2.177422008883992879E-16, -0.8890000000000013447 ) ) ;
#7011 = DIRECTION ( 'NONE',  ( 0.7071067811865475727, -0.7071067811865475727, 0.000000000000000000 ) ) ;
#7012 = FACE_OUTER_BOUND ( 'NONE', #9041, .T. ) ;
#7013 = CARTESIAN_POINT ( 'NONE',  ( 0.3810000000000000053, -2.692399999999995686, 0.2032000000000002971 ) ) ;
#7014 = ORIENTED_EDGE ( 'NONE', *, *, #8675, .F. ) ;
#7015 = DIRECTION ( 'NONE',  ( 1.000000000000000000, 0.000000000000000000, 0.000000000000000000 ) ) ;
#7016 = FACE_OUTER_BOUND ( 'NONE', #6188, .T. ) ;
#7017 = AXIS2_PLACEMENT_3D ( 'NONE', #3513, #10348, #7495 ) ;
#7018 = EDGE_CURVE ( 'NONE', #7110, #8582, #6113, .T. ) ;
#7019 = CARTESIAN_POINT ( 'NONE',  ( 1.650999999999996248, 8.064500000000000668, 0.3809999999999964526 ) ) ;
#7020 = CARTESIAN_POINT ( 'NONE',  ( -28.19400000000000617, 0.000000000000000000, 0.000000000000000000 ) ) ;
#7021 = FILL_AREA_STYLE ('',( #10846 ) ) ;
#7022 = VECTOR ( 'NONE', #1334, 1000.000000000000000 ) ;
#7023 = VECTOR ( 'NONE', #10141, 1000.000000000000000 ) ;
#7024 = ORIENTED_EDGE ( 'NONE', *, *, #9445, .T. ) ;
#7025 = EDGE_CURVE ( 'NONE', #5826, #8885, #9305, .T. ) ;
#7026 = LINE ( 'NONE', #10181, #9619 ) ;
#7027 = EDGE_CURVE ( 'NONE', #11992, #6441, #10194, .T. ) ;
#7028 = DIRECTION ( 'NONE',  ( 0.000000000000000000, -2.449293598294710852E-16, 1.000000000000000000 ) ) ;
#7029 = EDGE_CURVE ( 'NONE', #12764, #2454, #9107, .T. ) ;
#7030 = CARTESIAN_POINT ( 'NONE',  ( -21.97100000000000364, 8.064500000000000668, 0.3809999999999964526 ) ) ;
#7031 = DIRECTION ( 'NONE',  ( 0.000000000000000000, -0.9659258262890699775, -0.2588190451025145222 ) ) ;
#7032 = DIRECTION ( 'NONE',  ( 0.000000000000000000, 0.9659258262890700886, -0.2588190451025140781 ) ) ;
#7033 = CARTESIAN_POINT ( 'NONE',  ( -3.469446951953614189E-15, 8.509000000000000341, -1.270000000000001128 ) ) ;
#7034 = EDGE_LOOP ( 'NONE', ( #5731, #9717, #2582, #4311 ) ) ;
#7035 = AXIS2_PLACEMENT_3D ( 'NONE', #12614, #5768, #1784 ) ;
#7036 = VECTOR ( 'NONE', #11043, 1000.000000000000000 ) ;
#7037 = CARTESIAN_POINT ( 'NONE',  ( -22.86000000000000654, 8.509000000000000341, -1.270000000000001128 ) ) ;
#7038 = EDGE_CURVE ( 'NONE', #2615, #6510, #10263, .T. ) ;
#7039 = CARTESIAN_POINT ( 'NONE',  ( 18.66899999999999693, 8.064500000000000668, -0.3810000000000023368 ) ) ;
#7040 = EDGE_LOOP ( 'NONE', ( #3684, #7263, #3310, #12220 ) ) ;
#7041 = CARTESIAN_POINT ( 'NONE',  ( -7.620000000000005436, 0.000000000000000000, 1.269999999999998908 ) ) ;
#7042 = ITEM_DEFINED_TRANSFORMATION ( 'NONE', 'NONE', #4504,  #1564 ) ;
#7043 = ORIENTED_EDGE ( 'NONE', *, *, #9388, .F. ) ;
#7044 = DIRECTION ( 'NONE',  ( 0.000000000000000000, -1.000000000000000000, 0.000000000000000000 ) ) ;
#7045 = VECTOR ( 'NONE', #5419, 1000.000000000000000 ) ;
#7046 = DIRECTION ( 'NONE',  ( -0.000000000000000000, 1.000000000000000000, 1.733406087350420004E-16 ) ) ;
#7047 = DIRECTION ( 'NONE',  ( -0.000000000000000000, 0.000000000000000000, 1.000000000000000000 ) ) ;
#7048 = LINE ( 'NONE', #9955, #11247 ) ;
#7049 = ORIENTED_EDGE ( 'NONE', *, *, #4025, .F. ) ;
#7050 = ORIENTED_EDGE ( 'NONE', *, *, #3301, .T. ) ;
#7051 = ORIENTED_EDGE ( 'NONE', *, *, #9150, .F. ) ;
#7052 = PLANE ( 'NONE',  #60 ) ;
#7053 = EDGE_CURVE ( 'NONE', #6706, #9519, #178, .T. ) ;
#7054 =( NAMED_UNIT ( * ) PLANE_ANGLE_UNIT ( ) SI_UNIT ( $, .RADIAN. ) );
#7055 = EDGE_CURVE ( 'NONE', #11864, #3770, #12045, .T. ) ;
#7056 = CARTESIAN_POINT ( 'NONE',  ( -7.620000000000005436, 0.000000000000000000, 1.269999999999998908 ) ) ;
#7057 = ORIENTED_EDGE ( 'NONE', *, *, #7076, .F. ) ;
#7058 = CARTESIAN_POINT ( 'NONE',  ( -15.24000000000000554, 0.5080000000000000071, 0.7528818102449925664 ) ) ;
#7059 = EDGE_CURVE ( 'NONE', #6880, #3617, #4153, .T. ) ;
#7060 = DIRECTION ( 'NONE',  ( 1.000000000000000000, 0.000000000000000000, -0.000000000000000000 ) ) ;
#7061 = EDGE_LOOP ( 'NONE', ( #11345, #10965, #1237, #986 ) ) ;
#7062 = DIRECTION ( 'NONE',  ( 0.000000000000000000, 1.000000000000000000, 1.733406087350420004E-16 ) ) ;
#7063 = ADVANCED_FACE ( 'NONE', ( #11977 ), #5264, .F. ) ;
#7064 = EDGE_LOOP ( 'NONE', ( #4877, #8453, #9897, #6777, #11463, #12581, #2758, #4002 ) ) ;
#7065 = LINE ( 'NONE', #2470, #1770 ) ;
#7066 = DIRECTION ( 'NONE',  ( 1.000000000000000000, 0.000000000000000000, 0.000000000000000000 ) ) ;
#7067 = EDGE_LOOP ( 'NONE', ( #9347, #8343, #675, #2999 ) ) ;
#7068 = ADVANCED_FACE ( 'NONE', ( #10998 ), #1345, .F. ) ;
#7069 = CARTESIAN_POINT ( 'NONE',  ( 2.539999999999993818, 0.5080000000000000071, 0.7528818102449925664 ) ) ;
#7070 = EDGE_LOOP ( 'NONE', ( #5636, #3240, #12319, #68 ) ) ;
#7071 = LINE ( 'NONE', #1052, #9405 ) ;
#7072 = CARTESIAN_POINT ( 'NONE',  ( -25.84450000000000713, 8.509000000000000341, -0.8255000000000036753 ) ) ;
#7073 = CARTESIAN_POINT ( 'NONE',  ( -5.080000000000004512, 8.509000000000000341, 1.270000000000001128 ) ) ;
#7074 = CARTESIAN_POINT ( 'NONE',  ( -18.66900000000000404, 8.064500000000000668, 0.3809999999999964526 ) ) ;
#7075 = PLANE ( 'NONE',  #4054 ) ;
#7076 = EDGE_CURVE ( 'NONE', #8470, #6240, #4284, .T. ) ;
#7077 = CARTESIAN_POINT ( 'NONE',  ( 4.190999999999993619, 7.239000000000000767, 0.3809999999999962861 ) ) ;
#7078 = ORIENTED_EDGE ( 'NONE', *, *, #9661, .F. ) ;
#7079 = CARTESIAN_POINT ( 'NONE',  ( -9.271000000000004349, 7.239000000000000767, 0.3809999999999962861 ) ) ;
#7080 = CARTESIAN_POINT ( 'NONE',  ( -25.40000000000000568, -1.925929944387235853E-31, 0.8889999999999991243 ) ) ;
#7081 = LINE ( 'NONE', #9981, #10763 ) ;
#7082 = PRESENTATION_STYLE_ASSIGNMENT (( #4068 ) ) ;
#7083 = DIRECTION ( 'NONE',  ( 0.000000000000000000, 2.548365665731588345E-16, -1.000000000000000000 ) ) ;
#7084 = DIRECTION ( 'NONE',  ( -1.000000000000000000, -0.000000000000000000, -0.000000000000000000 ) ) ;
#7085 = EDGE_LOOP ( 'NONE', ( #2870, #6228, #8175, #11049 ) ) ;
#7086 = PLANE ( 'NONE',  #8153 ) ;
#7087 = ORIENTED_EDGE ( 'NONE', *, *, #8079, .T. ) ;
#7088 = EDGE_CURVE ( 'NONE', #3274, #1007, #1086, .T. ) ;
#7089 = CARTESIAN_POINT ( 'NONE',  ( -2.540000000000004032, 0.000000000000000000, 1.269999999999998908 ) ) ;
#7090 = FACE_OUTER_BOUND ( 'NONE', #3318, .T. ) ;
#7091 = FACE_OUTER_BOUND ( 'NONE', #4547, .T. ) ;
#7092 = LINE ( 'NONE', #4143, #7152 ) ;
#7093 = EDGE_CURVE ( 'NONE', #7708, #10850, #9233, .T. ) ;
#7094 = CARTESIAN_POINT ( 'NONE',  ( -3.469446951953614189E-15, 0.5080000000000000071, 0.7528818102449925664 ) ) ;
#7095 = CARTESIAN_POINT ( 'NONE',  ( -28.19400000000000617, 3.110602869834277161E-16, -1.270000000000001128 ) ) ;
#7096 = VERTEX_POINT ( 'NONE', #2200 ) ;
#7097 = CARTESIAN_POINT ( 'NONE',  ( -21.97100000000000364, 8.064500000000000668, 0.3809999999999962861 ) ) ;
#7098 = ADVANCED_FACE ( 'NONE', ( #10139 ), #7292, .F. ) ;
#7099 = ORIENTED_EDGE ( 'NONE', *, *, #5179, .F. ) ;
#7100 = ADVANCED_FACE ( 'NONE', ( #6043 ), #11244, .F. ) ;
#7101 = LINE ( 'NONE', #11975, #6335 ) ;
#7102 = ITEM_DEFINED_TRANSFORMATION ( 'NONE', 'NONE', #7219,  #1564 ) ;
#7103 = ORIENTED_EDGE ( 'NONE', *, *, #10738, .F. ) ;
#7104 = ADVANCED_FACE ( 'NONE', ( #5060 ), #4216, .F. ) ;
#7105 = DIRECTION ( 'NONE',  ( 0.000000000000000000, 0.000000000000000000, -1.000000000000000000 ) ) ;
#7106 = EDGE_CURVE ( 'NONE', #2, #1880, #2324, .T. ) ;
#7107 = LINE ( 'NONE', #1220, #5326 ) ;
#7108 = CARTESIAN_POINT ( 'NONE',  ( -16.89100000000000179, 8.064500000000000668, 0.3809999999999964526 ) ) ;
#7109 = AXIS2_PLACEMENT_3D ( 'NONE', #7355, #4420, #11388 ) ;
#7110 = VERTEX_POINT ( 'NONE', #5638 ) ;
#7111 = ORIENTED_EDGE ( 'NONE', *, *, #4037, .F. ) ;
#7112 = ORIENTED_EDGE ( 'NONE', *, *, #8330, .F. ) ;
#7113 = VECTOR ( 'NONE', #7138, 1000.000000000000000 ) ;
#7114 = CARTESIAN_POINT ( 'NONE',  ( -12.70000000000000462, 8.509000000000000341, 1.270000000000001128 ) ) ;
#7115 = AXIS2_PLACEMENT_3D ( 'NONE', #4655, #39, #7047 ) ;
#7116 = CARTESIAN_POINT ( 'NONE',  ( -10.16000000000000547, -1.925929944387235853E-31, 0.8889999999999991243 ) ) ;
#7117 = LINE ( 'NONE', #11066, #10734 ) ;
#7118 = VERTEX_POINT ( 'NONE', #10526 ) ;
#7119 = DIRECTION ( 'NONE',  ( -1.000000000000000000, -0.000000000000000000, -0.000000000000000000 ) ) ;
#7120 = LINE ( 'NONE', #2214, #7124 ) ;
#7121 = EDGE_LOOP ( 'NONE', ( #4807, #10163, #5397, #10028 ) ) ;
#7122 = CARTESIAN_POINT ( 'NONE',  ( 21.20899999999999963, 8.064500000000000668, 0.3809999999999964526 ) ) ;
#7123 = AXIS2_PLACEMENT_3D ( 'NONE', #8266, #5331, #12239 ) ;
#7124 = VECTOR ( 'NONE', #10150, 1000.000000000000000 ) ;
#7125 = ORIENTED_EDGE ( 'NONE', *, *, #9984, .F. ) ;
#7126 = ADVANCED_FACE ( 'NONE', ( #9620 ), #11508, .F. ) ;
#7127 = DIRECTION ( 'NONE',  ( -0.000000000000000000, 0.000000000000000000, -1.000000000000000000 ) ) ;
#7128 = ORIENTED_EDGE ( 'NONE', *, *, #6362, .F. ) ;
#7129 = EDGE_CURVE ( 'NONE', #12642, #9158, #4553, .T. ) ;
#7130 = VECTOR ( 'NONE', #9790, 1000.000000000000000 ) ;
#7131 = PLANE ( 'NONE',  #10088 ) ;
#7132 = ORIENTED_EDGE ( 'NONE', *, *, #8503, .T. ) ;
#7133 = CARTESIAN_POINT ( 'NONE',  ( 17.77999999999999758, 0.5080000000000002292, -0.7528818102449945648 ) ) ;
#7134 = CARTESIAN_POINT ( 'NONE',  ( 20.31999999999999673, 3.110602869834277161E-16, -1.270000000000001128 ) ) ;
#7135 = DIRECTION ( 'NONE',  ( 0.000000000000000000, -1.000000000000000000, -2.548365665731588345E-16 ) ) ;
#7136 = CARTESIAN_POINT ( 'NONE',  ( 12.69999999999999574, -1.925929944387235853E-31, 0.8889999999999991243 ) ) ;
#7137 = DIRECTION ( 'NONE',  ( 0.7071067811865475727, -0.7071067811865475727, 0.000000000000000000 ) ) ;
#7138 = DIRECTION ( 'NONE',  ( 0.000000000000000000, -1.000000000000000000, -2.548365665731588345E-16 ) ) ;
#7139 = ORIENTED_EDGE ( 'NONE', *, *, #7234, .T. ) ;
#7140 = LINE ( 'NONE', #1251, #10112 ) ;
#7141 = FACE_OUTER_BOUND ( 'NONE', #2014, .T. ) ;
#7142 = SURFACE_STYLE_FILL_AREA ( #12146 ) ;
#7143 = VECTOR ( 'NONE', #5322, 1000.000000000000000 ) ;
#7144 = VECTOR ( 'NONE', #2685, 1000.000000000000000 ) ;
#7145 = ORIENTED_EDGE ( 'NONE', *, *, #2669, .T. ) ;
#7146 = CARTESIAN_POINT ( 'NONE',  ( 26.79699999999999704, 7.810500000000001108, 0.1269999999999965878 ) ) ;
#7147 = DIRECTION ( 'NONE',  ( 0.000000000000000000, 0.2588190451025145222, -0.9659258262890699775 ) ) ;
#7148 = EDGE_CURVE ( 'NONE', #8096, #5258, #6509, .T. ) ;
#7149 = CARTESIAN_POINT ( 'NONE',  ( -21.97100000000000364, 8.064500000000000668, -0.3810000000000023368 ) ) ;
#7150 = FACE_OUTER_BOUND ( 'NONE', #2608, .T. ) ;
#7151 = ORIENTED_EDGE ( 'NONE', *, *, #2519, .T. ) ;
#7152 = VECTOR ( 'NONE', #1075, 1000.000000000000000 ) ;
#7153 = VECTOR ( 'NONE', #8839, 1000.000000000000000 ) ;
#7154 = DIRECTION ( 'NONE',  ( 0.000000000000000000, 0.000000000000000000, -1.000000000000000000 ) ) ;
#7155 = ORIENTED_EDGE ( 'NONE', *, *, #6306, .T. ) ;
#7156 = DIRECTION ( 'NONE',  ( 0.000000000000000000, -5.054934237236841843E-31, -1.000000000000000000 ) ) ;
#7157 = CARTESIAN_POINT ( 'NONE',  ( -0.8890000000000043423, 8.064500000000000668, 0.3809999999999962861 ) ) ;
#7158 = LINE ( 'NONE', #2184, #10907 ) ;
#7159 = DIRECTION ( 'NONE',  ( -0.000000000000000000, 1.000000000000000000, 1.169455476739838842E-16 ) ) ;
#7160 = EDGE_CURVE ( 'NONE', #6661, #11055, #3435, .T. ) ;
#7161 = DIRECTION ( 'NONE',  ( 0.000000000000000000, 0.000000000000000000, -1.000000000000000000 ) ) ;
#7162 = FACE_OUTER_BOUND ( 'NONE', #12085, .T. ) ;
#7163 = ORIENTED_EDGE ( 'NONE', *, *, #7968, .T. ) ;
#7164 = CARTESIAN_POINT ( 'NONE',  ( -20.32000000000000384, 0.5080000000000002292, -0.7528818102449945648 ) ) ;
#7165 = AXIS2_PLACEMENT_3D ( 'NONE', #6101, #4936, #9155 ) ;
#7166 = AXIS2_PLACEMENT_3D ( 'NONE', #6230, #5187, #7223 ) ;
#7167 = EDGE_LOOP ( 'NONE', ( #6348, #9229, #8524, #3983 ) ) ;
#7168 = EDGE_CURVE ( 'NONE', #11498, #4864, #1467, .T. ) ;
#7169 = CARTESIAN_POINT ( 'NONE',  ( -1.651000000000003132, 8.064500000000000668, -0.3810000000000023368 ) ) ;
#7170 = ORIENTED_EDGE ( 'NONE', *, *, #1033, .T. ) ;
#7171 = CARTESIAN_POINT ( 'NONE',  ( -5.080000000000004512, 8.509000000000000341, -0.8255000000000036753 ) ) ;
#7172 = VECTOR ( 'NONE', #10821, 1000.000000000000114 ) ;
#7173 = DIRECTION ( 'NONE',  ( 0.000000000000000000, -2.449293598294710852E-16, 1.000000000000000000 ) ) ;
#7174 = LINE ( 'NONE', #4287, #10964 ) ;
#7175 = EDGE_CURVE ( 'NONE', #3552, #10956, #9561, .T. ) ;
#7176 =( NAMED_UNIT ( * ) SI_UNIT ( $, .STERADIAN. ) SOLID_ANGLE_UNIT ( ) );
#7177 = ORIENTED_EDGE ( 'NONE', *, *, #12255, .F. ) ;
#7178 = ORIENTED_EDGE ( 'NONE', *, *, #8906, .F. ) ;
#7179 = VECTOR ( 'NONE', #7361, 1000.000000000000000 ) ;
#7180 = LINE ( 'NONE', #5013, #1113 ) ;
#7181 =( REPRESENTATION_RELATIONSHIP ('NONE','NONE', #7825, #3815 ) REPRESENTATION_RELATIONSHIP_WITH_TRANSFORMATION ( #8004 )SHAPE_REPRESENTATION_RELATIONSHIP( ) );
#7182 = LINE ( 'NONE', #5071, #11979 ) ;
#7183 = DIRECTION ( 'NONE',  ( 0.5773502691896252870, -0.5773502691896251759, -0.5773502691896267303 ) ) ;
#7184 =( NAMED_UNIT ( * ) PLANE_ANGLE_UNIT ( ) SI_UNIT ( $, .RADIAN. ) );
#7185 = CARTESIAN_POINT ( 'NONE',  ( 17.77999999999999758, 8.509000000000000341, -1.270000000000001128 ) ) ;
#7186 = EDGE_CURVE ( 'NONE', #7835, #8876, #1603, .T. ) ;
#7187 = VECTOR ( 'NONE', #7645, 1000.000000000000000 ) ;
#7188 = VECTOR ( 'NONE', #9544, 1000.000000000000000 ) ;
#7189 = CARTESIAN_POINT ( 'NONE',  ( -3.429000000000005155, 7.239000000000000767, 0.3809999999999962861 ) ) ;
#7190 = ORIENTED_EDGE ( 'NONE', *, *, #7029, .T. ) ;
#7191 = ADVANCED_FACE ( 'NONE', ( #6641 ), #11573, .F. ) ;
#7192 = COLOUR_RGB ( '',0.2509803921568627416, 0.2509803921568627416, 0.2509803921568627416 ) ;
#7193 = VECTOR ( 'NONE', #5914, 1000.000000000000000 ) ;
#7194 = CARTESIAN_POINT ( 'NONE',  ( -28.19400000000000617, 8.509000000000000341, -1.270000000000001128 ) ) ;
#7195 = EDGE_LOOP ( 'NONE', ( #8822, #56, #6275, #2251 ) ) ;
#7196 = ORIENTED_EDGE ( 'NONE', *, *, #2788, .F. ) ;
#7197 = DIRECTION ( 'NONE',  ( -1.000000000000000000, 0.000000000000000000, -0.000000000000000000 ) ) ;
#7198 = ORIENTED_EDGE ( 'NONE', *, *, #5680, .T. ) ;
#7199 = EDGE_LOOP ( 'NONE', ( #5472, #8485, #8576, #2927 ) ) ;
#7200 = VECTOR ( 'NONE', #12268, 1000.000000000000000 ) ;
#7201 = COLOUR_RGB ( '',0.2509803921568627416, 0.2509803921568627416, 0.2509803921568627416 ) ;
#7202 = LINE ( 'NONE', #12263, #1163 ) ;
#7203 = VERTEX_POINT ( 'NONE', #7605 ) ;
#7204 = DIRECTION ( 'NONE',  ( -1.000000000000000000, -0.000000000000000000, -0.000000000000000000 ) ) ;
#7205 = CARTESIAN_POINT ( 'NONE',  ( -21.20900000000000674, 8.064500000000000668, 0.3809999999999962861 ) ) ;
#7206 = CARTESIAN_POINT ( 'NONE',  ( 14.35099999999999554, 8.064500000000000668, 0.3809999999999962861 ) ) ;
#7207 = LINE ( 'NONE', #2234, #5182 ) ;
#7208 = DIRECTION ( 'NONE',  ( -1.000000000000000000, 0.000000000000000000, 0.000000000000000000 ) ) ;
#7209 = DIRECTION ( 'NONE',  ( 0.000000000000000000, 0.000000000000000000, 1.000000000000000000 ) ) ;
#7210 = EDGE_LOOP ( 'NONE', ( #9895, #2007, #7928, #12163, #3904, #4813, #4524, #5042 ) ) ;
#7211 = CARTESIAN_POINT ( 'NONE',  ( -25.40000000000000568, 3.110602869834277161E-16, -1.270000000000001128 ) ) ;
#7212 = CARTESIAN_POINT ( 'NONE',  ( 2.539999999999996927, 0.000000000000000000, 1.269999999999998908 ) ) ;
#7213 =( LENGTH_UNIT ( ) NAMED_UNIT ( * ) SI_UNIT ( .MILLI., .METRE. ) );
#7214 = VECTOR ( 'NONE', #10433, 1000.000000000000000 ) ;
#7215 = CARTESIAN_POINT ( 'NONE',  ( -2.540000000000004032, 0.5080000000000002292, -0.7528818102449945648 ) ) ;
#7216 = LINE ( 'NONE', #2301, #742 ) ;
#7217 = CARTESIAN_POINT ( 'NONE',  ( 27.94000000000000128, -1.925929944387235853E-31, 0.8889999999999991243 ) ) ;
#7218 = ORIENTED_EDGE ( 'NONE', *, *, #7025, .T. ) ;
#7219 = AXIS2_PLACEMENT_3D ( 'NONE', #9510, #12634, #4566 ) ;
#7220 = VECTOR ( 'NONE', #4490, 1000.000000000000000 ) ;
#7221 = ADVANCED_FACE ( 'NONE', ( #631 ), #8387, .F. ) ;
#7222 = CARTESIAN_POINT ( 'NONE',  ( -22.86000000000000654, 3.110602869834277161E-16, -1.270000000000001128 ) ) ;
#7223 = DIRECTION ( 'NONE',  ( 0.000000000000000000, 0.000000000000000000, 1.000000000000000000 ) ) ;
#7224 = FACE_OUTER_BOUND ( 'NONE', #12790, .T. ) ;
#7225 = CARTESIAN_POINT ( 'NONE',  ( 15.23999999999999666, 0.5080000000000002292, -0.7528818102449945648 ) ) ;
#7226 = FACE_OUTER_BOUND ( 'NONE', #3469, .T. ) ;
#7227 = DIRECTION ( 'NONE',  ( -1.000000000000000000, -0.000000000000000000, -0.000000000000000000 ) ) ;
#7228 = FACE_OUTER_BOUND ( 'NONE', #11655, .T. ) ;
#7229 = ORIENTED_EDGE ( 'NONE', *, *, #11060, .F. ) ;
#7230 = ADVANCED_FACE ( 'NONE', ( #9426 ), #12490, .F. ) ;
#7231 = CARTESIAN_POINT ( 'NONE',  ( -10.16000000000000547, -1.925929944387235853E-31, 0.8889999999999991243 ) ) ;
#7232 = FACE_OUTER_BOUND ( 'NONE', #4819, .T. ) ;
#7233 = EDGE_LOOP ( 'NONE', ( #10943, #9767, #9606, #12483 ) ) ;
#7234 = EDGE_CURVE ( 'NONE', #9765, #7369, #4613, .T. ) ;
#7235 = DIRECTION ( 'NONE',  ( 0.000000000000000000, -1.000000000000000000, -1.733406087350420004E-16 ) ) ;
#7236 = CONTEXT_DEPENDENT_SHAPE_REPRESENTATION ( #8331, #4394 ) ;
#7237 = VERTEX_POINT ( 'NONE', #4485 ) ;
#7238 = DIRECTION ( 'NONE',  ( 1.000000000000000000, 0.000000000000000000, 0.000000000000000000 ) ) ;
#7239 = CARTESIAN_POINT ( 'NONE',  ( -16.12900000000000489, 8.064500000000000668, 0.3809999999999964526 ) ) ;
#7240 = DIRECTION ( 'NONE',  ( 0.000000000000000000, 1.000000000000000000, 0.000000000000000000 ) ) ;
#7241 = LINE ( 'NONE', #5396, #10197 ) ;
#7242 = VERTEX_POINT ( 'NONE', #2459 ) ;
#7243 = ORIENTED_EDGE ( 'NONE', *, *, #5442, .T. ) ;
#7244 = VECTOR ( 'NONE', #11371, 1000.000000000000114 ) ;
#7245 = DIRECTION ( 'NONE',  ( 0.000000000000000000, -0.9659258262890699775, -0.2588190451025145222 ) ) ;
#7246 = AXIS2_PLACEMENT_3D ( 'NONE', #12141, #2291, #349 ) ;
#7247 = LINE ( 'NONE', #12053, #6699 ) ;
#7248 = DIRECTION ( 'NONE',  ( 0.000000000000000000, -0.7071067811865484609, 0.7071067811865465735 ) ) ;
#7249 = CARTESIAN_POINT ( 'NONE',  ( -21.97100000000000364, 7.239000000000000767, -0.3810000000000025033 ) ) ;
#7250 = EDGE_CURVE ( 'NONE', #7765, #10360, #10331, .T. ) ;
#7251 = CARTESIAN_POINT ( 'NONE',  ( -10.16000000000000547, 8.509000000000000341, -1.270000000000001128 ) ) ;
#7252 = EDGE_LOOP ( 'NONE', ( #5514, #11570, #10572, #4332 ) ) ;
#7253 = LINE ( 'NONE', #8216, #7794 ) ;
#7254 = EDGE_CURVE ( 'NONE', #4241, #12627, #8570, .T. ) ;
#7255 = ORIENTED_EDGE ( 'NONE', *, *, #4506, .T. ) ;
#7256 = ORIENTED_EDGE ( 'NONE', *, *, #8946, .F. ) ;
#7257 = DIRECTION ( 'NONE',  ( 0.000000000000000000, 1.440069553722777130E-16, -1.000000000000000000 ) ) ;
#7258 = VERTEX_POINT ( 'NONE', #3551 ) ;
#7259 = ORIENTED_EDGE ( 'NONE', *, *, #6897, .T. ) ;
#7260 = EDGE_CURVE ( 'NONE', #432, #4292, #8454, .T. ) ;
#7261 = ADVANCED_FACE ( 'NONE', ( #2653 ), #10590, .F. ) ;
#7262 = CARTESIAN_POINT ( 'NONE',  ( 21.20899999999999963, 7.239000000000000767, 0.3809999999999962861 ) ) ;
#7263 = ORIENTED_EDGE ( 'NONE', *, *, #8797, .F. ) ;
#7264 = ADVANCED_FACE ( 'NONE', ( #7479 ), #11831, .F. ) ;
#7265 = DIRECTION ( 'NONE',  ( 0.000000000000000000, 0.000000000000000000, 1.000000000000000000 ) ) ;
#7266 = CARTESIAN_POINT ( 'NONE',  ( -19.43100000000000449, 8.064500000000000668, -0.3810000000000023368 ) ) ;
#7267 = ORIENTED_EDGE ( 'NONE', *, *, #9636, .F. ) ;
#7268 = CARTESIAN_POINT ( 'NONE',  ( -24.51100000000000634, 7.239000000000000767, 0.3809999999999962861 ) ) ;
#7269 = LINE ( 'NONE', #2290, #12844 ) ;
#7270 = CARTESIAN_POINT ( 'NONE',  ( 17.77999999999999758, 0.5080000000000000071, 0.7528818102449925664 ) ) ;
#7271 = EDGE_CURVE ( 'NONE', #7882, #10876, #3740, .T. ) ;
#7272 = EDGE_LOOP ( 'NONE', ( #6507, #12574, #9072, #1831 ) ) ;
#7273 = CARTESIAN_POINT ( 'NONE',  ( 5.079999999999993854, 0.000000000000000000, 1.269999999999998908 ) ) ;
#7274 = CARTESIAN_POINT ( 'NONE',  ( 2.984499999999993936, 8.509000000000000341, 0.8254999999999981242 ) ) ;
#7275 = DIRECTION ( 'NONE',  ( -0.000000000000000000, -0.000000000000000000, 1.000000000000000000 ) ) ;
#7276 = CARTESIAN_POINT ( 'NONE',  ( -17.78000000000000469, 8.509000000000000341, 0.8254999999999981242 ) ) ;
#7277 = VERTEX_POINT ( 'NONE', #4865 ) ;
#7278 = ORIENTED_EDGE ( 'NONE', *, *, #1605, .F. ) ;
#7279 = CARTESIAN_POINT ( 'NONE',  ( -17.78000000000000469, -1.925929944387235853E-31, 0.8889999999999991243 ) ) ;
#7280 = LINE ( 'NONE', #7400, #5681 ) ;
#7281 = FACE_OUTER_BOUND ( 'NONE', #4508, .T. ) ;
#7282 = LINE ( 'NONE', #7225, #916 ) ;
#7283 = LINE ( 'NONE', #2250, #12112 ) ;
#7284 = PLANE ( 'NONE',  #8915 ) ;
#7285 = DIRECTION ( 'NONE',  ( -1.000000000000000000, -0.000000000000000000, -0.000000000000000000 ) ) ;
#7286 = VERTEX_POINT ( 'NONE', #826 ) ;
#7287 = CARTESIAN_POINT ( 'NONE',  ( -5.080000000000004512, 0.000000000000000000, 1.269999999999998908 ) ) ;
#7288 = CARTESIAN_POINT ( 'NONE',  ( -21.46300000000000807, 7.810500000000000220, -0.1270000000000020557 ) ) ;
#7289 = ORIENTED_EDGE ( 'NONE', *, *, #4717, .F. ) ;
#7290 = PLANE ( 'NONE',  #1941 ) ;
#7291 = ORIENTED_EDGE ( 'NONE', *, *, #3480, .T. ) ;
#7292 = PLANE ( 'NONE',  #7123 ) ;
#7293 = PLANE ( 'NONE',  #5118 ) ;
#7294 = CARTESIAN_POINT ( 'NONE',  ( -27.94000000000000483, 3.110602869834277161E-16, -1.270000000000001128 ) ) ;
#7295 = EDGE_LOOP ( 'NONE', ( #5542, #5410, #11147, #12673, #10659, #9643, #12762, #12103 ) ) ;
#7296 =( LENGTH_UNIT ( ) NAMED_UNIT ( * ) SI_UNIT ( .MILLI., .METRE. ) );
#7297 = ORIENTED_EDGE ( 'NONE', *, *, #12491, .F. ) ;
#7298 = DIRECTION ( 'NONE',  ( -0.000000000000000000, 1.000000000000000000, 1.733406087350420004E-16 ) ) ;
#7299 = EDGE_LOOP ( 'NONE', ( #8962, #268, #8802, #12745 ) ) ;
#7300 = LINE ( 'NONE', #1547, #10690 ) ;
#7301 = PRESENTATION_STYLE_ASSIGNMENT (( #6325 ) ) ;
#7302 = ADVANCED_FACE ( 'NONE', ( #7669 ), #1919, .F. ) ;
#7303 = EDGE_CURVE ( 'NONE', #8885, #3455, #1984, .T. ) ;
#7304 = FACE_OUTER_BOUND ( 'NONE', #4494, .T. ) ;
#7305 = CARTESIAN_POINT ( 'NONE',  ( 25.39999999999999858, 2.177422008883992879E-16, -0.8890000000000013447 ) ) ;
#7306 = LINE ( 'NONE', #5214, #6973 ) ;
#7307 = EDGE_CURVE ( 'NONE', #4346, #7286, #8702, .T. ) ;
#7308 = ORIENTED_EDGE ( 'NONE', *, *, #4637, .T. ) ;
#7309 = ORIENTED_EDGE ( 'NONE', *, *, #5491, .F. ) ;
#7310 =( GEOMETRIC_REPRESENTATION_CONTEXT ( 3 ) GLOBAL_UNCERTAINTY_ASSIGNED_CONTEXT ( ( #8276 ) ) GLOBAL_UNIT_ASSIGNED_CONTEXT ( ( #7296, #5337, #12244 ) ) REPRESENTATION_CONTEXT ( 'NONE', 'WORKASPACE' ) );
#7311 = LINE ( 'NONE', #4114, #4887 ) ;
#7312 = VERTEX_POINT ( 'NONE', #11635 ) ;
#7313 = EDGE_LOOP ( 'NONE', ( #628, #4357, #12285, #7309 ) ) ;
#7314 = EDGE_CURVE ( 'NONE', #7445, #3577, #5974, .T. ) ;
#7315 = DIRECTION ( 'NONE',  ( 0.000000000000000000, 0.000000000000000000, 1.000000000000000000 ) ) ;
#7316 = EDGE_LOOP ( 'NONE', ( #8305, #2070, #11703, #5369 ) ) ;
#7317 = MECHANICAL_DESIGN_GEOMETRIC_PRESENTATION_REPRESENTATION (  '', ( #4176 ), #2932 ) ;
#7318 = CARTESIAN_POINT ( 'NONE',  ( -4.635500000000003951, 8.509000000000000341, 0.8254999999999981242 ) ) ;
#7319 = DIRECTION ( 'NONE',  ( 0.000000000000000000, -1.000000000000000000, -2.548365665731588345E-16 ) ) ;
#7320 = VERTEX_POINT ( 'NONE', #5703 ) ;
#7321 = EDGE_CURVE ( 'NONE', #9416, #9646, #7868, .T. ) ;
#7322 = PLANE ( 'NONE',  #2809 ) ;
#7323 = CARTESIAN_POINT ( 'NONE',  ( -15.24000000000000554, 8.509000000000000341, 1.270000000000001128 ) ) ;
#7324 = DIRECTION ( 'NONE',  ( -0.000000000000000000, 0.000000000000000000, -1.000000000000000000 ) ) ;
#7325 = ADVANCED_FACE ( 'NONE', ( #9745 ), #11698, .F. ) ;
#7326 = VERTEX_POINT ( 'NONE', #9687 ) ;
#7327 = PLANE ( 'NONE',  #9204 ) ;
#7328 = CARTESIAN_POINT ( 'NONE',  ( -20.32000000000000384, -1.925929944387235853E-31, 0.8889999999999991243 ) ) ;
#7329 = ORIENTED_EDGE ( 'NONE', *, *, #8936, .T. ) ;
#7330 = PRESENTATION_LAYER_ASSIGNMENT (  '', '', ( #5239 ) ) ;
#7331 = VECTOR ( 'NONE', #4093, 1000.000000000000000 ) ;
#7332 = EDGE_CURVE ( 'NONE', #5271, #10157, #6827, .T. ) ;
#7333 = CARTESIAN_POINT ( 'NONE',  ( 0.3810000000000000053, -2.692399999999995686, -0.2032000000000001305 ) ) ;
#7334 = ORIENTED_EDGE ( 'NONE', *, *, #6846, .T. ) ;
#7335 = CARTESIAN_POINT ( 'NONE',  ( 15.23999999999999666, 0.5080000000000002292, -0.7528818102449945648 ) ) ;
#7336 = CARTESIAN_POINT ( 'NONE',  ( 10.15999999999999481, 0.5080000000000002292, -0.7528818102449945648 ) ) ;
#7337 = PLANE ( 'NONE',  #9456 ) ;
#7338 = LINE ( 'NONE', #9294, #10239 ) ;
#7339 = VECTOR ( 'NONE', #6810, 999.9999999999998863 ) ;
#7340 = PLANE ( 'NONE',  #3829 ) ;
#7341 = LINE ( 'NONE', #5321, #12638 ) ;
#7342 = CARTESIAN_POINT ( 'NONE',  ( 21.46300000000000097, 7.810500000000000220, -0.1270000000000020557 ) ) ;
#7343 = VERTEX_POINT ( 'NONE', #8763 ) ;
#7344 = CARTESIAN_POINT ( 'NONE',  ( -20.32000000000000384, 8.509000000000000341, 1.270000000000001128 ) ) ;
#7345 = EDGE_CURVE ( 'NONE', #5656, #6706, #6759, .T. ) ;
#7346 = LINE ( 'NONE', #369, #1961 ) ;
#7347 = EDGE_LOOP ( 'NONE', ( #8505, #1136, #7043, #8106 ) ) ;
#7348 = VECTOR ( 'NONE', #10089, 1000.000000000000000 ) ;
#7349 = LINE ( 'NONE', #12236, #1534 ) ;
#7350 = ORIENTED_EDGE ( 'NONE', *, *, #9983, .T. ) ;
#7351 = CARTESIAN_POINT ( 'NONE',  ( -10.16000000000000547, 2.177422008883992879E-16, -0.8890000000000013447 ) ) ;
#7352 = LINE ( 'NONE', #9500, #7415 ) ;
#7353 = LINE ( 'NONE', #4491, #5696 ) ;
#7354 = ORIENTED_EDGE ( 'NONE', *, *, #11559, .F. ) ;
#7355 = CARTESIAN_POINT ( 'NONE',  ( 25.39999999999999858, 8.509000000000000341, -1.270000000000001128 ) ) ;
#7356 = VERTEX_POINT ( 'NONE', #2845 ) ;
#7357 = AXIS2_PLACEMENT_3D ( 'NONE', #4556, #12493, #3553 ) ;
#7358 = EDGE_LOOP ( 'NONE', ( #3920, #7051, #4803, #6379 ) ) ;
#7359 = DIRECTION ( 'NONE',  ( -1.000000000000000000, -0.000000000000000000, -0.000000000000000000 ) ) ;
#7360 = ORIENTED_EDGE ( 'NONE', *, *, #4334, .T. ) ;
#7361 = DIRECTION ( 'NONE',  ( -0.000000000000000000, 1.000000000000000000, 1.733406087350420004E-16 ) ) ;
#7362 = STYLED_ITEM ( 'NONE', ( #11478 ), #1947 ) ;
#7363 = VECTOR ( 'NONE', #1188, 1000.000000000000000 ) ;
#7364 = DIRECTION ( 'NONE',  ( 0.000000000000000000, -5.054934237236841843E-31, -1.000000000000000000 ) ) ;
#7365 = EDGE_CURVE ( 'NONE', #10847, #7356, #4802, .T. ) ;
#7366 = DIRECTION ( 'NONE',  ( -0.000000000000000000, 0.000000000000000000, -1.000000000000000000 ) ) ;
#7367 = EDGE_LOOP ( 'NONE', ( #6628, #5221, #990, #6137 ) ) ;
#7368 = PLANE ( 'NONE',  #750 ) ;
#7369 = VERTEX_POINT ( 'NONE', #10849 ) ;
#7370 = ORIENTED_EDGE ( 'NONE', *, *, #9954, .F. ) ;
#7371 = AXIS2_PLACEMENT_3D ( 'NONE', #12505, #3510, #10277 ) ;
#7372 = ADVANCED_FACE ( 'NONE', ( #3879 ), #4682, .F. ) ;
#7373 = ORIENTED_EDGE ( 'NONE', *, *, #5540, .T. ) ;
#7374 = LINE ( 'NONE', #2416, #3432 ) ;
#7375 = ORIENTED_EDGE ( 'NONE', *, *, #3340, .T. ) ;
#7376 = ORIENTED_EDGE ( 'NONE', *, *, #11251, .F. ) ;
#7377 = EDGE_CURVE ( 'NONE', #6504, #9187, #3685, .T. ) ;
#7378 = LINE ( 'NONE', #5412, #5529 ) ;
#7379 = VERTEX_POINT ( 'NONE', #2715 ) ;
#7380 = AXIS2_PLACEMENT_3D ( 'NONE', #2879, #4041, #7901 ) ;
#7381 = STYLED_ITEM ( 'NONE', ( #6108 ), #10390 ) ;
#7382 = CARTESIAN_POINT ( 'NONE',  ( -18.22450000000000614, 8.509000000000000341, -0.8255000000000036753 ) ) ;
#7383 = CARTESIAN_POINT ( 'NONE',  ( 8.508999999999995012, 7.239000000000000767, 0.3809999999999962861 ) ) ;
#7384 = EDGE_LOOP ( 'NONE', ( #4564, #5612, #2771, #4767 ) ) ;
#7385 = DIRECTION ( 'NONE',  ( 0.000000000000000000, 0.000000000000000000, -1.000000000000000000 ) ) ;
#7386 = CARTESIAN_POINT ( 'NONE',  ( 10.15999999999999481, 2.177422008883992879E-16, -0.8890000000000013447 ) ) ;
#7387 = LINE ( 'NONE', #9135, #7863 ) ;
#7388 = ORIENTED_EDGE ( 'NONE', *, *, #6632, .F. ) ;
#7389 = CARTESIAN_POINT ( 'NONE',  ( 19.17699999999999605, 7.810500000000001108, 0.1269999999999965878 ) ) ;
#7390 = CARTESIAN_POINT ( 'NONE',  ( -2.540000000000004032, 0.5080000000000000071, 0.7528818102449925664 ) ) ;
#7391 = DIRECTION ( 'NONE',  ( 0.000000000000000000, -5.054934237236841843E-31, -1.000000000000000000 ) ) ;
#7392 = VECTOR ( 'NONE', #11931, 1000.000000000000000 ) ;
#7393 = AXIS2_PLACEMENT_3D ( 'NONE', #10246, #3292, #360 ) ;
#7394 = ORIENTED_EDGE ( 'NONE', *, *, #2519, .F. ) ;
#7395 = STYLED_ITEM ( 'NONE', ( #4149 ), #10434 ) ;
#7396 = DIRECTION ( 'NONE',  ( 0.000000000000000000, 2.449293598294710852E-16, -1.000000000000000000 ) ) ;
#7397 = FACE_OUTER_BOUND ( 'NONE', #6863, .T. ) ;
#7398 = ORIENTED_EDGE ( 'NONE', *, *, #9556, .T. ) ;
#7399 = VECTOR ( 'NONE', #7385, 1000.000000000000000 ) ;
#7400 = CARTESIAN_POINT ( 'NONE',  ( 1.650999999999996248, 8.064500000000000668, 0.3809999999999962861 ) ) ;
#7401 = MECHANICAL_DESIGN_GEOMETRIC_PRESENTATION_REPRESENTATION (  '', ( #10512 ), #11765 ) ;
#7402 = DIRECTION ( 'NONE',  ( -0.000000000000000000, -0.7071067811865482389, -0.7071067811865469066 ) ) ;
#7403 = DIRECTION ( 'NONE',  ( 0.000000000000000000, 1.733406087350420004E-16, -1.000000000000000000 ) ) ;
#7404 = DIRECTION ( 'NONE',  ( -0.000000000000000000, 0.2588190451025140781, 0.9659258262890700886 ) ) ;
#7405 = VECTOR ( 'NONE', #7359, 1000.000000000000000 ) ;
#7406 = ADVANCED_FACE ( 'NONE', ( #764 ), #4745, .F. ) ;
#7407 = PLANE ( 'NONE',  #5578 ) ;
#7408 = DIRECTION ( 'NONE',  ( 0.000000000000000000, 0.000000000000000000, -1.000000000000000000 ) ) ;
#7409 = ORIENTED_EDGE ( 'NONE', *, *, #9688, .F. ) ;
#7410 = DIRECTION ( 'NONE',  ( -0.5773502691896252870, -0.5773502691896251759, -0.5773502691896267303 ) ) ;
#7411 = LINE ( 'NONE', #7288, #7808 ) ;
#7412 = AXIS2_PLACEMENT_3D ( 'NONE', #5401, #11396, #323 ) ;
#7413 = EDGE_LOOP ( 'NONE', ( #11228, #684, #539, #12372 ) ) ;
#7414 = EDGE_CURVE ( 'NONE', #11498, #8677, #3942, .T. ) ;
#7415 = VECTOR ( 'NONE', #5393, 1000.000000000000000 ) ;
#7416 = CARTESIAN_POINT ( 'NONE',  ( 15.23999999999999666, 8.509000000000000341, -1.270000000000001128 ) ) ;
#7417 = EDGE_CURVE ( 'NONE', #6249, #12127, #2963, .T. ) ;
#7418 = EDGE_LOOP ( 'NONE', ( #2796, #9308, #2971, #2827 ) ) ;
#7419 = EDGE_CURVE ( 'NONE', #1288, #12257, #11958, .T. ) ;
#7420 = CARTESIAN_POINT ( 'NONE',  ( 15.23999999999999666, 0.5080000000000000071, 0.7528818102449925664 ) ) ;
#7421 = VERTEX_POINT ( 'NONE', #5244 ) ;
#7422 = CARTESIAN_POINT ( 'NONE',  ( 5.079999999999993854, 8.509000000000000341, 1.270000000000001128 ) ) ;
#7423 = LINE ( 'NONE', #6580, #12403 ) ;
#7424 = DIRECTION ( 'NONE',  ( -0.000000000000000000, 1.000000000000000000, 1.440069553722777130E-16 ) ) ;
#7425 =( REPRESENTATION_RELATIONSHIP ('NONE','NONE', #7825, #3815 ) REPRESENTATION_RELATIONSHIP_WITH_TRANSFORMATION ( #4349 )SHAPE_REPRESENTATION_RELATIONSHIP( ) );
#7426 = VERTEX_POINT ( 'NONE', #8057 ) ;
#7427 = ORIENTED_EDGE ( 'NONE', *, *, #12804, .F. ) ;
#7428 = LINE ( 'NONE', #6455, #10624 ) ;
#7429 = VERTEX_POINT ( 'NONE', #289 ) ;
#7430 = ADVANCED_FACE ( 'NONE', ( #3290 ), #5045, .F. ) ;
#7431 = EDGE_CURVE ( 'NONE', #8779, #3126, #9016, .T. ) ;
#7432 = PLANE ( 'NONE',  #12404 ) ;
#7433 = ORIENTED_EDGE ( 'NONE', *, *, #12732, .F. ) ;
#7434 = LINE ( 'NONE', #11394, #8409 ) ;
#7435 = SURFACE_STYLE_FILL_AREA ( #9246 ) ;
#7436 = CARTESIAN_POINT ( 'NONE',  ( 17.77999999999999758, 3.110602869834277161E-16, -1.270000000000001128 ) ) ;
#7437 = VECTOR ( 'NONE', #2851, 1000.000000000000000 ) ;
#7438 = DIRECTION ( 'NONE',  ( -0.5773502691896253980, 0.5773502691896253980, -0.5773502691896265082 ) ) ;
#7439 = ORIENTED_EDGE ( 'NONE', *, *, #5222, .F. ) ;
#7440 = DIRECTION ( 'NONE',  ( 0.000000000000000000, -1.000000000000000000, 0.000000000000000000 ) ) ;
#7441 = ORIENTED_EDGE ( 'NONE', *, *, #4191, .F. ) ;
#7442 = ORIENTED_EDGE ( 'NONE', *, *, #10292, .T. ) ;
#7443 = VECTOR ( 'NONE', #7982, 1000.000000000000114 ) ;
#7444 = DIRECTION ( 'NONE',  ( -0.000000000000000000, -0.000000000000000000, 1.000000000000000000 ) ) ;
#7445 = VERTEX_POINT ( 'NONE', #7222 ) ;
#7446 = ADVANCED_FACE ( 'NONE', ( #3095 ), #7086, .F. ) ;
#7447 = EDGE_CURVE ( 'NONE', #6510, #6990, #9093, .T. ) ;
#7448 = ORIENTED_EDGE ( 'NONE', *, *, #5489, .T. ) ;
#7449 = PLANE ( 'NONE',  #8239 ) ;
#7450 = ORIENTED_EDGE ( 'NONE', *, *, #12576, .T. ) ;
#7451 = CLOSED_SHELL ( 'NONE', ( #2912, #6743, #3369, #10708, #7582, #12425, #9330, #5894, #8604, #12854, #2842, #1417, #11929, #5306, #11936, #3489, #1815, #3806, #11536 ) ) ;
#7452 = DIRECTION ( 'NONE',  ( 0.000000000000000000, -5.054934237236841843E-31, -1.000000000000000000 ) ) ;
#7453 = DIRECTION ( 'NONE',  ( 0.000000000000000000, 5.054934237236841843E-31, 1.000000000000000000 ) ) ;
#7454 = VERTEX_POINT ( 'NONE', #12222 ) ;
#7455 = DIRECTION ( 'NONE',  ( 0.000000000000000000, -2.449293598294710852E-16, 1.000000000000000000 ) ) ;
#7456 = LINE ( 'NONE', #8303, #7045 ) ;
#7457 = EDGE_LOOP ( 'NONE', ( #4280, #1591, #9390, #4113 ) ) ;
#7458 = DIRECTION ( 'NONE',  ( -0.000000000000000000, 0.2588190451025140781, 0.9659258262890700886 ) ) ;
#7459 = PLANE ( 'NONE',  #10211 ) ;
#7460 = EDGE_CURVE ( 'NONE', #2515, #1562, #8114, .T. ) ;
#7461 = CARTESIAN_POINT ( 'NONE',  ( 27.94000000000000483, 8.509000000000000341, 1.270000000000001128 ) ) ;
#7462 = EDGE_CURVE ( 'NONE', #11405, #8332, #8952, .T. ) ;
#7463 = PLANE ( 'NONE',  #4499 ) ;
#7464 = CARTESIAN_POINT ( 'NONE',  ( -2.540000000000004032, 0.000000000000000000, 1.269999999999998908 ) ) ;
#7465 = ORIENTED_EDGE ( 'NONE', *, *, #9059, .F. ) ;
#7466 = ADVANCED_FACE ( 'NONE', ( #11172 ), #2246, .F. ) ;
#7467 = CARTESIAN_POINT ( 'NONE',  ( 17.77999999999999758, 3.110602869834277161E-16, -1.270000000000001128 ) ) ;
#7468 = CARTESIAN_POINT ( 'NONE',  ( 25.39999999999999858, 0.000000000000000000, 1.269999999999998908 ) ) ;
#7469 = FACE_OUTER_BOUND ( 'NONE', #10299, .T. ) ;
#7470 = DIRECTION ( 'NONE',  ( 0.000000000000000000, 0.9659258262890699775, 0.2588190451025145222 ) ) ;
#7471 = DIRECTION ( 'NONE',  ( 0.000000000000000000, 0.000000000000000000, 1.000000000000000000 ) ) ;
#7472 = DIRECTION ( 'NONE',  ( -0.7071067811865475727, -0.7071067811865475727, 0.000000000000000000 ) ) ;
#7473 = ORIENTED_EDGE ( 'NONE', *, *, #9188, .T. ) ;
#7474 = CARTESIAN_POINT ( 'NONE',  ( 27.94000000000000483, 0.5080000000000002292, -0.7528818102449945648 ) ) ;
#7475 = DIRECTION ( 'NONE',  ( 0.5773502691896252870, -0.5773502691896251759, -0.5773502691896267303 ) ) ;
#7476 = ORIENTED_EDGE ( 'NONE', *, *, #10709, .T. ) ;
#7477 = CARTESIAN_POINT ( 'NONE',  ( -5.080000000000004512, 3.110602869834277161E-16, -1.270000000000001128 ) ) ;
#7478 = VERTEX_POINT ( 'NONE', #6229 ) ;
#7479 = FACE_OUTER_BOUND ( 'NONE', #7566, .T. ) ;
#7480 = EDGE_CURVE ( 'NONE', #599, #8099, #7026, .T. ) ;
#7481 = CARTESIAN_POINT ( 'NONE',  ( 22.85999999999999943, 8.509000000000000341, 0.8254999999999981242 ) ) ;
#7482 = LINE ( 'NONE', #11440, #1364 ) ;
#7483 = CARTESIAN_POINT ( 'NONE',  ( -5.080000000000004512, 8.509000000000000341, 1.270000000000001128 ) ) ;
#7484 = VERTEX_POINT ( 'NONE', #1261 ) ;
#7485 = CARTESIAN_POINT ( 'NONE',  ( 25.39999999999999858, 0.5080000000000002292, -0.7528818102449945648 ) ) ;
#7486 = ORIENTED_EDGE ( 'NONE', *, *, #4787, .T. ) ;
#7487 = CARTESIAN_POINT ( 'NONE',  ( 27.94000000000000128, 8.509000000000000341, 1.270000000000001128 ) ) ;
#7488 = ADVANCED_FACE ( 'NONE', ( #2038 ), #4266, .F. ) ;
#7489 = EDGE_CURVE ( 'NONE', #1639, #4885, #8249, .T. ) ;
#7490 = VERTEX_POINT ( 'NONE', #7279 ) ;
#7491 = EDGE_CURVE ( 'NONE', #3739, #10713, #2178, .T. ) ;
#7492 = EDGE_CURVE ( 'NONE', #6766, #4532, #6168, .T. ) ;
#7493 = DIRECTION ( 'NONE',  ( 1.000000000000000000, 0.000000000000000000, 0.000000000000000000 ) ) ;
#7494 = DIRECTION ( 'NONE',  ( -0.000000000000000000, -0.7071067811865482389, -0.7071067811865469066 ) ) ;
#7495 = DIRECTION ( 'NONE',  ( -0.000000000000000000, 0.000000000000000000, -1.000000000000000000 ) ) ;
#7496 = ORIENTED_EDGE ( 'NONE', *, *, #6438, .F. ) ;
#7497 = CARTESIAN_POINT ( 'NONE',  ( -7.620000000000005436, 0.5080000000000000071, 0.7528818102449925664 ) ) ;
#7498 = ORIENTED_EDGE ( 'NONE', *, *, #1661, .T. ) ;
#7499 = EDGE_LOOP ( 'NONE', ( #8661, #10056, #3960, #6985 ) ) ;
#7500 = FILL_AREA_STYLE_COLOUR ( '', #5090 ) ;
#7501 = ORIENTED_EDGE ( 'NONE', *, *, #10177, .F. ) ;
#7502 = ORIENTED_EDGE ( 'NONE', *, *, #315, .T. ) ;
#7503 = PLANE ( 'NONE',  #7001 ) ;
#7504 = ORIENTED_EDGE ( 'NONE', *, *, #6665, .T. ) ;
#7505 = CARTESIAN_POINT ( 'NONE',  ( -7.620000000000005436, 8.509000000000000341, 1.270000000000001128 ) ) ;
#7506 = CARTESIAN_POINT ( 'NONE',  ( 25.39999999999999858, 8.509000000000000341, 1.270000000000001128 ) ) ;
#7507 = EDGE_LOOP ( 'NONE', ( #1584, #8214, #8724, #1168 ) ) ;
#7508 = CARTESIAN_POINT ( 'NONE',  ( 6.730999999999993655, 7.239000000000000767, 0.3809999999999962861 ) ) ;
#7509 = DIRECTION ( 'NONE',  ( 0.000000000000000000, 0.000000000000000000, 1.000000000000000000 ) ) ;
#7510 = STYLED_ITEM ( 'NONE', ( #8911 ), #6144 ) ;
#7511 = ADVANCED_FACE ( 'NONE', ( #1204 ), #5185, .F. ) ;
#7512 = ORIENTED_EDGE ( 'NONE', *, *, #10510, .T. ) ;
#7513 = FACE_OUTER_BOUND ( 'NONE', #1658, .T. ) ;
#7514 = PLANE ( 'NONE',  #7963 ) ;
#7515 = DIRECTION ( 'NONE',  ( 0.000000000000000000, -1.000000000000000000, -2.548365665731588345E-16 ) ) ;
#7516 = ADVANCED_FACE ( 'NONE', ( #9476 ), #10244, .F. ) ;
#7517 = ORIENTED_EDGE ( 'NONE', *, *, #2785, .F. ) ;
#7518 = CARTESIAN_POINT ( 'NONE',  ( 26.28900000000000148, 7.239000000000000767, -0.3810000000000025033 ) ) ;
#7519 = ORIENTED_EDGE ( 'NONE', *, *, #11623, .T. ) ;
#7520 = DIRECTION ( 'NONE',  ( 0.5773502691896253980, 0.5773502691896253980, -0.5773502691896265082 ) ) ;
#7521 = CARTESIAN_POINT ( 'NONE',  ( -24.95550000000000423, 8.509000000000000341, -1.270000000000001128 ) ) ;
#7522 = CARTESIAN_POINT ( 'NONE',  ( 7.619999999999994778, 8.509000000000000341, 1.270000000000001128 ) ) ;
#7523 = FACE_OUTER_BOUND ( 'NONE', #3267, .T. ) ;
#7524 = CARTESIAN_POINT ( 'NONE',  ( -17.78000000000000469, 0.000000000000000000, 1.269999999999998908 ) ) ;
#7525 = DIRECTION ( 'NONE',  ( 0.000000000000000000, 0.000000000000000000, -1.000000000000000000 ) ) ;
#7526 = LINE ( 'NONE', #488, #42 ) ;
#7527 = ORIENTED_EDGE ( 'NONE', *, *, #1659, .F. ) ;
#7528 = AXIS2_PLACEMENT_3D ( 'NONE', #6356, #10309, #354 ) ;
#7529 = VECTOR ( 'NONE', #1807, 1000.000000000000000 ) ;
#7530 = LINE ( 'NONE', #7597, #5769 ) ;
#7531 = EDGE_CURVE ( 'NONE', #10360, #10226, #8313, .T. ) ;
#7532 = PRODUCT_DEFINITION_SHAPE ( 'NONE', 'NONE',  #12885 ) ;
#7533 = ORIENTED_EDGE ( 'NONE', *, *, #7677, .T. ) ;
#7534 = DIRECTION ( 'NONE',  ( -0.000000000000000000, -0.7071067811865482389, -0.7071067811865469066 ) ) ;
#7535 = ORIENTED_EDGE ( 'NONE', *, *, #11460, .T. ) ;
#7536 = AXIS2_PLACEMENT_3D ( 'NONE', #561, #5377, #12414 ) ;
#7537 = AXIS2_PLACEMENT_3D ( 'NONE', #8743, #3722, #11677 ) ;
#7538 = CARTESIAN_POINT ( 'NONE',  ( 17.77999999999999758, 0.000000000000000000, 1.269999999999998908 ) ) ;
#7539 = EDGE_CURVE ( 'NONE', #6180, #6291, #3538, .T. ) ;
#7540 = ORIENTED_EDGE ( 'NONE', *, *, #315, .F. ) ;
#7541 = PLANE ( 'NONE',  #3794 ) ;
#7542 = LINE ( 'NONE', #11511, #8653 ) ;
#7543 = LINE ( 'NONE', #9566, #4396 ) ;
#7544 = ORIENTED_EDGE ( 'NONE', *, *, #4773, .T. ) ;
#7545 = CARTESIAN_POINT ( 'NONE',  ( 20.31999999999999673, 0.5080000000000000071, 0.7528818102449925664 ) ) ;
#7546 = ORIENTED_EDGE ( 'NONE', *, *, #8137, .T. ) ;
#7547 = CARTESIAN_POINT ( 'NONE',  ( -14.35100000000000442, 7.239000000000000767, -0.3810000000000025033 ) ) ;
#7548 = VECTOR ( 'NONE', #2240, 1000.000000000000000 ) ;
#7549 = VECTOR ( 'NONE', #6782, 1000.000000000000114 ) ;
#7550 = VECTOR ( 'NONE', #4163, 1000.000000000000114 ) ;
#7551 = ORIENTED_EDGE ( 'NONE', *, *, #1557, .T. ) ;
#7552 = CARTESIAN_POINT ( 'NONE',  ( 23.74899999999999878, 8.064500000000000668, 0.3809999999999964526 ) ) ;
#7553 = DIRECTION ( 'NONE',  ( 0.000000000000000000, 0.000000000000000000, 1.000000000000000000 ) ) ;
#7554 = EDGE_LOOP ( 'NONE', ( #1332, #6732, #2546, #8784 ) ) ;
#7555 = PLANE ( 'NONE',  #3765 ) ;
#7556 = VECTOR ( 'NONE', #5431, 1000.000000000000000 ) ;
#7557 = PLANE ( 'NONE',  #846 ) ;
#7558 = VERTEX_POINT ( 'NONE', #2569 ) ;
#7559 = CARTESIAN_POINT ( 'NONE',  ( -27.94000000000000483, 8.509000000000000341, -1.270000000000001128 ) ) ;
#7560 = EDGE_CURVE ( 'NONE', #7379, #10340, #9668, .T. ) ;
#7561 = ORIENTED_EDGE ( 'NONE', *, *, #2513, .T. ) ;
#7562 = ORIENTED_EDGE ( 'NONE', *, *, #8361, .T. ) ;
#7563 = DIRECTION ( 'NONE',  ( -1.000000000000000000, -0.000000000000000000, -0.000000000000000000 ) ) ;
#7564 = ORIENTED_EDGE ( 'NONE', *, *, #2499, .T. ) ;
#7565 = VECTOR ( 'NONE', #12137, 1000.000000000000000 ) ;
#7566 = EDGE_LOOP ( 'NONE', ( #9310, #6664, #3300, #1003 ) ) ;
#7567 = DIRECTION ( 'NONE',  ( 0.000000000000000000, 2.548365665731588345E-16, -1.000000000000000000 ) ) ;
#7568 = VERTEX_POINT ( 'NONE', #5758 ) ;
#7569 = EDGE_CURVE ( 'NONE', #7900, #10795, #5623, .T. ) ;
#7570 = EDGE_CURVE ( 'NONE', #6613, #4346, #3926, .T. ) ;
#7571 = DIRECTION ( 'NONE',  ( 0.000000000000000000, 0.000000000000000000, 1.000000000000000000 ) ) ;
#7572 = CARTESIAN_POINT ( 'NONE',  ( -10.16000000000000547, 0.5080000000000000071, 0.7528818102449925664 ) ) ;
#7573 = ORIENTED_EDGE ( 'NONE', *, *, #12687, .T. ) ;
#7574 = AXIS2_PLACEMENT_3D ( 'NONE', #9886, #3893, #7682 ) ;
#7575 = LINE ( 'NONE', #6547, #4545 ) ;
#7576 = EDGE_CURVE ( 'NONE', #12845, #7781, #5883, .T. ) ;
#7577 = VERTEX_POINT ( 'NONE', #1839 ) ;
#7578 = PLANE ( 'NONE',  #8261 ) ;
#7579 = LINE ( 'NONE', #1443, #10048 ) ;
#7580 = DIRECTION ( 'NONE',  ( 0.000000000000000000, -1.000000000000000000, -1.733406087350420004E-16 ) ) ;
#7581 = DIRECTION ( 'NONE',  ( 0.000000000000000000, 0.000000000000000000, 1.000000000000000000 ) ) ;
#7582 = ADVANCED_FACE ( 'NONE', ( #676 ), #9852, .F. ) ;
#7583 = LINE ( 'NONE', #1644, #1767 ) ;
#7584 = FILL_AREA_STYLE_COLOUR ( '', #1887 ) ;
#7585 = ORIENTED_EDGE ( 'NONE', *, *, #9487, .F. ) ;
#7586 = VECTOR ( 'NONE', #12726, 1000.000000000000114 ) ;
#7587 = CARTESIAN_POINT ( 'NONE',  ( -25.40000000000000568, 2.177422008883992879E-16, -0.8890000000000013447 ) ) ;
#7588 = LINE ( 'NONE', #12724, #11123 ) ;
#7589 = LINE ( 'NONE', #3674, #3587 ) ;
#7590 = CARTESIAN_POINT ( 'NONE',  ( 7.619999999999994778, 0.5080000000000000071, 0.7528818102449925664 ) ) ;
#7591 = AXIS2_PLACEMENT_3D ( 'NONE', #9594, #2753, #6736 ) ;
#7592 = LINE ( 'NONE', #1970, #5781 ) ;
#7593 = AXIS2_PLACEMENT_3D ( 'NONE', #3792, #11748, #5761 ) ;
#7594 = CARTESIAN_POINT ( 'NONE',  ( -27.05100000000000549, 7.239000000000000767, -0.3810000000000025033 ) ) ;
#7595 = ORIENTED_EDGE ( 'NONE', *, *, #7539, .T. ) ;
#7596 = STYLED_ITEM ( 'NONE', ( #7082 ), #10611 ) ;
#7597 = CARTESIAN_POINT ( 'NONE',  ( 14.09699999999999420, 7.810500000000000220, -0.1270000000000020557 ) ) ;
#7598 = SURFACE_STYLE_FILL_AREA ( #9614 ) ;
#7599 = ORIENTED_EDGE ( 'NONE', *, *, #7307, .F. ) ;
#7600 = EDGE_CURVE ( 'NONE', #5010, #6000, #6869, .T. ) ;
#7601 = LINE ( 'NONE', #2713, #3000 ) ;
#7602 = ORIENTED_EDGE ( 'NONE', *, *, #4333, .T. ) ;
#7603 = AXIS2_PLACEMENT_3D ( 'NONE', #7262, #8227, #8037 ) ;
#7604 = AXIS2_PLACEMENT_3D ( 'NONE', #12119, #5151, #5280 ) ;
#7605 = CARTESIAN_POINT ( 'NONE',  ( 15.68449999999999633, 8.509000000000000341, -0.8255000000000036753 ) ) ;
#7606 = ORIENTED_EDGE ( 'NONE', *, *, #819, .F. ) ;
#7607 = VECTOR ( 'NONE', #10176, 1000.000000000000000 ) ;
#7608 = LINE ( 'NONE', #2655, #7757 ) ;
#7609 = PLANE ( 'NONE',  #10101 ) ;
#7610 = DIRECTION ( 'NONE',  ( 0.000000000000000000, -2.449293598294710852E-16, 1.000000000000000000 ) ) ;
#7611 = EDGE_CURVE ( 'NONE', #10387, #11849, #7909, .T. ) ;
#7612 = CARTESIAN_POINT ( 'NONE',  ( 5.079999999999993854, 2.177422008883992879E-16, -0.8890000000000013447 ) ) ;
#7613 = ORIENTED_EDGE ( 'NONE', *, *, #10908, .T. ) ;
#7614 = DIRECTION ( 'NONE',  ( -0.000000000000000000, -0.000000000000000000, 1.000000000000000000 ) ) ;
#7615 = AXIS2_PLACEMENT_3D ( 'NONE', #660, #12521, #11466 ) ;
#7616 = VECTOR ( 'NONE', #328, 1000.000000000000000 ) ;
#7617 = ADVANCED_FACE ( 'NONE', ( #4848 ), #6622, .F. ) ;
#7618 = LINE ( 'NONE', #6705, #5919 ) ;
#7619 = ORIENTED_EDGE ( 'NONE', *, *, #7790, .F. ) ;
#7620 = LINE ( 'NONE', #10667, #909 ) ;
#7621 = DIRECTION ( 'NONE',  ( 1.000000000000000000, 0.000000000000000000, 0.000000000000000000 ) ) ;
#7622 = ORIENTED_EDGE ( 'NONE', *, *, #6372, .F. ) ;
#7623 = CARTESIAN_POINT ( 'NONE',  ( 17.77999999999999758, -1.925929944387235853E-31, 0.8889999999999991243 ) ) ;
#7624 = ADVANCED_FACE ( 'NONE', ( #1036 ), #11135, .F. ) ;
#7625 = EDGE_CURVE ( 'NONE', #3005, #6693, #4915, .T. ) ;
#7626 = PLANE ( 'NONE',  #11132 ) ;
#7627 = EDGE_LOOP ( 'NONE', ( #6533, #5163, #3096, #4206 ) ) ;
#7628 = CARTESIAN_POINT ( 'NONE',  ( -22.86000000000000654, 0.5080000000000002292, -0.7528818102449945648 ) ) ;
#7629 = ORIENTED_EDGE ( 'NONE', *, *, #590, .F. ) ;
#7630 = EDGE_LOOP ( 'NONE', ( #1226, #7394, #9598, #9837 ) ) ;
#7631 = VECTOR ( 'NONE', #1554, 1000.000000000000000 ) ;
#7632 = VERTEX_POINT ( 'NONE', #12849 ) ;
#7633 = VERTEX_POINT ( 'NONE', #11618 ) ;
#7634 = ADVANCED_FACE ( 'NONE', ( #1646 ), #9600, .F. ) ;
#7635 = DIRECTION ( 'NONE',  ( 0.000000000000000000, 0.000000000000000000, -1.000000000000000000 ) ) ;
#7636 = ORIENTED_EDGE ( 'NONE', *, *, #7303, .F. ) ;
#7637 = DIRECTION ( 'NONE',  ( -1.000000000000000000, -0.000000000000000000, -0.000000000000000000 ) ) ;
#7638 = EDGE_CURVE ( 'NONE', #5790, #6180, #6678, .T. ) ;
#7639 = DIRECTION ( 'NONE',  ( -1.000000000000000000, -0.000000000000000000, -0.000000000000000000 ) ) ;
#7640 = ORIENTED_EDGE ( 'NONE', *, *, #1033, .F. ) ;
#7641 = CARTESIAN_POINT ( 'NONE',  ( 0.1961031209927693864, -3.200400000000000134, 0.2032000000000001583 ) ) ;
#7642 = VECTOR ( 'NONE', #5632, 1000.000000000000000 ) ;
#7643 = ORIENTED_EDGE ( 'NONE', *, *, #4717, .T. ) ;
#7644 = DIRECTION ( 'NONE',  ( 0.000000000000000000, 2.449293598294710852E-16, -1.000000000000000000 ) ) ;
#7645 = DIRECTION ( 'NONE',  ( 0.000000000000000000, -5.054934237236841843E-31, -1.000000000000000000 ) ) ;
#7646 = ADVANCED_FACE ( 'NONE', ( #1705 ), #5687, .T. ) ;
#7647 = CARTESIAN_POINT ( 'NONE',  ( -24.51100000000000634, 7.239000000000000767, -0.3810000000000025033 ) ) ;
#7648 = EDGE_CURVE ( 'NONE', #5365, #8874, #10702, .T. ) ;
#7649 = EDGE_CURVE ( 'NONE', #10157, #3552, #1773, .T. ) ;
#7650 = DIRECTION ( 'NONE',  ( 0.000000000000000000, 0.2588190451025145222, -0.9659258262890699775 ) ) ;
#7651 = VERTEX_POINT ( 'NONE', #7774 ) ;
#7652 = CARTESIAN_POINT ( 'NONE',  ( 12.69999999999999574, 2.177422008883992879E-16, -0.8890000000000013447 ) ) ;
#7653 = EDGE_CURVE ( 'NONE', #8005, #10122, #11745, .T. ) ;
#7654 = CARTESIAN_POINT ( 'NONE',  ( 10.15999999999999481, 8.509000000000000341, 1.270000000000001128 ) ) ;
#7655 = LINE ( 'NONE', #12608, #11541 ) ;
#7656 = DIRECTION ( 'NONE',  ( 0.000000000000000000, 0.000000000000000000, 1.000000000000000000 ) ) ;
#7657 = DIRECTION ( 'NONE',  ( 0.000000000000000000, -0.000000000000000000, -1.000000000000000000 ) ) ;
#7658 = ORIENTED_EDGE ( 'NONE', *, *, #4489, .T. ) ;
#7659 = LINE ( 'NONE', #10641, #12240 ) ;
#7660 = CARTESIAN_POINT ( 'NONE',  ( -21.97100000000000364, 7.239000000000000767, 0.3809999999999962861 ) ) ;
#7661 = EDGE_LOOP ( 'NONE', ( #78, #3648, #10260, #8135 ) ) ;
#7662 = CARTESIAN_POINT ( 'NONE',  ( -10.16000000000000547, 0.000000000000000000, 1.269999999999998908 ) ) ;
#7663 =( REPRESENTATION_RELATIONSHIP ('NONE','NONE', #7825, #3815 ) REPRESENTATION_RELATIONSHIP_WITH_TRANSFORMATION ( #3239 )SHAPE_REPRESENTATION_RELATIONSHIP( ) );
#7664 = VECTOR ( 'NONE', #348, 1000.000000000000000 ) ;
#7665 =( NAMED_UNIT ( * ) PLANE_ANGLE_UNIT ( ) SI_UNIT ( $, .RADIAN. ) );
#7666 = ORIENTED_EDGE ( 'NONE', *, *, #11746, .T. ) ;
#7667 = CARTESIAN_POINT ( 'NONE',  ( -24.51100000000000634, 7.239000000000000767, 0.3809999999999962861 ) ) ;
#7668 = ORIENTED_EDGE ( 'NONE', *, *, #12708, .T. ) ;
#7669 = FACE_OUTER_BOUND ( 'NONE', #5289, .T. ) ;
#7670 = CARTESIAN_POINT ( 'NONE',  ( 5.968999999999994976, 8.064500000000000668, 0.3809999999999962861 ) ) ;
#7671 = CARTESIAN_POINT ( 'NONE',  ( -7.620000000000005436, 3.110602869834277161E-16, -1.270000000000001128 ) ) ;
#7672 = DIRECTION ( 'NONE',  ( -0.000000000000000000, 0.000000000000000000, -1.000000000000000000 ) ) ;
#7673 = FACE_OUTER_BOUND ( 'NONE', #5744, .T. ) ;
#7674 = ORIENTED_EDGE ( 'NONE', *, *, #10420, .T. ) ;
#7675 = FILL_AREA_STYLE ('',( #9504 ) ) ;
#7676 = VERTEX_POINT ( 'NONE', #9000 ) ;
#7677 = EDGE_CURVE ( 'NONE', #3902, #11558, #2086, .T. ) ;
#7678 = DIRECTION ( 'NONE',  ( -1.000000000000000000, -0.000000000000000000, -0.000000000000000000 ) ) ;
#7679 = VECTOR ( 'NONE', #7438, 999.9999999999998863 ) ;
#7680 = CARTESIAN_POINT ( 'NONE',  ( 5.079999999999993854, 0.5080000000000000071, 0.7528818102449925664 ) ) ;
#7681 = ORIENTED_EDGE ( 'NONE', *, *, #4083, .T. ) ;
#7682 = DIRECTION ( 'NONE',  ( 0.000000000000000000, 1.000000000000000000, 1.733406087350420004E-16 ) ) ;
#7683 = DIRECTION ( 'NONE',  ( 0.000000000000000000, 0.000000000000000000, 1.000000000000000000 ) ) ;
#7684 = ORIENTED_EDGE ( 'NONE', *, *, #10752, .T. ) ;
#7685 = DIRECTION ( 'NONE',  ( 0.000000000000000000, 0.000000000000000000, 1.000000000000000000 ) ) ;
#7686 = EDGE_CURVE ( 'NONE', #10017, #10230, #269, .T. ) ;
#7687 = DIRECTION ( 'NONE',  ( 0.000000000000000000, 2.548365665731588345E-16, -1.000000000000000000 ) ) ;
#7688 = ORIENTED_EDGE ( 'NONE', *, *, #12160, .T. ) ;
#7689 = FACE_OUTER_BOUND ( 'NONE', #3303, .T. ) ;
#7690 = EDGE_LOOP ( 'NONE', ( #8758, #3280, #10610, #5808 ) ) ;
#7691 = ORIENTED_EDGE ( 'NONE', *, *, #11688, .T. ) ;
#7692 = LINE ( 'NONE', #11406, #9045 ) ;
#7693 = ORIENTED_EDGE ( 'NONE', *, *, #5586, .F. ) ;
#7694 = ADVANCED_FACE ( 'NONE', ( #11871 ), #11156, .F. ) ;
#7695 = ORIENTED_EDGE ( 'NONE', *, *, #953, .T. ) ;
#7696 = DIRECTION ( 'NONE',  ( -0.000000000000000000, -0.000000000000000000, 1.000000000000000000 ) ) ;
#7697 = ORIENTED_EDGE ( 'NONE', *, *, #1038, .F. ) ;
#7698 = DIRECTION ( 'NONE',  ( -1.000000000000000000, -0.000000000000000000, -0.000000000000000000 ) ) ;
#7699 = EDGE_CURVE ( 'NONE', #8515, #4277, #6211, .T. ) ;
#7700 = DIRECTION ( 'NONE',  ( 0.000000000000000000, -0.9659258262890699775, -0.2588190451025145222 ) ) ;
#7701 = ORIENTED_EDGE ( 'NONE', *, *, #6097, .F. ) ;
#7702 = CARTESIAN_POINT ( 'NONE',  ( -0.4445000000000038920, 8.509000000000000341, -1.270000000000001128 ) ) ;
#7703 = ORIENTED_EDGE ( 'NONE', *, *, #1836, .T. ) ;
#7704 = CARTESIAN_POINT ( 'NONE',  ( -22.41550000000000509, 8.509000000000000341, -0.8255000000000036753 ) ) ;
#7705 = PLANE ( 'NONE',  #11122 ) ;
#7706 = DIRECTION ( 'NONE',  ( 0.000000000000000000, 0.9659258262890699775, 0.2588190451025145222 ) ) ;
#7707 = FACE_OUTER_BOUND ( 'NONE', #9725, .T. ) ;
#7708 = VERTEX_POINT ( 'NONE', #1121 ) ;
#7709 = CARTESIAN_POINT ( 'NONE',  ( 21.20899999999999963, 8.064500000000000668, 0.3809999999999964526 ) ) ;
#7710 = EDGE_CURVE ( 'NONE', #2627, #4583, #10897, .T. ) ;
#7711 = DIRECTION ( 'NONE',  ( -0.000000000000000000, 1.000000000000000000, 1.440069553722777130E-16 ) ) ;
#7712 = FACE_OUTER_BOUND ( 'NONE', #2736, .T. ) ;
#7713 = CARTESIAN_POINT ( 'NONE',  ( -12.70000000000000462, 8.509000000000000341, -1.270000000000001128 ) ) ;
#7714 = CARTESIAN_POINT ( 'NONE',  ( -15.24000000000000554, 0.5080000000000000071, 0.7528818102449925664 ) ) ;
#7715 = PLANE ( 'NONE',  #12653 ) ;
#7716 = LINE ( 'NONE', #6749, #9639 ) ;
#7717 = ORIENTED_EDGE ( 'NONE', *, *, #3403, .T. ) ;
#7718 = EDGE_CURVE ( 'NONE', #6687, #2131, #7971, .T. ) ;
#7719 = CARTESIAN_POINT ( 'NONE',  ( -15.24000000000000554, -1.925929944387235853E-31, 0.8889999999999991243 ) ) ;
#7720 = DIRECTION ( 'NONE',  ( 0.000000000000000000, -5.054934237236841843E-31, -1.000000000000000000 ) ) ;
#7721 = VERTEX_POINT ( 'NONE', #5955 ) ;
#7722 = DIRECTION ( 'NONE',  ( -1.000000000000000000, -0.000000000000000000, -0.000000000000000000 ) ) ;
#7723 = ORIENTED_EDGE ( 'NONE', *, *, #11537, .T. ) ;
#7724 = DIRECTION ( 'NONE',  ( -1.000000000000000000, -0.000000000000000000, -0.000000000000000000 ) ) ;
#7725 = ORIENTED_EDGE ( 'NONE', *, *, #7653, .T. ) ;
#7726 = DIRECTION ( 'NONE',  ( 0.000000000000000000, 1.000000000000000000, -5.054934237236841843E-31 ) ) ;
#7727 = LINE ( 'NONE', #11639, #1132 ) ;
#7728 = DIRECTION ( 'NONE',  ( -1.000000000000000000, -0.000000000000000000, -0.000000000000000000 ) ) ;
#7729 = AXIS2_PLACEMENT_3D ( 'NONE', #3757, #4950, #9952 ) ;
#7730 = PLANE ( 'NONE',  #10784 ) ;
#7731 = PLANE ( 'NONE',  #2730 ) ;
#7732 = ORIENTED_EDGE ( 'NONE', *, *, #9873, .F. ) ;
#7733 = PLANE ( 'NONE',  #5759 ) ;
#7734 = VECTOR ( 'NONE', #1972, 1000.000000000000000 ) ;
#7735 = CARTESIAN_POINT ( 'NONE',  ( 20.31999999999999673, 3.110602869834277161E-16, -1.270000000000001128 ) ) ;
#7736 = ORIENTED_EDGE ( 'NONE', *, *, #6740, .F. ) ;
#7737 = VECTOR ( 'NONE', #10075, 1000.000000000000000 ) ;
#7738 = PLANE ( 'NONE',  #7574 ) ;
#7739 = VECTOR ( 'NONE', #3793, 1000.000000000000000 ) ;
#7740 = CARTESIAN_POINT ( 'NONE',  ( 21.58999999999999631, 0.000000000000000000, 0.000000000000000000 ) ) ;
#7741 = ORIENTED_EDGE ( 'NONE', *, *, #3658, .T. ) ;
#7742 = DIRECTION ( 'NONE',  ( 0.000000000000000000, 0.9659258262890700886, -0.2588190451025140781 ) ) ;
#7743 = DIRECTION ( 'NONE',  ( -0.000000000000000000, 1.000000000000000000, 1.733406087350420004E-16 ) ) ;
#7744 = DIRECTION ( 'NONE',  ( 0.000000000000000000, -5.054934237236841843E-31, -1.000000000000000000 ) ) ;
#7745 = VERTEX_POINT ( 'NONE', #70 ) ;
#7746 = DIRECTION ( 'NONE',  ( 0.000000000000000000, -1.733406087350420004E-16, 1.000000000000000000 ) ) ;
#7747 = VECTOR ( 'NONE', #9073, 1000.000000000000000 ) ;
#7748 = EDGE_LOOP ( 'NONE', ( #666, #12253, #8752, #6492 ) ) ;
#7749 = ORIENTED_EDGE ( 'NONE', *, *, #7175, .F. ) ;
#7750 = CARTESIAN_POINT ( 'NONE',  ( -2.540000000000004032, 8.509000000000000341, 1.270000000000001128 ) ) ;
#7751 = ORIENTED_EDGE ( 'NONE', *, *, #7935, .F. ) ;
#7752 = PLANE ( 'NONE',  #9012 ) ;
#7753 = ORIENTED_EDGE ( 'NONE', *, *, #6786, .F. ) ;
#7754 = VECTOR ( 'NONE', #7032, 1000.000000000000114 ) ;
#7755 = EDGE_CURVE ( 'NONE', #3739, #5199, #7071, .T. ) ;
#7756 = ADVANCED_FACE ( 'NONE', ( #11022 ), #9196, .F. ) ;
#7757 = VECTOR ( 'NONE', #8645, 1000.000000000000000 ) ;
#7758 = CARTESIAN_POINT ( 'NONE',  ( 28.19400000000000617, 3.110602869834277161E-16, -1.270000000000001128 ) ) ;
#7759 = ORIENTED_EDGE ( 'NONE', *, *, #8086, .T. ) ;
#7760 = CARTESIAN_POINT ( 'NONE',  ( -21.97100000000000364, 8.064500000000000668, -0.3810000000000023368 ) ) ;
#7761 = CARTESIAN_POINT ( 'NONE',  ( -7.620000000000005436, -1.925929944387235853E-31, 0.8889999999999991243 ) ) ;
#7762 = ORIENTED_EDGE ( 'NONE', *, *, #511, .T. ) ;
#7763 = ORIENTED_EDGE ( 'NONE', *, *, #4159, .T. ) ;
#7764 = DIRECTION ( 'NONE',  ( 0.000000000000000000, 1.440069553722777130E-16, -1.000000000000000000 ) ) ;
#7765 = VERTEX_POINT ( 'NONE', #12066 ) ;
#7766 = CARTESIAN_POINT ( 'NONE',  ( -5.080000000000004512, 0.000000000000000000, 1.269999999999998908 ) ) ;
#7767 = VECTOR ( 'NONE', #11619, 1000.000000000000000 ) ;
#7768 = CARTESIAN_POINT ( 'NONE',  ( 23.30449999999999733, 8.509000000000000341, -0.8255000000000036753 ) ) ;
#7769 = CARTESIAN_POINT ( 'NONE',  ( -10.16000000000000547, 0.000000000000000000, 0.000000000000000000 ) ) ;
#7770 = EDGE_CURVE ( 'NONE', #1306, #3847, #3134, .T. ) ;
#7771 = CARTESIAN_POINT ( 'NONE',  ( 12.69999999999999574, -1.925929944387235853E-31, 0.8889999999999991243 ) ) ;
#7772 = ORIENTED_EDGE ( 'NONE', *, *, #5263, .T. ) ;
#7773 = VECTOR ( 'NONE', #3135, 1000.000000000000000 ) ;
#7774 = CARTESIAN_POINT ( 'NONE',  ( 22.85999999999999943, 8.509000000000000341, -1.270000000000001128 ) ) ;
#7775 = DIRECTION ( 'NONE',  ( -0.000000000000000000, 0.000000000000000000, 1.000000000000000000 ) ) ;
#7776 = DIRECTION ( 'NONE',  ( 0.000000000000000000, -0.9659258262890699775, -0.2588190451025145222 ) ) ;
#7777 = DIRECTION ( 'NONE',  ( 0.000000000000000000, 5.054934237236841843E-31, 1.000000000000000000 ) ) ;
#7778 = FACE_OUTER_BOUND ( 'NONE', #5526, .T. ) ;
#7779 = PLANE ( 'NONE',  #3286 ) ;
#7780 = DIRECTION ( 'NONE',  ( -0.5773502691896253980, 0.5773502691896253980, -0.5773502691896265082 ) ) ;
#7781 = VERTEX_POINT ( 'NONE', #1186 ) ;
#7782 = CARTESIAN_POINT ( 'NONE',  ( 27.05099999999999838, 7.239000000000000767, -0.3810000000000025033 ) ) ;
#7783 = VECTOR ( 'NONE', #6446, 1000.000000000000000 ) ;
#7784 = CARTESIAN_POINT ( 'NONE',  ( 16.12899999999999778, 7.239000000000000767, 0.3809999999999962861 ) ) ;
#7785 = EDGE_LOOP ( 'NONE', ( #1772, #12635, #1665, #1913 ) ) ;
#7786 = CARTESIAN_POINT ( 'NONE',  ( 10.15999999999999481, 0.5080000000000000071, 0.7528818102449925664 ) ) ;
#7787 = EDGE_LOOP ( 'NONE', ( #1719, #1823, #6405, #1787 ) ) ;
#7788 = CARTESIAN_POINT ( 'NONE',  ( 19.17699999999999605, 7.810500000000000220, -0.1270000000000020557 ) ) ;
#7789 = VERTEX_POINT ( 'NONE', #3012 ) ;
#7790 = EDGE_CURVE ( 'NONE', #8606, #2799, #12136, .T. ) ;
#7791 = VECTOR ( 'NONE', #8615, 1000.000000000000000 ) ;
#7792 = VECTOR ( 'NONE', #3540, 1000.000000000000000 ) ;
#7793 = DIRECTION ( 'NONE',  ( 0.000000000000000000, 1.000000000000000000, 2.548365665731588345E-16 ) ) ;
#7794 = VECTOR ( 'NONE', #12195, 1000.000000000000000 ) ;
#7795 = STYLED_ITEM ( 'NONE', ( #5114 ), #10238 ) ;
#7796 = DIRECTION ( 'NONE',  ( 0.000000000000000000, 5.054934237236841843E-31, 1.000000000000000000 ) ) ;
#7797 = DIRECTION ( 'NONE',  ( 0.000000000000000000, 0.000000000000000000, -1.000000000000000000 ) ) ;
#7798 = EDGE_CURVE ( 'NONE', #5767, #11337, #9131, .T. ) ;
#7799 = LINE ( 'NONE', #9752, #5379 ) ;
#7800 = ORIENTED_EDGE ( 'NONE', *, *, #1030, .T. ) ;
#7801 = CARTESIAN_POINT ( 'NONE',  ( -17.33550000000000324, 8.509000000000000341, -1.270000000000001128 ) ) ;
#7802 = ADVANCED_FACE ( 'NONE', ( #4177 ), #8156, .F. ) ;
#7803 = MECHANICAL_DESIGN_GEOMETRIC_PRESENTATION_REPRESENTATION (  '', ( #1552 ), #2532 ) ;
#7804 = DIRECTION ( 'NONE',  ( -1.000000000000000000, -0.000000000000000000, -0.000000000000000000 ) ) ;
#7805 = VECTOR ( 'NONE', #4784, 1000.000000000000000 ) ;
#7806 = EDGE_LOOP ( 'NONE', ( #7822, #10131, #646, #2228 ) ) ;
#7807 = EDGE_CURVE ( 'NONE', #1562, #9369, #12008, .T. ) ;
#7808 = VECTOR ( 'NONE', #493, 999.9999999999998863 ) ;
#7809 = LINE ( 'NONE', #12752, #3409 ) ;
#7810 = DIRECTION ( 'NONE',  ( 0.000000000000000000, 0.000000000000000000, 1.000000000000000000 ) ) ;
#7811 = ORIENTED_EDGE ( 'NONE', *, *, #10543, .F. ) ;
#7812 = DIRECTION ( 'NONE',  ( -1.000000000000000000, -0.000000000000000000, -0.000000000000000000 ) ) ;
#7813 = EDGE_CURVE ( 'NONE', #8876, #7836, #7006, .T. ) ;
#7814 = VECTOR ( 'NONE', #17, 1000.000000000000000 ) ;
#7815 = CARTESIAN_POINT ( 'NONE',  ( 0.000000000000000000, 7.239000000000000767, -2.201425730935033664E-16 ) ) ;
#7816 = CARTESIAN_POINT ( 'NONE',  ( -2.540000000000004032, 2.177422008883992879E-16, -0.8890000000000013447 ) ) ;
#7817 = ORIENTED_EDGE ( 'NONE', *, *, #10815, .F. ) ;
#7818 = VECTOR ( 'NONE', #11990, 1000.000000000000000 ) ;
#7819 = FACE_OUTER_BOUND ( 'NONE', #3576, .T. ) ;
#7820 = VECTOR ( 'NONE', #5528, 1000.000000000000000 ) ;
#7821 = ORIENTED_EDGE ( 'NONE', *, *, #6786, .T. ) ;
#7822 = ORIENTED_EDGE ( 'NONE', *, *, #860, .T. ) ;
#7823 = VECTOR ( 'NONE', #8939, 1000.000000000000000 ) ;
#7824 = CARTESIAN_POINT ( 'NONE',  ( 21.20899999999999963, 8.064500000000000668, 0.3809999999999962861 ) ) ;
#7825 = SHAPE_REPRESENTATION ( 'NPPC221LFBN-RC', ( #11150, #3451, #10733, #2829, #10099, #4504, #11776, #6166, #2211, #337, #3874, #7219, #10743, #5537, #4085, #12199, #9290, #5129, #6600, #11157, #1995, #966, #8248, #3664 ), #10950 ) ;
#7826 = VERTEX_POINT ( 'NONE', #2231 ) ;
#7827 = ORIENTED_EDGE ( 'NONE', *, *, #788, .F. ) ;
#7828 = VECTOR ( 'NONE', #7315, 1000.000000000000000 ) ;
#7829 = AXIS2_PLACEMENT_3D ( 'NONE', #12558, #6697, #4617 ) ;
#7830 = CARTESIAN_POINT ( 'NONE',  ( -10.16000000000000547, 0.000000000000000000, 1.269999999999998908 ) ) ;
#7831 = DIRECTION ( 'NONE',  ( -1.000000000000000000, -0.000000000000000000, -0.000000000000000000 ) ) ;
#7832 = VERTEX_POINT ( 'NONE', #10161 ) ;
#7833 = CARTESIAN_POINT ( 'NONE',  ( -10.60450000000000692, 8.509000000000000341, -1.270000000000001128 ) ) ;
#7834 = CARTESIAN_POINT ( 'NONE',  ( 23.74899999999999878, 7.239000000000000767, -0.3810000000000025033 ) ) ;
#7835 = VERTEX_POINT ( 'NONE', #1964 ) ;
#7836 = VERTEX_POINT ( 'NONE', #1243 ) ;
#7837 = DIRECTION ( 'NONE',  ( 0.000000000000000000, -1.000000000000000000, -2.548365665731588345E-16 ) ) ;
#7838 = VERTEX_POINT ( 'NONE', #5226 ) ;
#7839 = DIRECTION ( 'NONE',  ( -1.000000000000000000, -0.000000000000000000, -0.000000000000000000 ) ) ;
#7840 = ADVANCED_FACE ( 'NONE', ( #9918 ), #997, .F. ) ;
#7841 = EDGE_CURVE ( 'NONE', #5713, #8874, #4317, .T. ) ;
#7842 = CARTESIAN_POINT ( 'NONE',  ( -10.16000000000000547, 0.5080000000000000071, 0.7528818102449925664 ) ) ;
#7843 = VECTOR ( 'NONE', #11417, 1000.000000000000114 ) ;
#7844 = DIRECTION ( 'NONE',  ( -0.000000000000000000, 1.000000000000000000, 1.733406087350420004E-16 ) ) ;
#7845 = EDGE_CURVE ( 'NONE', #12678, #10674, #1435, .T. ) ;
#7846 = LINE ( 'NONE', #3720, #12388 ) ;
#7847 = VERTEX_POINT ( 'NONE', #5478 ) ;
#7848 = VECTOR ( 'NONE', #9027, 1000.000000000000000 ) ;
#7849 = VECTOR ( 'NONE', #7227, 1000.000000000000000 ) ;
#7850 = CARTESIAN_POINT ( 'NONE',  ( 12.69999999999999574, 0.5080000000000000071, 0.7528818102449925664 ) ) ;
#7851 = LINE ( 'NONE', #2642, #1141 ) ;
#7852 = LINE ( 'NONE', #868, #4652 ) ;
#7853 = DIRECTION ( 'NONE',  ( -0.7071067811865475727, -0.7071067811865475727, 0.000000000000000000 ) ) ;
#7854 = EDGE_CURVE ( 'NONE', #9618, #12299, #9459, .T. ) ;
#7855 = ORIENTED_EDGE ( 'NONE', *, *, #3075, .F. ) ;
#7856 = LINE ( 'NONE', #6875, #8696 ) ;
#7857 = CARTESIAN_POINT ( 'NONE',  ( 2.539999999999993818, 3.110602869834277161E-16, -1.270000000000001128 ) ) ;
#7858 = VERTEX_POINT ( 'NONE', #540 ) ;
#7859 = LINE ( 'NONE', #5895, #10132 ) ;
#7860 = VECTOR ( 'NONE', #9357, 1000.000000000000000 ) ;
#7861 = SURFACE_STYLE_FILL_AREA ( #9982 ) ;
#7862 = PRODUCT_DEFINITION_SHAPE ( 'NONE', 'NONE',  #12891 ) ;
#7863 = VECTOR ( 'NONE', #5231, 1000.000000000000000 ) ;
#7864 = ORIENTED_EDGE ( 'NONE', *, *, #3255, .F. ) ;
#7865 = EDGE_CURVE ( 'NONE', #4861, #6334, #5359, .T. ) ;
#7866 = CARTESIAN_POINT ( 'NONE',  ( 9.016999999999994131, 7.810500000000001108, 0.1269999999999965878 ) ) ;
#7867 = ORIENTED_EDGE ( 'NONE', *, *, #12100, .F. ) ;
#7868 = LINE ( 'NONE', #12802, #3371 ) ;
#7869 = ORIENTED_EDGE ( 'NONE', *, *, #6767, .F. ) ;
#7870 = CARTESIAN_POINT ( 'NONE',  ( -20.76450000000000529, 8.509000000000000341, 0.8254999999999981242 ) ) ;
#7871 = LINE ( 'NONE', #767, #3033 ) ;
#7872 = FACE_OUTER_BOUND ( 'NONE', #3831, .T. ) ;
#7873 = EDGE_CURVE ( 'NONE', #9964, #9621, #4518, .T. ) ;
#7874 = VECTOR ( 'NONE', #10580, 1000.000000000000000 ) ;
#7875 = CARTESIAN_POINT ( 'NONE',  ( 16.12899999999999778, 7.239000000000000767, -0.3810000000000025033 ) ) ;
#7876 = ORIENTED_EDGE ( 'NONE', *, *, #11051, .T. ) ;
#7877 = FACE_OUTER_BOUND ( 'NONE', #1753, .T. ) ;
#7878 = FACE_OUTER_BOUND ( 'NONE', #12640, .T. ) ;
#7879 = ORIENTED_EDGE ( 'NONE', *, *, #11661, .F. ) ;
#7880 = LINE ( 'NONE', #2665, #503 ) ;
#7881 =( NAMED_UNIT ( * ) SI_UNIT ( $, .STERADIAN. ) SOLID_ANGLE_UNIT ( ) );
#7882 = VERTEX_POINT ( 'NONE', #462 ) ;
#7883 = CARTESIAN_POINT ( 'NONE',  ( 12.69999999999999574, 2.177422008883992879E-16, -0.8890000000000013447 ) ) ;
#7884 = EDGE_CURVE ( 'NONE', #7919, #9358, #3328, .T. ) ;
#7885 = CARTESIAN_POINT ( 'NONE',  ( 27.94000000000000483, 8.509000000000000341, -1.270000000000001128 ) ) ;
#7886 = CARTESIAN_POINT ( 'NONE',  ( 22.85999999999999943, 8.509000000000000341, 1.270000000000001128 ) ) ;
#7887 = VERTEX_POINT ( 'NONE', #2426 ) ;
#7888 = CLOSED_SHELL ( 'NONE', ( #1167, #8365, #1197, #8521, #8188, #10663, #2053, #3453, #12291, #9515, #7104, #7466, #2217, #1911, #6328, #8920, #2352, #6912, #12630 ) ) ;
#7889 = ORIENTED_EDGE ( 'NONE', *, *, #773, .T. ) ;
#7890 = ORIENTED_EDGE ( 'NONE', *, *, #10796, .T. ) ;
#7891 = ADVANCED_FACE ( 'NONE', ( #11471 ), #6541, .F. ) ;
#7892 = LINE ( 'NONE', #1195, #5858 ) ;
#7893 = ORIENTED_EDGE ( 'NONE', *, *, #2472, .T. ) ;
#7894 = ORIENTED_EDGE ( 'NONE', *, *, #7186, .F. ) ;
#7895 = DIRECTION ( 'NONE',  ( 0.000000000000000000, -2.449293598294710852E-16, 1.000000000000000000 ) ) ;
#7896 = VERTEX_POINT ( 'NONE', #5414 ) ;
#7897 = CARTESIAN_POINT ( 'NONE',  ( -12.70000000000000639, 8.509000000000000341, 1.270000000000001128 ) ) ;
#7898 = ADVANCED_FACE ( 'NONE', ( #5553 ), #6478, .F. ) ;
#7899 = CARTESIAN_POINT ( 'NONE',  ( 7.619999999999994778, 8.509000000000000341, -1.270000000000001128 ) ) ;
#7900 = VERTEX_POINT ( 'NONE', #7318 ) ;
#7901 = DIRECTION ( 'NONE',  ( 1.000000000000000000, 0.000000000000000000, 0.000000000000000000 ) ) ;
#7902 = EDGE_LOOP ( 'NONE', ( #7334, #10012, #11626, #8182 ) ) ;
#7903 = CARTESIAN_POINT ( 'NONE',  ( 11.81099999999999461, 8.064500000000000668, 0.3809999999999962861 ) ) ;
#7904 = EDGE_CURVE ( 'NONE', #10080, #4255, #604, .T. ) ;
#7905 = CARTESIAN_POINT ( 'NONE',  ( -2.540000000000004032, 2.177422008883992879E-16, -0.8890000000000013447 ) ) ;
#7906 = ORIENTED_EDGE ( 'NONE', *, *, #8688, .F. ) ;
#7907 = DIRECTION ( 'NONE',  ( 1.000000000000000000, 0.000000000000000000, 0.000000000000000000 ) ) ;
#7908 = ORIENTED_EDGE ( 'NONE', *, *, #819, .T. ) ;
#7909 = LINE ( 'NONE', #5818, #4639 ) ;
#7910 = EDGE_CURVE ( 'NONE', #2351, #8408, #2286, .T. ) ;
#7911 = APPLICATION_CONTEXT ( 'automotive_design' ) ;
#7912 = CARTESIAN_POINT ( 'NONE',  ( 22.85999999999999943, 0.5080000000000000071, 0.7528818102449925664 ) ) ;
#7913 = CARTESIAN_POINT ( 'NONE',  ( -15.24000000000000554, 8.509000000000000341, -1.270000000000001128 ) ) ;
#7914 = PLANE ( 'NONE',  #9613 ) ;
#7915 = DIRECTION ( 'NONE',  ( -1.000000000000000000, -0.000000000000000000, -0.000000000000000000 ) ) ;
#7916 = VERTEX_POINT ( 'NONE', #8229 ) ;
#7917 = CARTESIAN_POINT ( 'NONE',  ( 5.079999999999993854, 3.110602869834277161E-16, -1.270000000000001128 ) ) ;
#7918 = LINE ( 'NONE', #8887, #12727 ) ;
#7919 = VERTEX_POINT ( 'NONE', #6273 ) ;
#7920 = LINE ( 'NONE', #6950, #1808 ) ;
#7921 = LINE ( 'NONE', #12079, #10933 ) ;
#7922 = VERTEX_POINT ( 'NONE', #10224 ) ;
#7923 = DIRECTION ( 'NONE',  ( -0.000000000000000000, 1.000000000000000000, 2.449293598294710852E-16 ) ) ;
#7924 = LINE ( 'NONE', #2959, #6366 ) ;
#7925 = EDGE_LOOP ( 'NONE', ( #7666, #11692, #1811, #12785 ) ) ;
#7926 = EDGE_CURVE ( 'NONE', #4492, #9332, #2355, .T. ) ;
#7927 = CARTESIAN_POINT ( 'NONE',  ( -5.080000000000004512, 8.509000000000000341, -1.270000000000001128 ) ) ;
#7928 = ORIENTED_EDGE ( 'NONE', *, *, #10618, .F. ) ;
#7929 = LINE ( 'NONE', #766, #10450 ) ;
#7930 = FACE_OUTER_BOUND ( 'NONE', #10458, .T. ) ;
#7931 = PLANE ( 'NONE',  #2988 ) ;
#7932 = DIRECTION ( 'NONE',  ( 0.5773502691896253980, 0.5773502691896253980, -0.5773502691896265082 ) ) ;
#7933 = VERTEX_POINT ( 'NONE', #7382 ) ;
#7934 = VECTOR ( 'NONE', #7744, 1000.000000000000000 ) ;
#7935 = EDGE_CURVE ( 'NONE', #3585, #7632, #1307, .T. ) ;
#7936 = DIRECTION ( 'NONE',  ( 0.000000000000000000, 5.054934237236841843E-31, 1.000000000000000000 ) ) ;
#7937 = DIRECTION ( 'NONE',  ( -1.000000000000000000, -0.000000000000000000, -0.000000000000000000 ) ) ;
#7938 = ORIENTED_EDGE ( 'NONE', *, *, #12469, .T. ) ;
#7939 = EDGE_CURVE ( 'NONE', #10306, #6860, #8417, .T. ) ;
#7940 = LINE ( 'NONE', #11050, #712 ) ;
#7941 = CONTEXT_DEPENDENT_SHAPE_REPRESENTATION ( #759, #9300 ) ;
#7942 = ORIENTED_EDGE ( 'NONE', *, *, #12063, .F. ) ;
#7943 = VECTOR ( 'NONE', #1821, 1000.000000000000000 ) ;
#7944 = DIRECTION ( 'NONE',  ( -0.000000000000000000, 1.000000000000000000, 1.733406087350420004E-16 ) ) ;
#7945 = FACE_OUTER_BOUND ( 'NONE', #6608, .T. ) ;
#7946 = VERTEX_POINT ( 'NONE', #1377 ) ;
#7947 = ORIENTED_EDGE ( 'NONE', *, *, #772, .F. ) ;
#7948 = AXIS2_PLACEMENT_3D ( 'NONE', #2793, #3956, #9704 ) ;
#7949 = ORIENTED_EDGE ( 'NONE', *, *, #10859, .F. ) ;
#7950 = PRESENTATION_STYLE_ASSIGNMENT (( #3965 ) ) ;
#7951 = CARTESIAN_POINT ( 'NONE',  ( 15.23999999999999666, -1.925929944387235853E-31, 0.8889999999999991243 ) ) ;
#7952 = SURFACE_SIDE_STYLE ('',( #2212 ) ) ;
#7953 = EDGE_LOOP ( 'NONE', ( #11425, #11634, #8543, #12655 ) ) ;
#7954 = VECTOR ( 'NONE', #1407, 1000.000000000000000 ) ;
#7955 = DIRECTION ( 'NONE',  ( 0.000000000000000000, 0.000000000000000000, -1.000000000000000000 ) ) ;
#7956 = EDGE_CURVE ( 'NONE', #10414, #7110, #3467, .T. ) ;
#7957 = FACE_OUTER_BOUND ( 'NONE', #11028, .T. ) ;
#7958 = VERTEX_POINT ( 'NONE', #10300 ) ;
#7959 = DIRECTION ( 'NONE',  ( 0.000000000000000000, 0.000000000000000000, -1.000000000000000000 ) ) ;
#7960 = ORIENTED_EDGE ( 'NONE', *, *, #6740, .T. ) ;
#7961 = PLANE ( 'NONE',  #3238 ) ;
#7962 = DIRECTION ( 'NONE',  ( 0.000000000000000000, 0.000000000000000000, -1.000000000000000000 ) ) ;
#7963 = AXIS2_PLACEMENT_3D ( 'NONE', #6550, #1577, #10496 ) ;
#7964 = ORIENTED_EDGE ( 'NONE', *, *, #11899, .T. ) ;
#7965 = EDGE_CURVE ( 'NONE', #12272, #8278, #5296, .T. ) ;
#7966 = AXIS2_PLACEMENT_3D ( 'NONE', #6920, #3972, #2071 ) ;
#7967 = ADVANCED_FACE ( 'NONE', ( #11800 ), #3586, .F. ) ;
#7968 = EDGE_CURVE ( 'NONE', #9857, #864, #8537, .T. ) ;
#7969 = CARTESIAN_POINT ( 'NONE',  ( 21.20899999999999963, 7.239000000000000767, -0.3810000000000025033 ) ) ;
#7970 = VERTEX_POINT ( 'NONE', #1693 ) ;
#7971 = LINE ( 'NONE', #6014, #10435 ) ;
#7972 = PLANE ( 'NONE',  #3184 ) ;
#7973 = CARTESIAN_POINT ( 'NONE',  ( -6.731000000000004313, 7.239000000000000767, 0.3809999999999962861 ) ) ;
#7974 = PLANE ( 'NONE',  #11494 ) ;
#7975 = AXIS2_PLACEMENT_3D ( 'NONE', #8314, #3036, #7028 ) ;
#7976 = PLANE ( 'NONE',  #1560 ) ;
#7977 = EDGE_CURVE ( 'NONE', #10191, #11723, #3845, .T. ) ;
#7978 = ORIENTED_EDGE ( 'NONE', *, *, #9908, .T. ) ;
#7979 = CARTESIAN_POINT ( 'NONE',  ( -22.86000000000000654, 8.509000000000000341, -1.270000000000001128 ) ) ;
#7980 = LINE ( 'NONE', #1194, #7734 ) ;
#7981 = EDGE_LOOP ( 'NONE', ( #6607, #840, #9986, #7163, #10531, #1576, #8013, #5535 ) ) ;
#7982 = DIRECTION ( 'NONE',  ( 0.000000000000000000, 0.9659258262890700886, -0.2588190451025140781 ) ) ;
#7983 = PLANE ( 'NONE',  #5733 ) ;
#7984 = VECTOR ( 'NONE', #46, 1000.000000000000000 ) ;
#7985 = CARTESIAN_POINT ( 'NONE',  ( 8.064499999999995339, 8.509000000000000341, -0.8255000000000036753 ) ) ;
#7986 = FACE_OUTER_BOUND ( 'NONE', #1309, .T. ) ;
#7987 = EDGE_LOOP ( 'NONE', ( #905, #5186, #2428, #8942 ) ) ;
#7988 = DIRECTION ( 'NONE',  ( 1.000000000000000000, -0.000000000000000000, -0.000000000000000000 ) ) ;
#7989 = ORIENTED_EDGE ( 'NONE', *, *, #9681, .F. ) ;
#7990 = VECTOR ( 'NONE', #8647, 1000.000000000000000 ) ;
#7991 = DIRECTION ( 'NONE',  ( 0.000000000000000000, 0.000000000000000000, 1.000000000000000000 ) ) ;
#7992 = DIRECTION ( 'NONE',  ( 0.000000000000000000, 0.9659258262890699775, 0.2588190451025145222 ) ) ;
#7993 = DIRECTION ( 'NONE',  ( -0.5773502691896253980, 0.5773502691896253980, -0.5773502691896265082 ) ) ;
#7994 = DIRECTION ( 'NONE',  ( 0.000000000000000000, -0.9659258262890700886, 0.2588190451025140781 ) ) ;
#7995 = LINE ( 'NONE', #9693, #4554 ) ;
#7996 = ORIENTED_EDGE ( 'NONE', *, *, #2310, .F. ) ;
#7997 = VECTOR ( 'NONE', #429, 1000.000000000000000 ) ;
#7998 = FACE_OUTER_BOUND ( 'NONE', #9832, .T. ) ;
#7999 = EDGE_CURVE ( 'NONE', #8874, #4374, #664, .T. ) ;
#8000 =( NAMED_UNIT ( * ) SI_UNIT ( $, .STERADIAN. ) SOLID_ANGLE_UNIT ( ) );
#8001 = ORIENTED_EDGE ( 'NONE', *, *, #4263, .F. ) ;
#8002 = EDGE_CURVE ( 'NONE', #2481, #6539, #12771, .T. ) ;
#8003 = CARTESIAN_POINT ( 'NONE',  ( 20.31999999999999673, 0.5080000000000002292, -0.7528818102449945648 ) ) ;
#8004 = ITEM_DEFINED_TRANSFORMATION ( 'NONE', 'NONE', #10733,  #1564 ) ;
#8005 = VERTEX_POINT ( 'NONE', #12590 ) ;
#8006 = VECTOR ( 'NONE', #3319, 1000.000000000000000 ) ;
#8007 = VECTOR ( 'NONE', #9087, 999.9999999999998863 ) ;
#8008 = ADVANCED_FACE ( 'NONE', ( #9720 ), #10687, .F. ) ;
#8009 = DIRECTION ( 'NONE',  ( -0.7071067811865475727, -0.7071067811865475727, 0.000000000000000000 ) ) ;
#8010 = FILL_AREA_STYLE ('',( #4029 ) ) ;
#8011 = VERTEX_POINT ( 'NONE', #798 ) ;
#8012 = EDGE_CURVE ( 'NONE', #5790, #10416, #4772, .T. ) ;
#8013 = ORIENTED_EDGE ( 'NONE', *, *, #7926, .T. ) ;
#8014 = STYLED_ITEM ( 'NONE', ( #11657 ), #1735 ) ;
#8015 = VECTOR ( 'NONE', #12871, 1000.000000000000000 ) ;
#8016 = AXIS2_PLACEMENT_3D ( 'NONE', #7524, #622, #8497 ) ;
#8017 = ORIENTED_EDGE ( 'NONE', *, *, #12044, .T. ) ;
#8018 = FACE_OUTER_BOUND ( 'NONE', #12167, .T. ) ;
#8019 = CARTESIAN_POINT ( 'NONE',  ( -25.40000000000000568, 3.110602869834277161E-16, -1.270000000000001128 ) ) ;
#8020 = CARTESIAN_POINT ( 'NONE',  ( 22.85999999999999943, 0.5080000000000002292, -0.7528818102449945648 ) ) ;
#8021 = AXIS2_PLACEMENT_3D ( 'NONE', #9582, #1561, #3578 ) ;
#8022 = VECTOR ( 'NONE', #160, 1000.000000000000000 ) ;
#8023 = VECTOR ( 'NONE', #4715, 999.9999999999998863 ) ;
#8024 = CARTESIAN_POINT ( 'NONE',  ( 0.3810000000000000053, -2.692399999999995686, -0.2032000000000001583 ) ) ;
#8025 = DIRECTION ( 'NONE',  ( 0.000000000000000000, 2.548365665731588345E-16, -1.000000000000000000 ) ) ;
#8026 = VERTEX_POINT ( 'NONE', #11606 ) ;
#8027 = CARTESIAN_POINT ( 'NONE',  ( 12.69999999999999574, 8.509000000000000341, 1.270000000000001128 ) ) ;
#8028 = EDGE_LOOP ( 'NONE', ( #12396, #12676, #11617, #6013, #1384, #10522, #8613, #6132 ) ) ;
#8029 = LINE ( 'NONE', #6805, #8857 ) ;
#8030 = CARTESIAN_POINT ( 'NONE',  ( 2.539999999999996927, -1.925929944387235853E-31, 0.8889999999999991243 ) ) ;
#8031 = DIRECTION ( 'NONE',  ( 0.000000000000000000, -0.7071067811865484609, 0.7071067811865465735 ) ) ;
#8032 = AXIS2_PLACEMENT_3D ( 'NONE', #47, #10014, #2210 ) ;
#8033 = ORIENTED_EDGE ( 'NONE', *, *, #5143, .F. ) ;
#8034 = VECTOR ( 'NONE', #179, 999.9999999999998863 ) ;
#8035 = ADVANCED_FACE ( 'NONE', ( #8674 ), #6611, .F. ) ;
#8036 = EDGE_CURVE ( 'NONE', #10214, #11535, #1634, .T. ) ;
#8037 = DIRECTION ( 'NONE',  ( 0.000000000000000000, -1.000000000000000000, -1.733406087350420004E-16 ) ) ;
#8038 = VERTEX_POINT ( 'NONE', #6667 ) ;
#8039 = CARTESIAN_POINT ( 'NONE',  ( 13.58899999999999686, 7.239000000000000767, 0.3809999999999962861 ) ) ;
#8040 = ORIENTED_EDGE ( 'NONE', *, *, #6921, .T. ) ;
#8041 = CARTESIAN_POINT ( 'NONE',  ( 28.19400000000000617, 8.509000000000000341, 1.270000000000001128 ) ) ;
#8042 = CARTESIAN_POINT ( 'NONE',  ( 27.94000000000000128, 2.177422008883992879E-16, -0.8890000000000013447 ) ) ;
#8043 = DIRECTION ( 'NONE',  ( 0.000000000000000000, -0.9659258262890700886, 0.2588190451025140781 ) ) ;
#8044 = PLANE ( 'NONE',  #1148 ) ;
#8045 = CARTESIAN_POINT ( 'NONE',  ( -22.86000000000000654, 8.509000000000000341, 1.270000000000001128 ) ) ;
#8046 = VECTOR ( 'NONE', #12001, 1000.000000000000000 ) ;
#8047 = EDGE_CURVE ( 'NONE', #10294, #7847, #2811, .T. ) ;
#8048 = FACE_OUTER_BOUND ( 'NONE', #2659, .T. ) ;
#8049 = DIRECTION ( 'NONE',  ( 0.000000000000000000, 1.000000000000000000, 1.733406087350420004E-16 ) ) ;
#8050 = EDGE_CURVE ( 'NONE', #2245, #4291, #1826, .T. ) ;
#8051 = CARTESIAN_POINT ( 'NONE',  ( -1.651000000000003132, 8.064500000000000668, -0.3810000000000023368 ) ) ;
#8052 = EDGE_CURVE ( 'NONE', #3357, #1085, #8608, .T. ) ;
#8053 = CARTESIAN_POINT ( 'NONE',  ( -24.51100000000000634, 8.064500000000000668, -0.3810000000000023368 ) ) ;
#8054 = DIRECTION ( 'NONE',  ( 0.5773502691896253980, 0.5773502691896253980, -0.5773502691896265082 ) ) ;
#8055 = CARTESIAN_POINT ( 'NONE',  ( 2.539999999999993818, 8.509000000000000341, -1.270000000000001128 ) ) ;
#8056 = VERTEX_POINT ( 'NONE', #9587 ) ;
#8057 = CARTESIAN_POINT ( 'NONE',  ( -17.78000000000000469, 8.509000000000000341, 1.270000000000001128 ) ) ;
#8058 = ORIENTED_EDGE ( 'NONE', *, *, #9070, .F. ) ;
#8059 = CARTESIAN_POINT ( 'NONE',  ( 20.31999999999999673, 0.5080000000000000071, 0.7528818102449925664 ) ) ;
#8060 = EDGE_CURVE ( 'NONE', #8971, #2615, #5674, .T. ) ;
#8061 = FACE_OUTER_BOUND ( 'NONE', #266, .T. ) ;
#8062 = CARTESIAN_POINT ( 'NONE',  ( -17.78000000000000469, 3.110602869834277161E-16, -1.270000000000001128 ) ) ;
#8063 = CARTESIAN_POINT ( 'NONE',  ( -15.24000000000000554, -1.925929944387235853E-31, 0.8889999999999991243 ) ) ;
#8064 = DIRECTION ( 'NONE',  ( -0.000000000000000000, -0.7071067811865482389, -0.7071067811865469066 ) ) ;
#8065 = LINE ( 'NONE', #3103, #7549 ) ;
#8066 = ORIENTED_EDGE ( 'NONE', *, *, #4083, .F. ) ;
#8067 = AXIS2_PLACEMENT_3D ( 'NONE', #11568, #2839, #818 ) ;
#8068 = DIRECTION ( 'NONE',  ( -0.000000000000000000, 1.000000000000000000, 1.733406087350420004E-16 ) ) ;
#8069 = CARTESIAN_POINT ( 'NONE',  ( -1.651000000000003132, 7.239000000000000767, 0.3809999999999962861 ) ) ;
#8070 = ORIENTED_EDGE ( 'NONE', *, *, #1362, .T. ) ;
#8071 = FACE_OUTER_BOUND ( 'NONE', #5606, .T. ) ;
#8072 = CLOSED_SHELL ( 'NONE', ( #5332, #6855, #10820, #155, #11569, #3389, #3130, #5384, #5889, #11146 ) ) ;
#8073 = DIRECTION ( 'NONE',  ( 0.000000000000000000, 0.000000000000000000, -1.000000000000000000 ) ) ;
#8074 = LINE ( 'NONE', #6245, #5951 ) ;
#8075 = DIRECTION ( 'NONE',  ( 0.000000000000000000, -2.449293598294710852E-16, 1.000000000000000000 ) ) ;
#8076 = ORIENTED_EDGE ( 'NONE', *, *, #2270, .T. ) ;
#8077 = FILL_AREA_STYLE_COLOUR ( '', #6046 ) ;
#8078 = ORIENTED_EDGE ( 'NONE', *, *, #1174, .F. ) ;
#8079 = EDGE_CURVE ( 'NONE', #2787, #7429, #734, .T. ) ;
#8080 = VECTOR ( 'NONE', #2645, 1000.000000000000114 ) ;
#8081 = VECTOR ( 'NONE', #5677, 1000.000000000000000 ) ;
#8082 = EDGE_LOOP ( 'NONE', ( #9325, #1760, #827, #7486 ) ) ;
#8083 = LINE ( 'NONE', #10948, #492 ) ;
#8084 = DIRECTION ( 'NONE',  ( 0.000000000000000000, -0.000000000000000000, -1.000000000000000000 ) ) ;
#8085 = DIRECTION ( 'NONE',  ( 0.000000000000000000, 0.9659258262890699775, 0.2588190451025145222 ) ) ;
#8086 = EDGE_CURVE ( 'NONE', #11379, #2844, #850, .T. ) ;
#8087 = DIRECTION ( 'NONE',  ( 0.000000000000000000, -5.054934237236841843E-31, -1.000000000000000000 ) ) ;
#8088 = EDGE_CURVE ( 'NONE', #4277, #2285, #6857, .T. ) ;
#8089 = CARTESIAN_POINT ( 'NONE',  ( 10.15999999999999481, 8.509000000000000341, -0.8255000000000036753 ) ) ;
#8090 = CARTESIAN_POINT ( 'NONE',  ( -8.509000000000005670, 7.239000000000000767, -0.3810000000000025033 ) ) ;
#8091 = ORIENTED_EDGE ( 'NONE', *, *, #7480, .T. ) ;
#8092 = LINE ( 'NONE', #6803, #3619 ) ;
#8093 = ORIENTED_EDGE ( 'NONE', *, *, #10053, .F. ) ;
#8094 = EDGE_CURVE ( 'NONE', #1323, #1985, #1882, .T. ) ;
#8095 = CARTESIAN_POINT ( 'NONE',  ( -15.68450000000000344, 8.509000000000000341, -1.270000000000001128 ) ) ;
#8096 = VERTEX_POINT ( 'NONE', #1758 ) ;
#8097 = ADVANCED_FACE ( 'NONE', ( #2011 ), #984, .F. ) ;
#8098 = LINE ( 'NONE', #3198, #7828 ) ;
#8099 = VERTEX_POINT ( 'NONE', #2139 ) ;
#8100 = DIRECTION ( 'NONE',  ( 0.000000000000000000, 0.9659258262890699775, 0.2588190451025145222 ) ) ;
#8101 = DIRECTION ( 'NONE',  ( 0.000000000000000000, 1.000000000000000000, 0.000000000000000000 ) ) ;
#8102 = LINE ( 'NONE', #3929, #11961 ) ;
#8103 = LINE ( 'NONE', #11087, #1613 ) ;
#8104 = CARTESIAN_POINT ( 'NONE',  ( 17.77999999999999758, 2.177422008883992879E-16, -0.8890000000000013447 ) ) ;
#8105 = LINE ( 'NONE', #10111, #6071 ) ;
#8106 = ORIENTED_EDGE ( 'NONE', *, *, #9370, .T. ) ;
#8107 = DIRECTION ( 'NONE',  ( -1.000000000000000000, -0.000000000000000000, -0.000000000000000000 ) ) ;
#8108 = PLANE ( 'NONE',  #4831 ) ;
#8109 = DIRECTION ( 'NONE',  ( 1.000000000000000000, 0.000000000000000000, 0.000000000000000000 ) ) ;
#8110 = EDGE_CURVE ( 'NONE', #11641, #12295, #1173, .T. ) ;
#8111 = CARTESIAN_POINT ( 'NONE',  ( -28.19400000000000617, 0.000000000000000000, 1.269999999999998908 ) ) ;
#8112 = EDGE_CURVE ( 'NONE', #1728, #8888, #6066, .T. ) ;
#8113 = VERTEX_POINT ( 'NONE', #7058 ) ;
#8114 = LINE ( 'NONE', #90, #5249 ) ;
#8115 = EDGE_LOOP ( 'NONE', ( #3116, #8686, #2461, #3939 ) ) ;
#8116 = CARTESIAN_POINT ( 'NONE',  ( 5.080000000000000071, 7.239000000000000767, -2.201425730935033664E-16 ) ) ;
#8117 = FACE_OUTER_BOUND ( 'NONE', #10064, .T. ) ;
#8118 = PLANE ( 'NONE',  #5067 ) ;
#8119 = DIRECTION ( 'NONE',  ( 0.000000000000000000, 1.000000000000000000, 2.548365665731588345E-16 ) ) ;
#8120 = CARTESIAN_POINT ( 'NONE',  ( -12.25550000000000672, 8.509000000000000341, 0.8254999999999981242 ) ) ;
#8121 = DIRECTION ( 'NONE',  ( 0.000000000000000000, -0.000000000000000000, -1.000000000000000000 ) ) ;
#8122 = ORIENTED_EDGE ( 'NONE', *, *, #8129, .T. ) ;
#8123 = CARTESIAN_POINT ( 'NONE',  ( 15.23999999999999666, 0.5080000000000002292, -0.7528818102449945648 ) ) ;
#8124 = ORIENTED_EDGE ( 'NONE', *, *, #12026, .T. ) ;
#8125 = LINE ( 'NONE', #8963, #10065 ) ;
#8126 = APPLICATION_PROTOCOL_DEFINITION ( 'draft international standard', 'automotive_design', 1998, #4511 ) ;
#8127 = EDGE_CURVE ( 'NONE', #6756, #4017, #11860, .T. ) ;
#8128 = ORIENTED_EDGE ( 'NONE', *, *, #12666, .F. ) ;
#8129 = EDGE_CURVE ( 'NONE', #5258, #11362, #2928, .T. ) ;
#8130 = DIRECTION ( 'NONE',  ( 0.000000000000000000, 1.440069553722777130E-16, -1.000000000000000000 ) ) ;
#8131 = PLANE ( 'NONE',  #751 ) ;
#8132 = CARTESIAN_POINT ( 'NONE',  ( 15.23999999999999666, 8.509000000000000341, 1.270000000000001128 ) ) ;
#8133 = ORIENTED_EDGE ( 'NONE', *, *, #11688, .F. ) ;
#8134 =( NAMED_UNIT ( * ) PLANE_ANGLE_UNIT ( ) SI_UNIT ( $, .RADIAN. ) );
#8135 = ORIENTED_EDGE ( 'NONE', *, *, #12105, .F. ) ;
#8136 = ORIENTED_EDGE ( 'NONE', *, *, #12308, .F. ) ;
#8137 = EDGE_CURVE ( 'NONE', #213, #5861, #10881, .T. ) ;
#8138 = LINE ( 'NONE', #2008, #6741 ) ;
#8139 = SURFACE_SIDE_STYLE ('',( #9052 ) ) ;
#8140 = LINE ( 'NONE', #9317, #12516 ) ;
#8141 = CARTESIAN_POINT ( 'NONE',  ( 27.05099999999999838, 8.064500000000000668, -0.3810000000000023368 ) ) ;
#8142 = LINE ( 'NONE', #7897, #7348 ) ;
#8143 = DIRECTION ( 'NONE',  ( 0.000000000000000000, 0.000000000000000000, 1.000000000000000000 ) ) ;
#8144 = ORIENTED_EDGE ( 'NONE', *, *, #9037, .F. ) ;
#8145 = AXIS2_PLACEMENT_3D ( 'NONE', #3498, #3616, #5584 ) ;
#8146 = ORIENTED_EDGE ( 'NONE', *, *, #6536, .T. ) ;
#8147 = VERTEX_POINT ( 'NONE', #12835 ) ;
#8148 = CARTESIAN_POINT ( 'NONE',  ( 28.19400000000000617, 3.110602869834277161E-16, -1.270000000000001128 ) ) ;
#8149 = VERTEX_POINT ( 'NONE', #7185 ) ;
#8150 = ADVANCED_FACE ( 'NONE', ( #9058 ), #11011, .F. ) ;
#8151 = ORIENTED_EDGE ( 'NONE', *, *, #3724, .F. ) ;
#8152 = AXIS2_PLACEMENT_3D ( 'NONE', #4186, #6087, #8049 ) ;
#8153 = AXIS2_PLACEMENT_3D ( 'NONE', #9217, #1137, #11037 ) ;
#8154 = DIRECTION ( 'NONE',  ( -1.000000000000000000, 0.000000000000000000, -0.000000000000000000 ) ) ;
#8155 = VERTEX_POINT ( 'NONE', #4289 ) ;
#8156 = PLANE ( 'NONE',  #9193 ) ;
#8157 = EDGE_CURVE ( 'NONE', #5349, #1633, #2391, .T. ) ;
#8158 = CARTESIAN_POINT ( 'NONE',  ( 20.31999999999999673, 8.509000000000000341, 1.270000000000001128 ) ) ;
#8159 = CARTESIAN_POINT ( 'NONE',  ( -22.86000000000000654, -1.925929944387235853E-31, 0.8889999999999991243 ) ) ;
#8160 = FACE_OUTER_BOUND ( 'NONE', #10223, .T. ) ;
#8161 = DIRECTION ( 'NONE',  ( -1.000000000000000000, 0.000000000000000000, 0.000000000000000000 ) ) ;
#8162 = SURFACE_SIDE_STYLE ('',( #12210 ) ) ;
#8163 = VERTEX_POINT ( 'NONE', #129 ) ;
#8164 = VECTOR ( 'NONE', #6422, 1000.000000000000000 ) ;
#8165 = DIRECTION ( 'NONE',  ( 1.000000000000000000, 0.000000000000000000, -0.000000000000000000 ) ) ;
#8166 = FACE_OUTER_BOUND ( 'NONE', #12602, .T. ) ;
#8167 = DIRECTION ( 'NONE',  ( 1.000000000000000000, 0.000000000000000000, -0.000000000000000000 ) ) ;
#8168 = VECTOR ( 'NONE', #7955, 1000.000000000000000 ) ;
#8169 = EDGE_LOOP ( 'NONE', ( #571, #6466, #1946, #11925 ) ) ;
#8170 = DIRECTION ( 'NONE',  ( -1.000000000000000000, 0.000000000000000000, 0.000000000000000000 ) ) ;
#8171 = PLANE ( 'NONE',  #3620 ) ;
#8172 = VERTEX_POINT ( 'NONE', #917 ) ;
#8173 = AXIS2_PLACEMENT_3D ( 'NONE', #6829, #3742, #8704 ) ;
#8174 = CARTESIAN_POINT ( 'NONE',  ( -14.79550000000000409, 8.509000000000000341, -1.270000000000001128 ) ) ;
#8175 = ORIENTED_EDGE ( 'NONE', *, *, #4334, .F. ) ;
#8176 = DIRECTION ( 'NONE',  ( -0.000000000000000000, 0.2588190451025140781, 0.9659258262890700886 ) ) ;
#8177 = LINE ( 'NONE', #1207, #9896 ) ;
#8178 = DIRECTION ( 'NONE',  ( -0.000000000000000000, -0.7071067811865482389, -0.7071067811865469066 ) ) ;
#8179 = CARTESIAN_POINT ( 'NONE',  ( -25.40000000000000568, 8.509000000000000341, -1.270000000000001128 ) ) ;
#8180 = LINE ( 'NONE', #12161, #1598 ) ;
#8181 = LINE ( 'NONE', #12162, #6934 ) ;
#8182 = ORIENTED_EDGE ( 'NONE', *, *, #12105, .T. ) ;
#8183 = CARTESIAN_POINT ( 'NONE',  ( 18.66899999999999693, 7.239000000000000767, 0.3809999999999962861 ) ) ;
#8184 = VECTOR ( 'NONE', #735, 1000.000000000000000 ) ;
#8185 =( NAMED_UNIT ( * ) PLANE_ANGLE_UNIT ( ) SI_UNIT ( $, .RADIAN. ) );
#8186 = ORIENTED_EDGE ( 'NONE', *, *, #11031, .F. ) ;
#8187 = CARTESIAN_POINT ( 'NONE',  ( 13.58899999999999686, 7.239000000000000767, 0.3809999999999962861 ) ) ;
#8188 = ADVANCED_FACE ( 'NONE', ( #53 ), #11993, .F. ) ;
#8189 = CONTEXT_DEPENDENT_SHAPE_REPRESENTATION ( #335, #9385 ) ;
#8190 = EDGE_LOOP ( 'NONE', ( #5844, #3807, #4926, #9009 ) ) ;
#8191 = AXIS2_PLACEMENT_3D ( 'NONE', #4935, #8899, #12872 ) ;
#8192 = CARTESIAN_POINT ( 'NONE',  ( -15.24000000000000554, 0.000000000000000000, 1.269999999999998908 ) ) ;
#8193 = EDGE_CURVE ( 'NONE', #10230, #4277, #6993, .T. ) ;
#8194 = VECTOR ( 'NONE', #6039, 1000.000000000000000 ) ;
#8195 = CARTESIAN_POINT ( 'NONE',  ( 21.97099999999999653, 7.239000000000000767, 0.3809999999999962861 ) ) ;
#8196 = DIRECTION ( 'NONE',  ( 0.9396926207859094271, 0.3420201433256660484, 0.000000000000000000 ) ) ;
#8197 = ORIENTED_EDGE ( 'NONE', *, *, #8650, .T. ) ;
#8198 = DIRECTION ( 'NONE',  ( 1.000000000000000000, 0.000000000000000000, 0.000000000000000000 ) ) ;
#8199 = EDGE_LOOP ( 'NONE', ( #4769, #9446, #7540, #2154 ) ) ;
#8200 = EDGE_CURVE ( 'NONE', #7922, #895, #10020, .T. ) ;
#8201 = VECTOR ( 'NONE', #1519, 1000.000000000000000 ) ;
#8202 = EDGE_CURVE ( 'NONE', #10452, #6140, #12055, .T. ) ;
#8203 = EDGE_LOOP ( 'NONE', ( #8720, #2911, #2798, #9751 ) ) ;
#8204 = EDGE_CURVE ( 'NONE', #7320, #3974, #6128, .T. ) ;
#8205 = VECTOR ( 'NONE', #11632, 1000.000000000000000 ) ;
#8206 = DIRECTION ( 'NONE',  ( 0.000000000000000000, 0.2588190451025145222, -0.9659258262890699775 ) ) ;
#8207 = LINE ( 'NONE', #2271, #2738 ) ;
#8208 = EDGE_CURVE ( 'NONE', #8610, #1602, #8142, .T. ) ;
#8209 = LINE ( 'NONE', #2069, #12190 ) ;
#8210 = EDGE_CURVE ( 'NONE', #843, #2021, #5152, .T. ) ;
#8211 = DIRECTION ( 'NONE',  ( 0.000000000000000000, 0.9659258262890700886, -0.2588190451025140781 ) ) ;
#8212 = AXIS2_PLACEMENT_3D ( 'NONE', #1143, #9219, #4336 ) ;
#8213 = DIRECTION ( 'NONE',  ( 0.000000000000000000, 1.000000000000000000, 2.548365665731588345E-16 ) ) ;
#8214 = ORIENTED_EDGE ( 'NONE', *, *, #11104, .T. ) ;
#8215 = AXIS2_PLACEMENT_3D ( 'NONE', #1152, #11901, #5131 ) ;
#8216 = CARTESIAN_POINT ( 'NONE',  ( -1.651000000000003132, 7.239000000000000767, 0.3809999999999962861 ) ) ;
#8217 = ORIENTED_EDGE ( 'NONE', *, *, #6050, .T. ) ;
#8218 = ORIENTED_EDGE ( 'NONE', *, *, #4579, .T. ) ;
#8219 = ORIENTED_EDGE ( 'NONE', *, *, #5665, .T. ) ;
#8220 = LINE ( 'NONE', #8030, #8046 ) ;
#8221 = CARTESIAN_POINT ( 'NONE',  ( 22.85999999999999943, 3.110602869834277161E-16, -1.270000000000001128 ) ) ;
#8222 = ORIENTED_EDGE ( 'NONE', *, *, #2595, .F. ) ;
#8223 = ORIENTED_EDGE ( 'NONE', *, *, #1687, .T. ) ;
#8224 = VECTOR ( 'NONE', #9199, 1000.000000000000114 ) ;
#8225 = VECTOR ( 'NONE', #10912, 1000.000000000000000 ) ;
#8226 = VECTOR ( 'NONE', #6864, 1000.000000000000114 ) ;
#8227 = DIRECTION ( 'NONE',  ( 0.000000000000000000, -1.733406087350420004E-16, 1.000000000000000000 ) ) ;
#8228 = ORIENTED_EDGE ( 'NONE', *, *, #10859, .T. ) ;
#8229 = CARTESIAN_POINT ( 'NONE',  ( 17.77999999999999758, 0.5080000000000000071, 0.7528818102449925664 ) ) ;
#8230 = LINE ( 'NONE', #12205, #4862 ) ;
#8231 = ORIENTED_EDGE ( 'NONE', *, *, #11937, .T. ) ;
#8232 = EDGE_CURVE ( 'NONE', #3910, #3839, #1039, .T. ) ;
#8233 = FACE_OUTER_BOUND ( 'NONE', #9043, .T. ) ;
#8234 = FACE_OUTER_BOUND ( 'NONE', #11153, .T. ) ;
#8235 = LINE ( 'NONE', #4451, #4533 ) ;
#8236 = FACE_OUTER_BOUND ( 'NONE', #10547, .T. ) ;
#8237 = ORIENTED_EDGE ( 'NONE', *, *, #5340, .F. ) ;
#8238 = DIRECTION ( 'NONE',  ( 0.000000000000000000, 5.054934237236841843E-31, 1.000000000000000000 ) ) ;
#8239 = AXIS2_PLACEMENT_3D ( 'NONE', #12392, #460, #11341 ) ;
#8240 = PLANE ( 'NONE',  #5256 ) ;
#8241 = PLANE ( 'NONE',  #1691 ) ;
#8242 = VECTOR ( 'NONE', #11604, 1000.000000000000000 ) ;
#8243 = CARTESIAN_POINT ( 'NONE',  ( 12.69999999999999574, -1.925929944387235853E-31, 0.8889999999999991243 ) ) ;
#8244 = VERTEX_POINT ( 'NONE', #12122 ) ;
#8245 = SURFACE_STYLE_USAGE ( .BOTH. , #10178 ) ;
#8246 =( LENGTH_UNIT ( ) NAMED_UNIT ( * ) SI_UNIT ( .MILLI., .METRE. ) );
#8247 = VERTEX_POINT ( 'NONE', #3187 ) ;
#8248 = AXIS2_PLACEMENT_3D ( 'NONE', #3634, #11646, #7621 ) ;
#8249 = LINE ( 'NONE', #4136, #2334 ) ;
#8250 = ADVANCED_FACE ( 'NONE', ( #11141 ), #11510, .F. ) ;
#8251 = EDGE_CURVE ( 'NONE', #7922, #6792, #2586, .T. ) ;
#8252 = DIRECTION ( 'NONE',  ( -0.7071067811865475727, -0.7071067811865475727, 0.000000000000000000 ) ) ;
#8253 = CARTESIAN_POINT ( 'NONE',  ( -9.271000000000004349, 8.064500000000000668, -0.3810000000000023368 ) ) ;
#8254 = LINE ( 'NONE', #3038, #10668 ) ;
#8255 = CARTESIAN_POINT ( 'NONE',  ( 18.66899999999999693, 7.239000000000000767, -0.3810000000000025033 ) ) ;
#8256 = CARTESIAN_POINT ( 'NONE',  ( -6.731000000000004313, 8.064500000000000668, -0.3810000000000023368 ) ) ;
#8257 = DIRECTION ( 'NONE',  ( 0.000000000000000000, -0.000000000000000000, -1.000000000000000000 ) ) ;
#8258 = ORIENTED_EDGE ( 'NONE', *, *, #10559, .T. ) ;
#8259 = LINE ( 'NONE', #2255, #7244 ) ;
#8260 = EDGE_CURVE ( 'NONE', #12314, #1686, #2464, .T. ) ;
#8261 = AXIS2_PLACEMENT_3D ( 'NONE', #9341, #10565, #408 ) ;
#8262 = CARTESIAN_POINT ( 'NONE',  ( -3.469446951953614189E-15, 8.509000000000000341, -1.270000000000001128 ) ) ;
#8263 = ORIENTED_EDGE ( 'NONE', *, *, #11737, .T. ) ;
#8264 = CARTESIAN_POINT ( 'NONE',  ( -17.78000000000000469, 8.509000000000000341, -1.270000000000001128 ) ) ;
#8265 = ORIENTED_EDGE ( 'NONE', *, *, #4726, .F. ) ;
#8266 = CARTESIAN_POINT ( 'NONE',  ( 22.85999999999999943, 3.110602869834277161E-16, -1.270000000000001128 ) ) ;
#8267 = EDGE_CURVE ( 'NONE', #203, #8610, #3687, .T. ) ;
#8268 = FACE_OUTER_BOUND ( 'NONE', #9841, .T. ) ;
#8269 = FACE_OUTER_BOUND ( 'NONE', #7313, .T. ) ;
#8270 = DIRECTION ( 'NONE',  ( 0.000000000000000000, 0.000000000000000000, 1.000000000000000000 ) ) ;
#8271 = VECTOR ( 'NONE', #2314, 1000.000000000000114 ) ;
#8272 = ORIENTED_EDGE ( 'NONE', *, *, #3796, .T. ) ;
#8273 = VERTEX_POINT ( 'NONE', #9364 ) ;
#8274 = ORIENTED_EDGE ( 'NONE', *, *, #4630, .F. ) ;
#8275 = FACE_OUTER_BOUND ( 'NONE', #4514, .T. ) ;
#8276 = UNCERTAINTY_MEASURE_WITH_UNIT (LENGTH_MEASURE( 1.000000000000000082E-05 ), #7296, 'distance_accuracy_value', 'NONE');
#8277 = EDGE_CURVE ( 'NONE', #346, #3552, #6579, .T. ) ;
#8278 = VERTEX_POINT ( 'NONE', #8572 ) ;
#8279 = VECTOR ( 'NONE', #8502, 1000.000000000000000 ) ;
#8280 = LINE ( 'NONE', #3056, #1516 ) ;
#8281 = SURFACE_SIDE_STYLE ('',( #7435 ) ) ;
#8282 = AXIS2_PLACEMENT_3D ( 'NONE', #1440, #4323, #12209 ) ;
#8283 = LINE ( 'NONE', #1102, #12305 ) ;
#8284 = EDGE_CURVE ( 'NONE', #12592, #10813, #8510, .T. ) ;
#8285 = CARTESIAN_POINT ( 'NONE',  ( -0.3810000000000000053, 0.5079999999999997851, 0.2032000000000010465 ) ) ;
#8286 = ORIENTED_EDGE ( 'NONE', *, *, #640, .T. ) ;
#8287 = ADVANCED_FACE ( 'NONE', ( #6451 ), #9499, .F. ) ;
#8288 = EDGE_CURVE ( 'NONE', #856, #12773, #8389, .T. ) ;
#8289 = EDGE_LOOP ( 'NONE', ( #4091, #5945, #9958, #10315 ) ) ;
#8290 = ORIENTED_EDGE ( 'NONE', *, *, #11291, .F. ) ;
#8291 = DIRECTION ( 'NONE',  ( 1.000000000000000000, 0.000000000000000000, -0.000000000000000000 ) ) ;
#8292 = ORIENTED_EDGE ( 'NONE', *, *, #54, .F. ) ;
#8293 = EDGE_LOOP ( 'NONE', ( #7960, #10750, #12513, #4866 ) ) ;
#8294 = PLANE ( 'NONE',  #7603 ) ;
#8295 = ORIENTED_EDGE ( 'NONE', *, *, #6349, .F. ) ;
#8296 = EDGE_CURVE ( 'NONE', #957, #5206, #434, .T. ) ;
#8297 = VECTOR ( 'NONE', #2970, 1000.000000000000000 ) ;
#8298 = DIRECTION ( 'NONE',  ( 0.000000000000000000, 5.054934237236841843E-31, 1.000000000000000000 ) ) ;
#8299 = DIRECTION ( 'NONE',  ( 0.000000000000000000, 1.440069553722777130E-16, -1.000000000000000000 ) ) ;
#8300 = ORIENTED_EDGE ( 'NONE', *, *, #3313, .F. ) ;
#8301 = LINE ( 'NONE', #4448, #7200 ) ;
#8302 = CARTESIAN_POINT ( 'NONE',  ( -22.86000000000000654, -1.925929944387235853E-31, 0.8889999999999991243 ) ) ;
#8303 = CARTESIAN_POINT ( 'NONE',  ( 23.74899999999999878, 7.239000000000000767, 0.3809999999999962861 ) ) ;
#8304 = EDGE_CURVE ( 'NONE', #2188, #7343, #6511, .T. ) ;
#8305 = ORIENTED_EDGE ( 'NONE', *, *, #6424, .T. ) ;
#8306 = DIRECTION ( 'NONE',  ( 1.000000000000000000, 0.000000000000000000, -0.000000000000000000 ) ) ;
#8307 = DIRECTION ( 'NONE',  ( -0.000000000000000000, 1.000000000000000000, 1.733406087350420004E-16 ) ) ;
#8308 = FACE_OUTER_BOUND ( 'NONE', #8115, .T. ) ;
#8309 = CARTESIAN_POINT ( 'NONE',  ( -16.89100000000000179, 7.239000000000000767, 0.3809999999999962861 ) ) ;
#8310 = DIRECTION ( 'NONE',  ( 0.000000000000000000, -0.9659258262890699775, -0.2588190451025145222 ) ) ;
#8311 = EDGE_CURVE ( 'NONE', #7847, #4572, #4616, .T. ) ;
#8312 = VERTEX_POINT ( 'NONE', #576 ) ;
#8313 = LINE ( 'NONE', #7335, #458 ) ;
#8314 = CARTESIAN_POINT ( 'NONE',  ( 17.77999999999999758, 2.177422008883992879E-16, -0.8890000000000013447 ) ) ;
#8315 = CARTESIAN_POINT ( 'NONE',  ( 15.23999999999999666, 0.5080000000000000071, 0.7528818102449925664 ) ) ;
#8316 = CARTESIAN_POINT ( 'NONE',  ( 13.14449999999999719, 8.509000000000000341, 0.8254999999999981242 ) ) ;
#8317 = DIRECTION ( 'NONE',  ( 0.5773502691896252870, -0.5773502691896251759, -0.5773502691896267303 ) ) ;
#8318 = DIRECTION ( 'NONE',  ( 0.000000000000000000, -0.000000000000000000, -1.000000000000000000 ) ) ;
#8319 = LINE ( 'NONE', #12228, #8785 ) ;
#8320 = ORIENTED_EDGE ( 'NONE', *, *, #747, .T. ) ;
#8321 = CARTESIAN_POINT ( 'NONE',  ( -4.191000000000003389, 7.239000000000000767, 0.3809999999999962861 ) ) ;
#8322 = LINE ( 'NONE', #5440, #306 ) ;
#8323 = ORIENTED_EDGE ( 'NONE', *, *, #5566, .T. ) ;
#8324 = EDGE_CURVE ( 'NONE', #834, #12794, #7608, .T. ) ;
#8325 = DIRECTION ( 'NONE',  ( -1.000000000000000000, -0.000000000000000000, -0.000000000000000000 ) ) ;
#8326 = ORIENTED_EDGE ( 'NONE', *, *, #10779, .T. ) ;
#8327 = DIRECTION ( 'NONE',  ( 0.000000000000000000, -0.7071067811865484609, 0.7071067811865465735 ) ) ;
#8328 = CARTESIAN_POINT ( 'NONE',  ( -22.86000000000000654, 2.177422008883992879E-16, -0.8890000000000013447 ) ) ;
#8329 = DIRECTION ( 'NONE',  ( 0.000000000000000000, -1.000000000000000000, -2.548365665731588345E-16 ) ) ;
#8330 = EDGE_CURVE ( 'NONE', #11337, #7858, #4488, .T. ) ;
#8331 =( REPRESENTATION_RELATIONSHIP ('NONE','NONE', #7825, #3815 ) REPRESENTATION_RELATIONSHIP_WITH_TRANSFORMATION ( #4213 )SHAPE_REPRESENTATION_RELATIONSHIP( ) );
#8332 = VERTEX_POINT ( 'NONE', #10593 ) ;
#8333 = CARTESIAN_POINT ( 'NONE',  ( 20.31999999999999673, 0.000000000000000000, 1.269999999999998908 ) ) ;
#8334 = ORIENTED_EDGE ( 'NONE', *, *, #19, .F. ) ;
#8335 = DIRECTION ( 'NONE',  ( 0.000000000000000000, 1.000000000000000000, 2.548365665731588345E-16 ) ) ;
#8336 = ADVANCED_FACE ( 'NONE', ( #1470 ), #7541, .F. ) ;
#8337 = VERTEX_POINT ( 'NONE', #9622 ) ;
#8338 = PLANE ( 'NONE',  #7371 ) ;
#8339 = CARTESIAN_POINT ( 'NONE',  ( -9.271000000000004349, 7.239000000000000767, -0.3810000000000025033 ) ) ;
#8340 = DIRECTION ( 'NONE',  ( 0.000000000000000000, 2.449293598294710852E-16, -1.000000000000000000 ) ) ;
#8341 = ORIENTED_EDGE ( 'NONE', *, *, #1114, .F. ) ;
#8342 = VERTEX_POINT ( 'NONE', #12623 ) ;
#8343 = ORIENTED_EDGE ( 'NONE', *, *, #931, .T. ) ;
#8344 = AXIS2_PLACEMENT_3D ( 'NONE', #4560, #2592, #3993 ) ;
#8345 = CARTESIAN_POINT ( 'NONE',  ( 4.190999999999993619, 7.239000000000000767, 0.3809999999999962861 ) ) ;
#8346 = ORIENTED_EDGE ( 'NONE', *, *, #7845, .T. ) ;
#8347 = EDGE_LOOP ( 'NONE', ( #7198, #2321, #9314, #9210 ) ) ;
#8348 = EDGE_CURVE ( 'NONE', #5313, #564, #697, .T. ) ;
#8349 = CARTESIAN_POINT ( 'NONE',  ( 22.85999999999999943, 8.509000000000000341, 1.270000000000001128 ) ) ;
#8350 = EDGE_LOOP ( 'NONE', ( #794, #10885, #6308, #10001 ) ) ;
#8351 = VECTOR ( 'NONE', #11136, 1000.000000000000000 ) ;
#8352 = CARTESIAN_POINT ( 'NONE',  ( 2.539999999999993818, 8.509000000000000341, -1.270000000000001128 ) ) ;
#8353 = FACE_OUTER_BOUND ( 'NONE', #6402, .T. ) ;
#8354 = EDGE_LOOP ( 'NONE', ( #8450, #6055, #7585, #2933 ) ) ;
#8355 = DIRECTION ( 'NONE',  ( -1.000000000000000000, 0.000000000000000000, 0.000000000000000000 ) ) ;
#8356 = LINE ( 'NONE', #9462, #8730 ) ;
#8357 = FACE_OUTER_BOUND ( 'NONE', #5581, .T. ) ;
#8358 = EDGE_LOOP ( 'NONE', ( #12399, #8265, #9797, #4168 ) ) ;
#8359 = LINE ( 'NONE', #10430, #7843 ) ;
#8360 = DIRECTION ( 'NONE',  ( -0.5773502691896252870, -0.5773502691896251759, -0.5773502691896267303 ) ) ;
#8361 = EDGE_CURVE ( 'NONE', #12257, #5000, #1533, .T. ) ;
#8362 = LINE ( 'NONE', #3212, #6981 ) ;
#8363 = ADVANCED_FACE ( 'NONE', ( #1409 ), #3500, .F. ) ;
#8364 = VERTEX_POINT ( 'NONE', #1725 ) ;
#8365 = ADVANCED_FACE ( 'NONE', ( #4804 ), #1014, .F. ) ;
#8366 = VECTOR ( 'NONE', #5536, 1000.000000000000000 ) ;
#8367 = CARTESIAN_POINT ( 'NONE',  ( -17.78000000000000469, 2.177422008883992879E-16, -0.8890000000000013447 ) ) ;
#8368 = CARTESIAN_POINT ( 'NONE',  ( -0.8890000000000043423, 8.064500000000000668, 0.3809999999999962861 ) ) ;
#8369 = VERTEX_POINT ( 'NONE', #11769 ) ;
#8370 = ADVANCED_FACE ( 'NONE', ( #11962 ), #958, .F. ) ;
#8371 = AXIS2_PLACEMENT_3D ( 'NONE', #2033, #9980, #80 ) ;
#8372 = LINE ( 'NONE', #12345, #3178 ) ;
#8373 = CARTESIAN_POINT ( 'NONE',  ( 20.31999999999999673, 2.177422008883992879E-16, -0.8890000000000013447 ) ) ;
#8374 = DIRECTION ( 'NONE',  ( -1.000000000000000000, -0.000000000000000000, -0.000000000000000000 ) ) ;
#8375 = VECTOR ( 'NONE', #10123, 999.9999999999998863 ) ;
#8376 = LINE ( 'NONE', #5250, #10376 ) ;
#8377 = DIRECTION ( 'NONE',  ( 0.000000000000000000, -0.9659258262890700886, 0.2588190451025140781 ) ) ;
#8378 = CARTESIAN_POINT ( 'NONE',  ( -19.43100000000000449, 7.239000000000000767, -0.3810000000000025033 ) ) ;
#8379 = VERTEX_POINT ( 'NONE', #7870 ) ;
#8380 = EDGE_CURVE ( 'NONE', #8408, #6323, #8764, .T. ) ;
#8381 = DIRECTION ( 'NONE',  ( 0.000000000000000000, 0.000000000000000000, -1.000000000000000000 ) ) ;
#8382 = ORIENTED_EDGE ( 'NONE', *, *, #1114, .T. ) ;
#8383 = VECTOR ( 'NONE', #4898, 1000.000000000000000 ) ;
#8384 = DIRECTION ( 'NONE',  ( 0.000000000000000000, 0.000000000000000000, 1.000000000000000000 ) ) ;
#8385 = CONTEXT_DEPENDENT_SHAPE_REPRESENTATION ( #9159, #3248 ) ;
#8386 = ORIENTED_EDGE ( 'NONE', *, *, #4957, .F. ) ;
#8387 = PLANE ( 'NONE',  #9392 ) ;
#8388 = ORIENTED_EDGE ( 'NONE', *, *, #12262, .F. ) ;
#8389 = LINE ( 'NONE', #9564, #11706 ) ;
#8390 = CARTESIAN_POINT ( 'NONE',  ( -15.24000000000000554, 2.177422008883992879E-16, -0.8890000000000013447 ) ) ;
#8391 = CARTESIAN_POINT ( 'NONE',  ( 10.15999999999999481, 3.110602869834277161E-16, -1.270000000000001128 ) ) ;
#8392 = ORIENTED_EDGE ( 'NONE', *, *, #4219, .T. ) ;
#8393 = FACE_OUTER_BOUND ( 'NONE', #7085, .T. ) ;
#8394 = VERTEX_POINT ( 'NONE', #3882 ) ;
#8395 = EDGE_CURVE ( 'NONE', #464, #4645, #7929, .T. ) ;
#8396 = AXIS2_PLACEMENT_3D ( 'NONE', #11039, #6098, #12156 ) ;
#8397 = CARTESIAN_POINT ( 'NONE',  ( -10.16000000000000547, 8.509000000000000341, 1.270000000000001128 ) ) ;
#8398 = EDGE_LOOP ( 'NONE', ( #5810, #1119, #809, #5856 ) ) ;
#8399 = CARTESIAN_POINT ( 'NONE',  ( 2.539999999999996927, 0.5080000000000000071, 0.7528818102449925664 ) ) ;
#8400 = AXIS2_PLACEMENT_3D ( 'NONE', #1228, #8206, #12186 ) ;
#8401 = CARTESIAN_POINT ( 'NONE',  ( -28.19400000000000617, 8.509000000000000341, 1.270000000000001128 ) ) ;
#8402 = ADVANCED_FACE ( 'NONE', ( #5905 ), #12870, .F. ) ;
#8403 = ADVANCED_FACE ( 'NONE', ( #4747 ), #12681, .F. ) ;
#8404 = DIRECTION ( 'NONE',  ( 1.000000000000000000, 0.000000000000000000, -0.000000000000000000 ) ) ;
#8405 = VERTEX_POINT ( 'NONE', #2777 ) ;
#8406 = CARTESIAN_POINT ( 'NONE',  ( 7.175499999999994216, 8.509000000000000341, -0.8255000000000036753 ) ) ;
#8407 = VERTEX_POINT ( 'NONE', #11834 ) ;
#8408 = VERTEX_POINT ( 'NONE', #3811 ) ;
#8409 = VECTOR ( 'NONE', #6594, 1000.000000000000000 ) ;
#8410 = FACE_OUTER_BOUND ( 'NONE', #9420, .T. ) ;
#8411 = ORIENTED_EDGE ( 'NONE', *, *, #2213, .F. ) ;
#8412 = ADVANCED_FACE ( 'NONE', ( #4933 ), #2903, .F. ) ;
#8413 = EDGE_LOOP ( 'NONE', ( #1245, #3598, #7128, #8481, #4529, #4509, #3615, #8388 ) ) ;
#8414 = CARTESIAN_POINT ( 'NONE',  ( 2.539999999999996927, 8.509000000000000341, -1.270000000000001128 ) ) ;
#8415 = VERTEX_POINT ( 'NONE', #828 ) ;
#8416 = VECTOR ( 'NONE', #10529, 1000.000000000000000 ) ;
#8417 = LINE ( 'NONE', #3271, #1093 ) ;
#8418 = DIRECTION ( 'NONE',  ( 0.000000000000000000, 1.440069553722777130E-16, -1.000000000000000000 ) ) ;
#8419 = ORIENTED_EDGE ( 'NONE', *, *, #10815, .T. ) ;
#8420 = CARTESIAN_POINT ( 'NONE',  ( 10.15999999999999481, 3.110602869834277161E-16, -1.270000000000001128 ) ) ;
#8421 = CARTESIAN_POINT ( 'NONE',  ( 11.04899999999999594, 8.064500000000000668, 0.3809999999999964526 ) ) ;
#8422 = FACE_OUTER_BOUND ( 'NONE', #4023, .T. ) ;
#8423 = ORIENTED_EDGE ( 'NONE', *, *, #2801, .F. ) ;
#8424 = DIRECTION ( 'NONE',  ( 1.000000000000000000, 0.000000000000000000, 0.000000000000000000 ) ) ;
#8425 = ORIENTED_EDGE ( 'NONE', *, *, #6467, .F. ) ;
#8426 = CARTESIAN_POINT ( 'NONE',  ( -21.97100000000000364, 7.239000000000000767, 0.3809999999999962861 ) ) ;
#8427 = AXIS2_PLACEMENT_3D ( 'NONE', #11736, #8291, #7127 ) ;
#8428 = VECTOR ( 'NONE', #1189, 1000.000000000000000 ) ;
#8429 = CARTESIAN_POINT ( 'NONE',  ( 5.968999999999994976, 7.239000000000000767, 0.3809999999999962861 ) ) ;
#8430 = VECTOR ( 'NONE', #1599, 1000.000000000000000 ) ;
#8431 = EDGE_CURVE ( 'NONE', #11889, #271, #10726, .T. ) ;
#8432 = LINE ( 'NONE', #1446, #9885 ) ;
#8433 = FACE_OUTER_BOUND ( 'NONE', #3457, .T. ) ;
#8434 = ORIENTED_EDGE ( 'NONE', *, *, #1198, .T. ) ;
#8435 = EDGE_CURVE ( 'NONE', #12522, #2895, #5778, .T. ) ;
#8436 = VECTOR ( 'NONE', #1837, 1000.000000000000000 ) ;
#8437 = LINE ( 'NONE', #7467, #11919 ) ;
#8438 = EDGE_CURVE ( 'NONE', #12108, #12561, #11890, .T. ) ;
#8439 = DIRECTION ( 'NONE',  ( -1.000000000000000000, -0.000000000000000000, -0.000000000000000000 ) ) ;
#8440 = CARTESIAN_POINT ( 'NONE',  ( -19.43100000000000449, 7.239000000000000767, -0.3810000000000025033 ) ) ;
#8441 = DIRECTION ( 'NONE',  ( -1.000000000000000000, 0.000000000000000000, 0.000000000000000000 ) ) ;
#8442 = CARTESIAN_POINT ( 'NONE',  ( -5.080000000000004512, 0.000000000000000000, 1.269999999999998908 ) ) ;
#8443 = CARTESIAN_POINT ( 'NONE',  ( 17.77999999999999758, -1.925929944387235853E-31, 0.8889999999999991243 ) ) ;
#8444 = ORIENTED_EDGE ( 'NONE', *, *, #12755, .F. ) ;
#8445 = EDGE_CURVE ( 'NONE', #6693, #12496, #1857, .T. ) ;
#8446 = PLANE ( 'NONE',  #11591 ) ;
#8447 = EDGE_CURVE ( 'NONE', #10349, #3191, #2965, .T. ) ;
#8448 = DIRECTION ( 'NONE',  ( 1.000000000000000000, 0.000000000000000000, -0.000000000000000000 ) ) ;
#8449 = COLOUR_RGB ( '',0.2509803921568627416, 0.2509803921568627416, 0.2509803921568627416 ) ;
#8450 = ORIENTED_EDGE ( 'NONE', *, *, #3186, .T. ) ;
#8451 = VECTOR ( 'NONE', #12241, 1000.000000000000000 ) ;
#8452 = CARTESIAN_POINT ( 'NONE',  ( -14.35100000000000442, 7.239000000000000767, 0.3809999999999962861 ) ) ;
#8453 = ORIENTED_EDGE ( 'NONE', *, *, #2631, .F. ) ;
#8454 = LINE ( 'NONE', #7538, #2542 ) ;
#8455 = ORIENTED_EDGE ( 'NONE', *, *, #8591, .F. ) ;
#8456 = CARTESIAN_POINT ( 'NONE',  ( -1.397000000000002462, 7.810500000000000220, -0.1270000000000020557 ) ) ;
#8457 = CARTESIAN_POINT ( 'NONE',  ( 1.650999999999996248, 7.239000000000000767, 0.3809999999999962861 ) ) ;
#8458 = CARTESIAN_POINT ( 'NONE',  ( -25.40000000000000568, 8.509000000000000341, -1.270000000000001128 ) ) ;
#8459 = VERTEX_POINT ( 'NONE', #12805 ) ;
#8460 = LINE ( 'NONE', #3504, #12298 ) ;
#8461 = EDGE_LOOP ( 'NONE', ( #10994, #12511, #6404, #1077 ) ) ;
#8462 = CARTESIAN_POINT ( 'NONE',  ( 5.968999999999994976, 8.064500000000000668, -0.3810000000000023368 ) ) ;
#8463 = ORIENTED_EDGE ( 'NONE', *, *, #1106, .F. ) ;
#8464 = CARTESIAN_POINT ( 'NONE',  ( 17.77999999999999758, 8.509000000000000341, 0.8254999999999981242 ) ) ;
#8465 = CARTESIAN_POINT ( 'NONE',  ( -12.70000000000000639, 0.5080000000000002292, -0.7528818102449945648 ) ) ;
#8466 = EDGE_CURVE ( 'NONE', #5799, #12848, #9872, .T. ) ;
#8467 = VECTOR ( 'NONE', #11047, 1000.000000000000000 ) ;
#8468 = PRODUCT_DEFINITION_SHAPE ( 'NONE', 'NONE',  #1625 ) ;
#8469 = FACE_OUTER_BOUND ( 'NONE', #8028, .T. ) ;
#8470 = VERTEX_POINT ( 'NONE', #10922 ) ;
#8471 = LINE ( 'NONE', #1556, #10650 ) ;
#8472 = ORIENTED_EDGE ( 'NONE', *, *, #8260, .F. ) ;
#8473 = VECTOR ( 'NONE', #4738, 1000.000000000000000 ) ;
#8474 = CARTESIAN_POINT ( 'NONE',  ( -22.86000000000000654, 0.5080000000000002292, -0.7528818102449945648 ) ) ;
#8475 = VERTEX_POINT ( 'NONE', #1987 ) ;
#8476 = ORIENTED_EDGE ( 'NONE', *, *, #11374, .F. ) ;
#8477 = DIRECTION ( 'NONE',  ( 1.000000000000000000, -0.000000000000000000, -0.000000000000000000 ) ) ;
#8478 = VERTEX_POINT ( 'NONE', #5976 ) ;
#8479 = DIRECTION ( 'NONE',  ( -1.000000000000000000, -0.000000000000000000, -0.000000000000000000 ) ) ;
#8480 = CARTESIAN_POINT ( 'NONE',  ( 3.428999999999994497, 8.064500000000000668, -0.3810000000000023368 ) ) ;
#8481 = ORIENTED_EDGE ( 'NONE', *, *, #9260, .F. ) ;
#8482 = LINE ( 'NONE', #8302, #6835 ) ;
#8483 = LINE ( 'NONE', #12528, #10772 ) ;
#8484 = ADVANCED_FACE ( 'NONE', ( #8954 ), #4012, .F. ) ;
#8485 = ORIENTED_EDGE ( 'NONE', *, *, #566, .F. ) ;
#8486 = LINE ( 'NONE', #4387, #11486 ) ;
#8487 = DIRECTION ( 'NONE',  ( 0.000000000000000000, -1.000000000000000000, -2.548365665731588345E-16 ) ) ;
#8488 = ORIENTED_EDGE ( 'NONE', *, *, #2595, .T. ) ;
#8489 = ADVANCED_FACE ( 'NONE', ( #290 ), #5315, .F. ) ;
#8490 = VECTOR ( 'NONE', #5710, 1000.000000000000000 ) ;
#8491 =( REPRESENTATION_RELATIONSHIP ('NONE','NONE', #7825, #3815 ) REPRESENTATION_RELATIONSHIP_WITH_TRANSFORMATION ( #897 )SHAPE_REPRESENTATION_RELATIONSHIP( ) );
#8492 = CARTESIAN_POINT ( 'NONE',  ( -17.78000000000000469, -1.925929944387235853E-31, 0.8889999999999991243 ) ) ;
#8493 = ORIENTED_EDGE ( 'NONE', *, *, #870, .T. ) ;
#8494 = LINE ( 'NONE', #3347, #12132 ) ;
#8495 = FACE_OUTER_BOUND ( 'NONE', #6953, .T. ) ;
#8496 = CARTESIAN_POINT ( 'NONE',  ( -15.24000000000000554, 2.177422008883992879E-16, -0.8890000000000013447 ) ) ;
#8497 = DIRECTION ( 'NONE',  ( 0.000000000000000000, 5.054934237236841843E-31, 1.000000000000000000 ) ) ;
#8498 = ADVANCED_FACE ( 'NONE', ( #2306 ), #9218, .F. ) ;
#8499 = DIRECTION ( 'NONE',  ( 0.000000000000000000, 0.000000000000000000, 1.000000000000000000 ) ) ;
#8500 = CARTESIAN_POINT ( 'NONE',  ( -23.74900000000000588, 7.239000000000000767, 0.3809999999999962861 ) ) ;
#8501 = ORIENTED_EDGE ( 'NONE', *, *, #281, .F. ) ;
#8502 = DIRECTION ( 'NONE',  ( -1.000000000000000000, 0.000000000000000000, 0.000000000000000000 ) ) ;
#8503 = EDGE_CURVE ( 'NONE', #9254, #8278, #225, .T. ) ;
#8504 = DIRECTION ( 'NONE',  ( -0.000000000000000000, 1.000000000000000000, 2.449293598294710852E-16 ) ) ;
#8505 = ORIENTED_EDGE ( 'NONE', *, *, #4957, .T. ) ;
#8506 = LINE ( 'NONE', #6572, #12775 ) ;
#8507 = EDGE_LOOP ( 'NONE', ( #8896, #6531, #11973, #9946 ) ) ;
#8508 = DIRECTION ( 'NONE',  ( 0.000000000000000000, 0.9659258262890699775, 0.2588190451025145222 ) ) ;
#8509 = ADVANCED_FACE ( 'NONE', ( #11108 ), #359, .F. ) ;
#8510 = LINE ( 'NONE', #5587, #10235 ) ;
#8511 = CARTESIAN_POINT ( 'NONE',  ( -20.32000000000000384, 0.000000000000000000, 1.269999999999998908 ) ) ;
#8512 = LINE ( 'NONE', #8391, #498 ) ;
#8513 = ORIENTED_EDGE ( 'NONE', *, *, #1292, .F. ) ;
#8514 = DIRECTION ( 'NONE',  ( 0.000000000000000000, 2.449293598294710852E-16, -1.000000000000000000 ) ) ;
#8515 = VERTEX_POINT ( 'NONE', #9989 ) ;
#8516 = CARTESIAN_POINT ( 'NONE',  ( 11.04899999999999594, 8.064500000000000668, -0.3810000000000023368 ) ) ;
#8517 = UNCERTAINTY_MEASURE_WITH_UNIT (LENGTH_MEASURE( 1.000000000000000082E-05 ), #12307, 'distance_accuracy_value', 'NONE');
#8518 = ADVANCED_FACE ( 'NONE', ( #4335 ), #164, .F. ) ;
#8519 = ADVANCED_FACE ( 'NONE', ( #4197 ), #5046, .F. ) ;
#8520 = ORIENTED_EDGE ( 'NONE', *, *, #5494, .F. ) ;
#8521 = ADVANCED_FACE ( 'NONE', ( #12223 ), #1142, .F. ) ;
#8522 = PLANE ( 'NONE',  #286 ) ;
#8523 = DIRECTION ( 'NONE',  ( 0.000000000000000000, 0.000000000000000000, 1.000000000000000000 ) ) ;
#8524 = ORIENTED_EDGE ( 'NONE', *, *, #2669, .F. ) ;
#8525 = LINE ( 'NONE', #6526, #4627 ) ;
#8526 = DIRECTION ( 'NONE',  ( 0.000000000000000000, -0.9659258262890700886, 0.2588190451025140781 ) ) ;
#8527 = ORIENTED_EDGE ( 'NONE', *, *, #5842, .F. ) ;
#8528 = DIRECTION ( 'NONE',  ( 1.000000000000000000, 0.000000000000000000, -0.000000000000000000 ) ) ;
#8529 = VERTEX_POINT ( 'NONE', #8059 ) ;
#8530 = ORIENTED_EDGE ( 'NONE', *, *, #12815, .T. ) ;
#8531 = ADVANCED_FACE ( 'NONE', ( #10125 ), #4076, .F. ) ;
#8532 = LINE ( 'NONE', #11600, #10721 ) ;
#8533 = VERTEX_POINT ( 'NONE', #1263 ) ;
#8534 = ORIENTED_EDGE ( 'NONE', *, *, #4943, .F. ) ;
#8535 = CARTESIAN_POINT ( 'NONE',  ( -28.19400000000000617, 8.509000000000000341, 1.270000000000001128 ) ) ;
#8536 = ORIENTED_EDGE ( 'NONE', *, *, #9908, .F. ) ;
#8537 = LINE ( 'NONE', #5610, #10662 ) ;
#8538 = LINE ( 'NONE', #1379, #1526 ) ;
#8539 = ORIENTED_EDGE ( 'NONE', *, *, #11638, .F. ) ;
#8540 = PLANE ( 'NONE',  #992 ) ;
#8541 = DIRECTION ( 'NONE',  ( -0.000000000000000000, 1.000000000000000000, 1.440069553722777130E-16 ) ) ;
#8542 = MECHANICAL_DESIGN_GEOMETRIC_PRESENTATION_REPRESENTATION (  '', ( #7510 ), #12508 ) ;
#8543 = ORIENTED_EDGE ( 'NONE', *, *, #7377, .F. ) ;
#8544 = DIRECTION ( 'NONE',  ( 0.000000000000000000, 2.449293598294710852E-16, -1.000000000000000000 ) ) ;
#8545 = DIRECTION ( 'NONE',  ( 0.000000000000000000, -1.440069553722777130E-16, 1.000000000000000000 ) ) ;
#8546 = CARTESIAN_POINT ( 'NONE',  ( 2.539999999999996927, 8.509000000000000341, 1.270000000000001128 ) ) ;
#8547 = EDGE_CURVE ( 'NONE', #9589, #2357, #3291, .T. ) ;
#8548 = CARTESIAN_POINT ( 'NONE',  ( 2.539999999999993818, 8.509000000000000341, 1.270000000000001128 ) ) ;
#8549 = CARTESIAN_POINT ( 'NONE',  ( -5.080000000000004512, 3.110602869834277161E-16, -1.270000000000001128 ) ) ;
#8550 = AXIS2_PLACEMENT_3D ( 'NONE', #8941, #636, #10596 ) ;
#8551 = DIRECTION ( 'NONE',  ( 0.000000000000000000, 1.000000000000000000, -5.054934237236841843E-31 ) ) ;
#8552 = CARTESIAN_POINT ( 'NONE',  ( -15.24000000000000554, 2.177422008883992879E-16, -0.8890000000000013447 ) ) ;
#8553 = ORIENTED_EDGE ( 'NONE', *, *, #1996, .T. ) ;
#8554 = DIRECTION ( 'NONE',  ( -0.000000000000000000, 1.000000000000000000, 1.440069553722777130E-16 ) ) ;
#8555 = DIRECTION ( 'NONE',  ( -0.000000000000000000, 1.000000000000000000, 1.440069553722777130E-16 ) ) ;
#8556 = DIRECTION ( 'NONE',  ( 1.000000000000000000, 0.000000000000000000, -0.000000000000000000 ) ) ;
#8557 = DIRECTION ( 'NONE',  ( -0.000000000000000000, 1.000000000000000000, 1.733406087350420004E-16 ) ) ;
#8558 = EDGE_CURVE ( 'NONE', #11992, #5547, #3097, .T. ) ;
#8559 = DIRECTION ( 'NONE',  ( 0.000000000000000000, -5.054934237236841843E-31, -1.000000000000000000 ) ) ;
#8560 = CARTESIAN_POINT ( 'NONE',  ( 53.34000000000000341, 7.239000000000000767, -2.201425730935033664E-16 ) ) ;
#8561 = ORIENTED_EDGE ( 'NONE', *, *, #5548, .T. ) ;
#8562 = VECTOR ( 'NONE', #669, 1000.000000000000000 ) ;
#8563 = VECTOR ( 'NONE', #3170, 1000.000000000000000 ) ;
#8564 = FACE_OUTER_BOUND ( 'NONE', #7384, .T. ) ;
#8565 = PLANE ( 'NONE',  #10083 ) ;
#8566 = ORIENTED_EDGE ( 'NONE', *, *, #5276, .F. ) ;
#8567 = CARTESIAN_POINT ( 'NONE',  ( -20.32000000000000384, 8.509000000000000341, 1.270000000000001128 ) ) ;
#8568 = ORIENTED_EDGE ( 'NONE', *, *, #8012, .T. ) ;
#8569 = AXIS2_PLACEMENT_3D ( 'NONE', #9868, #9804, #8835 ) ;
#8570 = LINE ( 'NONE', #6448, #7954 ) ;
#8571 = ORIENTED_EDGE ( 'NONE', *, *, #4469, .F. ) ;
#8572 = CARTESIAN_POINT ( 'NONE',  ( 2.539999999999993818, 8.509000000000000341, 1.270000000000001128 ) ) ;
#8573 = DIRECTION ( 'NONE',  ( 1.000000000000000000, 0.000000000000000000, 0.000000000000000000 ) ) ;
#8574 = DIRECTION ( 'NONE',  ( -1.000000000000000000, -0.000000000000000000, -0.000000000000000000 ) ) ;
#8575 = CARTESIAN_POINT ( 'NONE',  ( 35.56000000000000227, 7.239000000000000767, -2.201425730935033664E-16 ) ) ;
#8576 = ORIENTED_EDGE ( 'NONE', *, *, #7059, .F. ) ;
#8577 = DIRECTION ( 'NONE',  ( 0.000000000000000000, -2.449293598294710852E-16, 1.000000000000000000 ) ) ;
#8578 = AXIS2_PLACEMENT_3D ( 'NONE', #6845, #7746, #2113 ) ;
#8579 = VECTOR ( 'NONE', #7571, 1000.000000000000000 ) ;
#8580 = ADVANCED_FACE ( 'NONE', ( #9151 ), #94, .F. ) ;
#8581 = CARTESIAN_POINT ( 'NONE',  ( 18.66899999999999693, 7.239000000000000767, -0.3810000000000025033 ) ) ;
#8582 = VERTEX_POINT ( 'NONE', #2181 ) ;
#8583 = ADVANCED_FACE ( 'NONE', ( #5121 ), #11174, .F. ) ;
#8584 = DIRECTION ( 'NONE',  ( 1.000000000000000000, 0.000000000000000000, 0.000000000000000000 ) ) ;
#8585 = VECTOR ( 'NONE', #7993, 999.9999999999998863 ) ;
#8586 = DIRECTION ( 'NONE',  ( 0.000000000000000000, 0.000000000000000000, 1.000000000000000000 ) ) ;
#8587 = EDGE_LOOP ( 'NONE', ( #2919, #5950, #4156, #5213 ) ) ;
#8588 = LINE ( 'NONE', #3511, #5859 ) ;
#8589 = EDGE_CURVE ( 'NONE', #6653, #7789, #3152, .T. ) ;
#8590 = VECTOR ( 'NONE', #7156, 1000.000000000000000 ) ;
#8591 = EDGE_CURVE ( 'NONE', #1109, #3181, #7280, .T. ) ;
#8592 = DIRECTION ( 'NONE',  ( -1.000000000000000000, -0.000000000000000000, -0.000000000000000000 ) ) ;
#8593 = ORIENTED_EDGE ( 'NONE', *, *, #7813, .T. ) ;
#8594 = ADVANCED_FACE ( 'NONE', ( #1647 ), #5570, .F. ) ;
#8595 = DIRECTION ( 'NONE',  ( 0.000000000000000000, 0.000000000000000000, 1.000000000000000000 ) ) ;
#8596 = VERTEX_POINT ( 'NONE', #1517 ) ;
#8597 = VERTEX_POINT ( 'NONE', #12279 ) ;
#8598 = EDGE_CURVE ( 'NONE', #10218, #856, #10511, .T. ) ;
#8599 = DIRECTION ( 'NONE',  ( 0.000000000000000000, 1.000000000000000000, 0.000000000000000000 ) ) ;
#8600 = EDGE_LOOP ( 'NONE', ( #5926, #6939, #5275, #790 ) ) ;
#8601 = AXIS2_PLACEMENT_3D ( 'NONE', #918, #8868, #12836 ) ;
#8602 = EDGE_CURVE ( 'NONE', #8849, #1892, #9408, .T. ) ;
#8603 = ORIENTED_EDGE ( 'NONE', *, *, #11956, .F. ) ;
#8604 = ADVANCED_FACE ( 'NONE', ( #4535 ), #6434, .T. ) ;
#8605 = FACE_OUTER_BOUND ( 'NONE', #12704, .T. ) ;
#8606 = VERTEX_POINT ( 'NONE', #11363 ) ;
#8607 = AXIS2_PLACEMENT_3D ( 'NONE', #8706, #10853, #5709 ) ;
#8608 = LINE ( 'NONE', #10620, #3166 ) ;
#8609 = FACE_OUTER_BOUND ( 'NONE', #12817, .T. ) ;
#8610 = VERTEX_POINT ( 'NONE', #11426 ) ;
#8611 = VECTOR ( 'NONE', #35, 1000.000000000000000 ) ;
#8612 = DIRECTION ( 'NONE',  ( 0.000000000000000000, 2.449293598294710852E-16, -1.000000000000000000 ) ) ;
#8613 = ORIENTED_EDGE ( 'NONE', *, *, #5251, .T. ) ;
#8614 = FILL_AREA_STYLE ('',( #5617 ) ) ;
#8615 = DIRECTION ( 'NONE',  ( -0.000000000000000000, 1.000000000000000000, 1.733406087350420004E-16 ) ) ;
#8616 = AXIS2_PLACEMENT_3D ( 'NONE', #2506, #6496, #10441 ) ;
#8617 = FACE_OUTER_BOUND ( 'NONE', #6264, .T. ) ;
#8618 = VECTOR ( 'NONE', #1200, 1000.000000000000000 ) ;
#8619 = CARTESIAN_POINT ( 'NONE',  ( 12.70000000000000107, 7.239000000000000767, -2.201425730935033664E-16 ) ) ;
#8620 = ORIENTED_EDGE ( 'NONE', *, *, #5143, .T. ) ;
#8621 = DIRECTION ( 'NONE',  ( -0.000000000000000000, 1.000000000000000000, 1.733406087350420004E-16 ) ) ;
#8622 = EDGE_CURVE ( 'NONE', #11998, #7286, #9478, .T. ) ;
#8623 = CARTESIAN_POINT ( 'NONE',  ( -25.40000000000000568, 8.509000000000000341, 1.270000000000001128 ) ) ;
#8624 = CARTESIAN_POINT ( 'NONE',  ( 23.74899999999999878, 7.239000000000000767, -0.3810000000000025033 ) ) ;
#8625 = LINE ( 'NONE', #1842, #2942 ) ;
#8626 = LINE ( 'NONE', #12479, #2390 ) ;
#8627 = EDGE_CURVE ( 'NONE', #12289, #8172, #2570, .T. ) ;
#8628 = VECTOR ( 'NONE', #4171, 1000.000000000000000 ) ;
#8629 = FACE_OUTER_BOUND ( 'NONE', #6970, .T. ) ;
#8630 = VECTOR ( 'NONE', #6, 1000.000000000000000 ) ;
#8631 = FACE_OUTER_BOUND ( 'NONE', #7806, .T. ) ;
#8632 = EDGE_LOOP ( 'NONE', ( #8228, #9122, #1940, #1969 ) ) ;
#8633 = COLOUR_RGB ( '',0.2509803921568627416, 0.2509803921568627416, 0.2509803921568627416 ) ;
#8634 = CARTESIAN_POINT ( 'NONE',  ( 5.079999999999993854, -1.925929944387235853E-31, 0.8889999999999991243 ) ) ;
#8635 = LINE ( 'NONE', #1718, #6575 ) ;
#8636 = ORIENTED_EDGE ( 'NONE', *, *, #11256, .F. ) ;
#8638 = EDGE_CURVE ( 'NONE', #3085, #6068, #3485, .T. ) ;
#8637 = LINE ( 'NONE', #6883, #12579 ) ;
#8639 = EDGE_LOOP ( 'NONE', ( #10357, #1235, #11755, #8922 ) ) ;
#8640 = VECTOR ( 'NONE', #5223, 1000.000000000000000 ) ;
#8641 = VECTOR ( 'NONE', #7831, 1000.000000000000000 ) ;
#8642 = DIRECTION ( 'NONE',  ( -0.000000000000000000, 0.2588190451025140781, 0.9659258262890700886 ) ) ;
#8643 = LINE ( 'NONE', #7670, #4281 ) ;
#8644 = VECTOR ( 'NONE', #7844, 1000.000000000000000 ) ;
#8645 = DIRECTION ( 'NONE',  ( -1.000000000000000000, -0.000000000000000000, -0.000000000000000000 ) ) ;
#8646 = FACE_OUTER_BOUND ( 'NONE', #3192, .T. ) ;
#8647 = DIRECTION ( 'NONE',  ( 1.000000000000000000, -0.000000000000000000, -0.000000000000000000 ) ) ;
#8648 = LINE ( 'NONE', #10730, #5021 ) ;
#8649 = ORIENTED_EDGE ( 'NONE', *, *, #5177, .F. ) ;
#8650 = EDGE_CURVE ( 'NONE', #7781, #7343, #8494, .T. ) ;
#8651 = ADVANCED_FACE ( 'NONE', ( #2443 ), #10377, .F. ) ;
#8652 = CARTESIAN_POINT ( 'NONE',  ( 16.12899999999999778, 8.064500000000000668, -0.3810000000000023368 ) ) ;
#8653 = VECTOR ( 'NONE', #2588, 1000.000000000000114 ) ;
#8654 = LINE ( 'NONE', #894, #921 ) ;
#8655 = ORIENTED_EDGE ( 'NONE', *, *, #11031, .T. ) ;
#8656 = EDGE_CURVE ( 'NONE', #7426, #10720, #12476, .T. ) ;
#8657 = DIRECTION ( 'NONE',  ( -0.5773502691896252870, -0.5773502691896251759, -0.5773502691896267303 ) ) ;
#8658 = DIRECTION ( 'NONE',  ( 0.000000000000000000, 0.000000000000000000, 1.000000000000000000 ) ) ;
#8659 = ORIENTED_EDGE ( 'NONE', *, *, #6537, .T. ) ;
#8660 = PLANE ( 'NONE',  #3146 ) ;
#8661 = ORIENTED_EDGE ( 'NONE', *, *, #4949, .T. ) ;
#8662 = FILL_AREA_STYLE_COLOUR ( '', #11669 ) ;
#8663 = ORIENTED_EDGE ( 'NONE', *, *, #3632, .F. ) ;
#8664 = LINE ( 'NONE', #10549, #254 ) ;
#8665 = ORIENTED_EDGE ( 'NONE', *, *, #10584, .F. ) ;
#8666 = EDGE_LOOP ( 'NONE', ( #11045, #3936, #7723, #6840 ) ) ;
#8667 = DIRECTION ( 'NONE',  ( 0.000000000000000000, -0.9659258262890699775, -0.2588190451025145222 ) ) ;
#8668 = VERTEX_POINT ( 'NONE', #11487 ) ;
#8669 = ORIENTED_EDGE ( 'NONE', *, *, #1094, .F. ) ;
#8670 = VECTOR ( 'NONE', #10005, 1000.000000000000000 ) ;
#8671 = EDGE_CURVE ( 'NONE', #10105, #9451, #8372, .T. ) ;
#8672 = EDGE_CURVE ( 'NONE', #44, #7887, #3539, .T. ) ;
#8673 = ORIENTED_EDGE ( 'NONE', *, *, #8679, .F. ) ;
#8674 = FACE_OUTER_BOUND ( 'NONE', #9703, .T. ) ;
#8675 = EDGE_CURVE ( 'NONE', #9714, #3577, #3601, .T. ) ;
#8676 = LINE ( 'NONE', #7899, #901 ) ;
#8677 = VERTEX_POINT ( 'NONE', #4465 ) ;
#8678 = CARTESIAN_POINT ( 'NONE',  ( 22.85999999999999943, 0.5080000000000000071, 0.7528818102449925664 ) ) ;
#8679 = EDGE_CURVE ( 'NONE', #6447, #4798, #8437, .T. ) ;
#8680 = VECTOR ( 'NONE', #11689, 1000.000000000000000 ) ;
#8681 = ORIENTED_EDGE ( 'NONE', *, *, #387, .F. ) ;
#8682 = CARTESIAN_POINT ( 'NONE',  ( -3.469446951953614189E-15, 8.509000000000000341, 1.270000000000001128 ) ) ;
#8683 = FACE_OUTER_BOUND ( 'NONE', #2816, .T. ) ;
#8684 = EDGE_CURVE ( 'NONE', #4573, #8113, #10318, .T. ) ;
#8685 = CARTESIAN_POINT ( 'NONE',  ( -24.51100000000000634, 8.064500000000000668, 0.3809999999999962861 ) ) ;
#8686 = ORIENTED_EDGE ( 'NONE', *, *, #7160, .F. ) ;
#8687 = DIRECTION ( 'NONE',  ( -0.000000000000000000, 1.000000000000000000, 2.449293598294710852E-16 ) ) ;
#8688 = EDGE_CURVE ( 'NONE', #2415, #5826, #2504, .T. ) ;
#8689 = DIRECTION ( 'NONE',  ( 0.000000000000000000, -5.054934237236841843E-31, -1.000000000000000000 ) ) ;
#8690 = CARTESIAN_POINT ( 'NONE',  ( -9.271000000000004349, 7.239000000000000767, -0.3810000000000025033 ) ) ;
#8691 = DIRECTION ( 'NONE',  ( 0.000000000000000000, 0.000000000000000000, -1.000000000000000000 ) ) ;
#8692 = DIRECTION ( 'NONE',  ( 0.000000000000000000, 1.440069553722777130E-16, -1.000000000000000000 ) ) ;
#8693 = DIRECTION ( 'NONE',  ( 0.000000000000000000, -1.000000000000000000, -2.548365665731588345E-16 ) ) ;
#8694 = PLANE ( 'NONE',  #1301 ) ;
#8695 = ORIENTED_EDGE ( 'NONE', *, *, #5475, .T. ) ;
#8696 = VECTOR ( 'NONE', #6685, 1000.000000000000000 ) ;
#8697 = CARTESIAN_POINT ( 'NONE',  ( -5.080000000000004512, 0.5080000000000000071, 0.7528818102449925664 ) ) ;
#8698 = VECTOR ( 'NONE', #11733, 1000.000000000000000 ) ;
#8699 = EDGE_LOOP ( 'NONE', ( #7573, #5064, #6267, #11446 ) ) ;
#8700 = CARTESIAN_POINT ( 'NONE',  ( 25.39999999999999858, -1.925929944387235853E-31, 0.8889999999999991243 ) ) ;
#8701 = ORIENTED_EDGE ( 'NONE', *, *, #9440, .T. ) ;
#8702 = LINE ( 'NONE', #7788, #5447 ) ;
#8703 = ORIENTED_EDGE ( 'NONE', *, *, #10543, .T. ) ;
#8704 = DIRECTION ( 'NONE',  ( 0.000000000000000000, 0.000000000000000000, -1.000000000000000000 ) ) ;
#8705 = DIRECTION ( 'NONE',  ( -1.000000000000000000, -0.000000000000000000, -0.000000000000000000 ) ) ;
#8706 = CARTESIAN_POINT ( 'NONE',  ( 24.51099999999999923, 8.064500000000000668, 0.3809999999999962861 ) ) ;
#8707 = FACE_OUTER_BOUND ( 'NONE', #11105, .T. ) ;
#8708 = PLANE ( 'NONE',  #8344 ) ;
#8709 = ORIENTED_EDGE ( 'NONE', *, *, #11652, .T. ) ;
#8710 = CARTESIAN_POINT ( 'NONE',  ( -7.620000000000005436, 0.5080000000000000071, 0.7528818102449925664 ) ) ;
#8711 = ADVANCED_FACE ( 'NONE', ( #10575 ), #4395, .F. ) ;
#8712 = DIRECTION ( 'NONE',  ( -0.000000000000000000, 1.000000000000000000, 1.733406087350420004E-16 ) ) ;
#8713 = ORIENTED_EDGE ( 'NONE', *, *, #9904, .T. ) ;
#8714 = DIRECTION ( 'NONE',  ( 1.000000000000000000, 0.000000000000000000, 0.000000000000000000 ) ) ;
#8715 = CARTESIAN_POINT ( 'NONE',  ( 16.50999999999999801, 0.000000000000000000, 0.000000000000000000 ) ) ;
#8716 = ORIENTED_EDGE ( 'NONE', *, *, #4333, .F. ) ;
#8717 = CARTESIAN_POINT ( 'NONE',  ( -20.32000000000000384, -1.925929944387235853E-31, 0.8889999999999991243 ) ) ;
#8718 = DIRECTION ( 'NONE',  ( -0.000000000000000000, 1.000000000000000000, 1.733406087350420004E-16 ) ) ;
#8719 = CARTESIAN_POINT ( 'NONE',  ( 2.539999999999996927, 3.110602869834277161E-16, -1.270000000000001128 ) ) ;
#8720 = ORIENTED_EDGE ( 'NONE', *, *, #2538, .T. ) ;
#8721 = DIRECTION ( 'NONE',  ( 0.000000000000000000, -5.054934237236841843E-31, -1.000000000000000000 ) ) ;
#8722 = ADVANCED_FACE ( 'NONE', ( #3927 ), #2945, .F. ) ;
#8723 = ORIENTED_EDGE ( 'NONE', *, *, #1105, .F. ) ;
#8724 = ORIENTED_EDGE ( 'NONE', *, *, #7611, .F. ) ;
#8725 = PLANE ( 'NONE',  #5105 ) ;
#8726 = ORIENTED_EDGE ( 'NONE', *, *, #5548, .F. ) ;
#8727 = VERTEX_POINT ( 'NONE', #8881 ) ;
#8728 = PLANE ( 'NONE',  #1356 ) ;
#8729 = ORIENTED_EDGE ( 'NONE', *, *, #11304, .T. ) ;
#8730 = VECTOR ( 'NONE', #11217, 1000.000000000000000 ) ;
#8731 = CARTESIAN_POINT ( 'NONE',  ( 23.74899999999999878, 7.239000000000000767, -0.3810000000000025033 ) ) ;
#8732 = DIRECTION ( 'NONE',  ( -1.000000000000000000, 0.000000000000000000, 0.000000000000000000 ) ) ;
#8733 = ORIENTED_EDGE ( 'NONE', *, *, #5692, .F. ) ;
#8734 = LINE ( 'NONE', #3780, #11196 ) ;
#8735 = ORIENTED_EDGE ( 'NONE', *, *, #12194, .T. ) ;
#8736 = CARTESIAN_POINT ( 'NONE',  ( 22.85999999999999943, 3.110602869834277161E-16, -1.270000000000001128 ) ) ;
#8737 = CARTESIAN_POINT ( 'NONE',  ( -3.429000000000005155, 8.064500000000000668, -0.3810000000000023368 ) ) ;
#8738 = DIRECTION ( 'NONE',  ( 0.000000000000000000, 1.000000000000000000, 1.440069553722777377E-16 ) ) ;
#8739 = EDGE_CURVE ( 'NONE', #9741, #430, #3672, .T. ) ;
#8740 = LINE ( 'NONE', #11742, #525 ) ;
#8741 = EDGE_LOOP ( 'NONE', ( #9468, #486, #1212, #58 ) ) ;
#8742 = AXIS2_PLACEMENT_3D ( 'NONE', #2062, #10942, #3175 ) ;
#8743 = CARTESIAN_POINT ( 'NONE',  ( -25.40000000000000568, 0.000000000000000000, 0.000000000000000000 ) ) ;
#8744 = CARTESIAN_POINT ( 'NONE',  ( -5.080000000000004512, 2.177422008883992879E-16, -0.8890000000000013447 ) ) ;
#8745 = EDGE_CURVE ( 'NONE', #4419, #6766, #6679, .T. ) ;
#8746 = DIRECTION ( 'NONE',  ( 0.000000000000000000, -1.000000000000000000, -1.733406087350420004E-16 ) ) ;
#8747 = DIRECTION ( 'NONE',  ( 0.000000000000000000, 1.000000000000000000, -5.054934237236841843E-31 ) ) ;
#8748 = LINE ( 'NONE', #7590, #10279 ) ;
#8749 = EDGE_CURVE ( 'NONE', #9634, #8888, #6941, .T. ) ;
#8750 = CARTESIAN_POINT ( 'NONE',  ( 26.28900000000000148, 8.064500000000000668, 0.3809999999999964526 ) ) ;
#8751 = PLANE ( 'NONE',  #6318 ) ;
#8752 = ORIENTED_EDGE ( 'NONE', *, *, #4562, .F. ) ;
#8753 = EDGE_CURVE ( 'NONE', #453, #8155, #2700, .T. ) ;
#8754 = CARTESIAN_POINT ( 'NONE',  ( 15.23999999999999666, 2.177422008883992879E-16, -0.8890000000000013447 ) ) ;
#8755 = VECTOR ( 'NONE', #6216, 1000.000000000000114 ) ;
#8756 = VECTOR ( 'NONE', #2013, 1000.000000000000000 ) ;
#8757 = FACE_OUTER_BOUND ( 'NONE', #4294, .T. ) ;
#8758 = ORIENTED_EDGE ( 'NONE', *, *, #8940, .T. ) ;
#8759 = LINE ( 'NONE', #12736, #9244 ) ;
#8760 = CARTESIAN_POINT ( 'NONE',  ( -2.540000000000004032, 0.000000000000000000, 1.269999999999998908 ) ) ;
#8761 = ADVANCED_FACE ( 'NONE', ( #11747 ), #9791, .F. ) ;
#8762 = VERTEX_POINT ( 'NONE', #7654 ) ;
#8763 = CARTESIAN_POINT ( 'NONE',  ( -10.16000000000000547, 3.110602869834277161E-16, -1.270000000000001128 ) ) ;
#8764 = LINE ( 'NONE', #9936, #1929 ) ;
#8765 = EDGE_CURVE ( 'NONE', #12316, #2937, #5957, .T. ) ;
#8766 = PLANE ( 'NONE',  #3420 ) ;
#8767 = CARTESIAN_POINT ( 'NONE',  ( 28.19400000000000617, 0.000000000000000000, 1.269999999999998908 ) ) ;
#8768 = VECTOR ( 'NONE', #12294, 1000.000000000000000 ) ;
#8769 = VECTOR ( 'NONE', #3973, 1000.000000000000000 ) ;
#8770 = ORIENTED_EDGE ( 'NONE', *, *, #6522, .T. ) ;
#8771 = LINE ( 'NONE', #11642, #134 ) ;
#8772 = VECTOR ( 'NONE', #6023, 1000.000000000000000 ) ;
#8773 = CARTESIAN_POINT ( 'NONE',  ( 0.3810000000000000053, 0.5079999999999997851, 0.2032000000000010465 ) ) ;
#8774 = ORIENTED_EDGE ( 'NONE', *, *, #6222, .F. ) ;
#8775 = VECTOR ( 'NONE', #9022, 1000.000000000000000 ) ;
#8776 = VECTOR ( 'NONE', #10773, 1000.000000000000000 ) ;
#8777 = CARTESIAN_POINT ( 'NONE',  ( -20.32000000000000384, 3.110602869834277161E-16, -1.270000000000001128 ) ) ;
#8778 = DIRECTION ( 'NONE',  ( 1.000000000000000000, 0.000000000000000000, 0.000000000000000000 ) ) ;
#8779 = VERTEX_POINT ( 'NONE', #11872 ) ;
#8780 = CARTESIAN_POINT ( 'NONE',  ( 15.23999999999999666, 8.509000000000000341, 1.270000000000001128 ) ) ;
#8781 = PRODUCT_DEFINITION_SHAPE ( 'NONE', 'NONE',  #12889 ) ;
#8782 = EDGE_CURVE ( 'NONE', #3466, #12522, #9920, .T. ) ;
#8783 = CARTESIAN_POINT ( 'NONE',  ( 11.81099999999999461, 7.239000000000000767, 0.3809999999999962861 ) ) ;
#8784 = ORIENTED_EDGE ( 'NONE', *, *, #8638, .T. ) ;
#8785 = VECTOR ( 'NONE', #12284, 1000.000000000000000 ) ;
#8786 = CARTESIAN_POINT ( 'NONE',  ( 27.94000000000000128, -1.925929944387235853E-31, 0.8889999999999991243 ) ) ;
#8787 = VECTOR ( 'NONE', #3776, 1000.000000000000000 ) ;
#8788 = ORIENTED_EDGE ( 'NONE', *, *, #1116, .T. ) ;
#8789 = VERTEX_POINT ( 'NONE', #935 ) ;
#8790 = CARTESIAN_POINT ( 'NONE',  ( -15.68450000000000344, 8.509000000000000341, -0.8255000000000036753 ) ) ;
#8791 = ORIENTED_EDGE ( 'NONE', *, *, #11900, .T. ) ;
#8792 = VERTEX_POINT ( 'NONE', #10833 ) ;
#8793 = AXIS2_PLACEMENT_3D ( 'NONE', #7594, #6686, #1593 ) ;
#8794 = VECTOR ( 'NONE', #9543, 1000.000000000000000 ) ;
#8795 = EDGE_CURVE ( 'NONE', #4974, #9203, #5688, .T. ) ;
#8796 = DIRECTION ( 'NONE',  ( 0.000000000000000000, 1.000000000000000000, 0.000000000000000000 ) ) ;
#8797 = EDGE_CURVE ( 'NONE', #12761, #464, #4916, .T. ) ;
#8798 = CARTESIAN_POINT ( 'NONE',  ( -2.540000000000004032, 8.509000000000000341, 1.270000000000001128 ) ) ;
#8799 = ORIENTED_EDGE ( 'NONE', *, *, #8380, .T. ) ;
#8800 = DIRECTION ( 'NONE',  ( -1.000000000000000000, 0.000000000000000000, 0.000000000000000000 ) ) ;
#8801 = LINE ( 'NONE', #5931, #274 ) ;
#8802 = ORIENTED_EDGE ( 'NONE', *, *, #4376, .T. ) ;
#8803 = ORIENTED_EDGE ( 'NONE', *, *, #11225, .F. ) ;
#8804 = CARTESIAN_POINT ( 'NONE',  ( 22.85999999999999943, 8.509000000000000341, 1.270000000000001128 ) ) ;
#8805 = EDGE_LOOP ( 'NONE', ( #373, #1415, #8136, #1179 ) ) ;
#8806 = CARTESIAN_POINT ( 'NONE',  ( -12.70000000000000462, 8.509000000000000341, -1.270000000000001128 ) ) ;
#8807 =( GEOMETRIC_REPRESENTATION_CONTEXT ( 3 ) GLOBAL_UNCERTAINTY_ASSIGNED_CONTEXT ( ( #6321 ) ) GLOBAL_UNIT_ASSIGNED_CONTEXT ( ( #9467, #6672, #3716 ) ) REPRESENTATION_CONTEXT ( 'NONE', 'WORKASPACE' ) );
#8808 = VECTOR ( 'NONE', #10085, 1000.000000000000000 ) ;
#8809 = EDGE_CURVE ( 'NONE', #5549, #1539, #12723, .T. ) ;
#8810 = CARTESIAN_POINT ( 'NONE',  ( 15.23999999999999666, 2.177422008883992879E-16, -0.8890000000000013447 ) ) ;
#8811 = DIRECTION ( 'NONE',  ( -1.000000000000000000, -0.000000000000000000, -0.000000000000000000 ) ) ;
#8812 = CARTESIAN_POINT ( 'NONE',  ( -16.38300000000000978, 7.810500000000001108, 0.1269999999999965878 ) ) ;
#8813 = ADVANCED_FACE ( 'NONE', ( #6811 ), #10775, .F. ) ;
#8814 = CARTESIAN_POINT ( 'NONE',  ( -27.94000000000000483, 0.5080000000000002292, -0.7528818102449945648 ) ) ;
#8815 = ORIENTED_EDGE ( 'NONE', *, *, #12168, .T. ) ;
#8816 = VECTOR ( 'NONE', #8732, 1000.000000000000000 ) ;
#8817 = DIRECTION ( 'NONE',  ( 0.000000000000000000, -1.440069553722777130E-16, 1.000000000000000000 ) ) ;
#8818 = DIRECTION ( 'NONE',  ( 0.000000000000000000, 0.000000000000000000, 1.000000000000000000 ) ) ;
#8819 = LINE ( 'NONE', #8624, #7188 ) ;
#8820 = CARTESIAN_POINT ( 'NONE',  ( 15.23999999999999666, 0.000000000000000000, 1.269999999999998908 ) ) ;
#8821 = CARTESIAN_POINT ( 'NONE',  ( -21.97100000000000364, 8.064500000000000668, 0.3809999999999964526 ) ) ;
#8822 = ORIENTED_EDGE ( 'NONE', *, *, #5973, .T. ) ;
#8823 = PLANE ( 'NONE',  #10560 ) ;
#8824 = DIRECTION ( 'NONE',  ( 0.000000000000000000, 1.000000000000000000, 1.733406087350420004E-16 ) ) ;
#8825 = ORIENTED_EDGE ( 'NONE', *, *, #9483, .T. ) ;
#8826 = EDGE_CURVE ( 'NONE', #690, #10452, #10703, .T. ) ;
#8827 = CARTESIAN_POINT ( 'NONE',  ( -0.1961031209927693308, -3.200400000000000134, 0.2032000000000001583 ) ) ;
#8828 = VECTOR ( 'NONE', #11309, 1000.000000000000000 ) ;
#8829 = CARTESIAN_POINT ( 'NONE',  ( -27.05100000000000549, 7.239000000000000767, -0.3810000000000025033 ) ) ;
#8830 = ORIENTED_EDGE ( 'NONE', *, *, #9152, .T. ) ;
#8831 = CARTESIAN_POINT ( 'NONE',  ( 2.539999999999996927, 8.509000000000000341, -1.270000000000001128 ) ) ;
#8832 = ADVANCED_FACE ( 'NONE', ( #1774 ), #3862, .F. ) ;
#8833 = ORIENTED_EDGE ( 'NONE', *, *, #4405, .T. ) ;
#8834 = ADVANCED_FACE ( 'NONE', ( #6870 ), #5820, .F. ) ;
#8835 = DIRECTION ( 'NONE',  ( 0.000000000000000000, 0.000000000000000000, 1.000000000000000000 ) ) ;
#8836 = ORIENTED_EDGE ( 'NONE', *, *, #5996, .F. ) ;
#8837 = VECTOR ( 'NONE', #4045, 1000.000000000000000 ) ;
#8838 = VECTOR ( 'NONE', #12157, 1000.000000000000000 ) ;
#8839 = DIRECTION ( 'NONE',  ( 0.000000000000000000, 1.000000000000000000, 0.000000000000000000 ) ) ;
#8840 = PRESENTATION_LAYER_ASSIGNMENT (  '', '', ( #1545 ) ) ;
#8841 = LINE ( 'NONE', #11576, #9282 ) ;
#8842 = CARTESIAN_POINT ( 'NONE',  ( 26.28900000000000148, 8.064500000000000668, 0.3809999999999962861 ) ) ;
#8843 = EDGE_CURVE ( 'NONE', #1050, #9381, #2887, .T. ) ;
#8844 = CARTESIAN_POINT ( 'NONE',  ( -10.16000000000000547, 3.110602869834277161E-16, -1.270000000000001128 ) ) ;
#8845 = ORIENTED_EDGE ( 'NONE', *, *, #1731, .T. ) ;
#8846 = CARTESIAN_POINT ( 'NONE',  ( -7.620000000000005436, 0.000000000000000000, 1.269999999999998908 ) ) ;
#8847 = DIRECTION ( 'NONE',  ( 0.000000000000000000, 2.449293598294710852E-16, -1.000000000000000000 ) ) ;
#8848 = VECTOR ( 'NONE', #5816, 1000.000000000000114 ) ;
#8849 = VERTEX_POINT ( 'NONE', #7266 ) ;
#8850 = AXIS2_PLACEMENT_3D ( 'NONE', #4860, #6026, #3938 ) ;
#8851 = DIRECTION ( 'NONE',  ( 0.000000000000000000, -1.733406087350420004E-16, 1.000000000000000000 ) ) ;
#8852 = ORIENTED_EDGE ( 'NONE', *, *, #4576, .F. ) ;
#8853 = CARTESIAN_POINT ( 'NONE',  ( -3.469446951953614189E-15, 0.5080000000000002292, -0.7528818102449945648 ) ) ;
#8854 = AXIS2_PLACEMENT_3D ( 'NONE', #8349, #6988, #911 ) ;
#8855 = ORIENTED_EDGE ( 'NONE', *, *, #9775, .F. ) ;
#8856 = AXIS2_PLACEMENT_3D ( 'NONE', #9178, #4162, #10148 ) ;
#8857 = VECTOR ( 'NONE', #3003, 1000.000000000000000 ) ;
#8858 = ORIENTED_EDGE ( 'NONE', *, *, #9719, .F. ) ;
#8859 = ORIENTED_EDGE ( 'NONE', *, *, #8972, .F. ) ;
#8860 = LINE ( 'NONE', #1750, #4483 ) ;
#8861 = VERTEX_POINT ( 'NONE', #8041 ) ;
#8862 = ORIENTED_EDGE ( 'NONE', *, *, #6882, .F. ) ;
#8863 = PLANE ( 'NONE',  #8032 ) ;
#8864 =( NAMED_UNIT ( * ) SI_UNIT ( $, .STERADIAN. ) SOLID_ANGLE_UNIT ( ) );
#8865 = LINE ( 'NONE', #9653, #318 ) ;
#8866 = ORIENTED_EDGE ( 'NONE', *, *, #11983, .T. ) ;
#8867 = DIRECTION ( 'NONE',  ( 1.000000000000000000, 0.000000000000000000, 0.000000000000000000 ) ) ;
#8868 = DIRECTION ( 'NONE',  ( 1.000000000000000000, 0.000000000000000000, -0.000000000000000000 ) ) ;
#8869 = EDGE_LOOP ( 'NONE', ( #10807, #825, #2486, #6477 ) ) ;
#8870 = DIRECTION ( 'NONE',  ( 0.000000000000000000, 1.000000000000000000, 0.000000000000000000 ) ) ;
#8871 = VERTEX_POINT ( 'NONE', #12010 ) ;
#8872 = LINE ( 'NONE', #6999, #10297 ) ;
#8873 = DIRECTION ( 'NONE',  ( -1.000000000000000000, -0.000000000000000000, -0.000000000000000000 ) ) ;
#8874 = VERTEX_POINT ( 'NONE', #11158 ) ;
#8875 = DIRECTION ( 'NONE',  ( 0.000000000000000000, -0.7071067811865484609, 0.7071067811865465735 ) ) ;
#8876 = VERTEX_POINT ( 'NONE', #2087 ) ;
#8877 = CLOSED_SHELL ( 'NONE', ( #1873, #3860, #12354, #4070, #11336, #11504, #6107, #6431, #1743, #4552, #5828, #6378, #9785, #375, #5527, #5648, #11192, #3026, #6994 ) ) ;
#8878 = CARTESIAN_POINT ( 'NONE',  ( -17.78000000000000469, 0.5080000000000000071, 0.7528818102449925664 ) ) ;
#8879 = ADVANCED_FACE ( 'NONE', ( #1122 ), #6016, .F. ) ;
#8880 = AXIS2_PLACEMENT_3D ( 'NONE', #7097, #1928, #6177 ) ;
#8881 = CARTESIAN_POINT ( 'NONE',  ( 5.079999999999993854, 2.177422008883992879E-16, -0.8890000000000013447 ) ) ;
#8882 = CARTESIAN_POINT ( 'NONE',  ( -19.43100000000000449, 7.239000000000000767, 0.3809999999999962861 ) ) ;
#8883 = CARTESIAN_POINT ( 'NONE',  ( 22.85999999999999943, 0.000000000000000000, 1.269999999999998908 ) ) ;
#8884 = DIRECTION ( 'NONE',  ( 0.000000000000000000, 2.449293598294710852E-16, -1.000000000000000000 ) ) ;
#8885 = VERTEX_POINT ( 'NONE', #3080 ) ;
#8886 = CARTESIAN_POINT ( 'NONE',  ( 19.43099999999999739, 8.064500000000000668, -0.3810000000000023368 ) ) ;
#8887 = CARTESIAN_POINT ( 'NONE',  ( 2.539999999999996927, 8.509000000000000341, 1.270000000000001128 ) ) ;
#8888 = VERTEX_POINT ( 'NONE', #7072 ) ;
#8889 = DIRECTION ( 'NONE',  ( -1.000000000000000000, -0.000000000000000000, -0.000000000000000000 ) ) ;
#8890 = VECTOR ( 'NONE', #1716, 1000.000000000000000 ) ;
#8891 = ORIENTED_EDGE ( 'NONE', *, *, #7489, .F. ) ;
#8892 = CARTESIAN_POINT ( 'NONE',  ( -3.469446951953614189E-15, 8.509000000000000341, 1.270000000000001128 ) ) ;
#8893 = CARTESIAN_POINT ( 'NONE',  ( 5.079999999999993854, 0.000000000000000000, 1.269999999999998908 ) ) ;
#8894 = ORIENTED_EDGE ( 'NONE', *, *, #4713, .F. ) ;
#8895 = DIRECTION ( 'NONE',  ( 0.000000000000000000, -0.9659258262890700886, 0.2588190451025140781 ) ) ;
#8896 = ORIENTED_EDGE ( 'NONE', *, *, #10697, .T. ) ;
#8897 = CARTESIAN_POINT ( 'NONE',  ( 22.85999999999999943, 0.000000000000000000, 1.269999999999998908 ) ) ;
#8898 = CARTESIAN_POINT ( 'NONE',  ( 27.94000000000000128, 0.5080000000000000071, 0.7528818102449925664 ) ) ;
#8899 = DIRECTION ( 'NONE',  ( 1.000000000000000000, 0.000000000000000000, -0.000000000000000000 ) ) ;
#8900 = DIRECTION ( 'NONE',  ( 0.000000000000000000, 0.9659258262890700886, -0.2588190451025140781 ) ) ;
#8901 = ORIENTED_EDGE ( 'NONE', *, *, #3072, .T. ) ;
#8902 = CARTESIAN_POINT ( 'NONE',  ( -11.81100000000000527, 7.239000000000000767, 0.3809999999999962861 ) ) ;
#8903 = FILL_AREA_STYLE_COLOUR ( '', #528 ) ;
#8904 = ORIENTED_EDGE ( 'NONE', *, *, #2310, .T. ) ;
#8905 = CARTESIAN_POINT ( 'NONE',  ( -17.78000000000000469, 0.5080000000000002292, -0.7528818102449945648 ) ) ;
#8906 = EDGE_CURVE ( 'NONE', #6613, #9404, #11214, .T. ) ;
#8907 = ORIENTED_EDGE ( 'NONE', *, *, #6751, .T. ) ;
#8908 = LINE ( 'NONE', #7883, #6911 ) ;
#8909 = LINE ( 'NONE', #3957, #3863 ) ;
#8910 = LINE ( 'NONE', #974, #11338 ) ;
#8911 = PRESENTATION_STYLE_ASSIGNMENT (( #11845 ) ) ;
#8912 = EDGE_LOOP ( 'NONE', ( #12340, #630, #10634, #10751 ) ) ;
#8913 = ORIENTED_EDGE ( 'NONE', *, *, #1432, .T. ) ;
#8914 = EDGE_CURVE ( 'NONE', #3126, #9559, #5098, .T. ) ;
#8915 = AXIS2_PLACEMENT_3D ( 'NONE', #8256, #8064, #6174 ) ;
#8916 = EDGE_CURVE ( 'NONE', #11195, #10591, #5030, .T. ) ;
#8917 = ORIENTED_EDGE ( 'NONE', *, *, #5665, .F. ) ;
#8918 = CARTESIAN_POINT ( 'NONE',  ( 8.508999999999995012, 7.239000000000000767, -0.3810000000000025033 ) ) ;
#8919 = DIRECTION ( 'NONE',  ( -1.000000000000000000, -0.000000000000000000, -0.000000000000000000 ) ) ;
#8920 = ADVANCED_FACE ( 'NONE', ( #10162 ), #7972, .F. ) ;
#8921 = CARTESIAN_POINT ( 'NONE',  ( -1.651000000000003132, 7.239000000000000767, -0.3810000000000025033 ) ) ;
#8923 = ADVANCED_FACE ( 'NONE', ( #11084 ), #9074, .F. ) ;
#8922 = ORIENTED_EDGE ( 'NONE', *, *, #1792, .T. ) ;
#8924 = DIRECTION ( 'NONE',  ( -1.000000000000000000, -0.000000000000000000, -0.000000000000000000 ) ) ;
#8925 = CARTESIAN_POINT ( 'NONE',  ( 5.968999999999994976, 8.064500000000000668, -0.3810000000000023368 ) ) ;
#8926 = ORIENTED_EDGE ( 'NONE', *, *, #8589, .F. ) ;
#8927 = EDGE_CURVE ( 'NONE', #3191, #5000, #6149, .T. ) ;
#8928 = LINE ( 'NONE', #1043, #10274 ) ;
#8929 = ORIENTED_EDGE ( 'NONE', *, *, #8348, .T. ) ;
#8930 = LINE ( 'NONE', #925, #4900 ) ;
#8931 = LINE ( 'NONE', #3073, #3213 ) ;
#8932 = VERTEX_POINT ( 'NONE', #143 ) ;
#8933 = LINE ( 'NONE', #1, #4268 ) ;
#8934 = ORIENTED_EDGE ( 'NONE', *, *, #1935, .F. ) ;
#8935 = DIRECTION ( 'NONE',  ( -1.000000000000000000, -0.000000000000000000, -0.000000000000000000 ) ) ;
#8936 = EDGE_CURVE ( 'NONE', #11660, #3847, #9001, .T. ) ;
#8937 = CARTESIAN_POINT ( 'NONE',  ( -7.620000000000005436, 0.000000000000000000, 1.269999999999998908 ) ) ;
#8938 = DIRECTION ( 'NONE',  ( 0.000000000000000000, 0.2588190451025145222, -0.9659258262890699775 ) ) ;
#8939 = DIRECTION ( 'NONE',  ( 0.000000000000000000, -1.000000000000000000, -2.548365665731588345E-16 ) ) ;
#8940 = EDGE_CURVE ( 'NONE', #8364, #10287, #5, .T. ) ;
#8941 = CARTESIAN_POINT ( 'NONE',  ( 13.58899999999999686, 7.239000000000000767, -0.3810000000000025033 ) ) ;
#8942 = ORIENTED_EDGE ( 'NONE', *, *, #5732, .F. ) ;
#8943 = LINE ( 'NONE', #3933, #6429 ) ;
#8944 = PLANE ( 'NONE',  #5866 ) ;
#8945 = CARTESIAN_POINT ( 'NONE',  ( -27.94000000000000483, 8.509000000000000341, -1.270000000000001128 ) ) ;
#8946 = EDGE_CURVE ( 'NONE', #745, #10213, #4976, .T. ) ;
#8947 = DIRECTION ( 'NONE',  ( 0.000000000000000000, 0.9659258262890700886, -0.2588190451025140781 ) ) ;
#8948 = VERTEX_POINT ( 'NONE', #3202 ) ;
#8949 = DIRECTION ( 'NONE',  ( 0.000000000000000000, 1.000000000000000000, 0.000000000000000000 ) ) ;
#8950 = LINE ( 'NONE', #8760, #7814 ) ;
#8951 = ORIENTED_EDGE ( 'NONE', *, *, #9464, .F. ) ;
#8952 = LINE ( 'NONE', #12084, #6919 ) ;
#8953 = EDGE_CURVE ( 'NONE', #2547, #10917, #12068, .T. ) ;
#8954 = FACE_OUTER_BOUND ( 'NONE', #9999, .T. ) ;
#8955 = DIRECTION ( 'NONE',  ( 0.000000000000000000, -0.000000000000000000, -1.000000000000000000 ) ) ;
#8956 = DIRECTION ( 'NONE',  ( 0.000000000000000000, -5.054934237236841843E-31, -1.000000000000000000 ) ) ;
#8957 = LINE ( 'NONE', #5049, #3360 ) ;
#8958 = LINE ( 'NONE', #27, #8490 ) ;
#8959 = ORIENTED_EDGE ( 'NONE', *, *, #4131, .T. ) ;
#8960 = VECTOR ( 'NONE', #1414, 1000.000000000000000 ) ;
#8961 = CARTESIAN_POINT ( 'NONE',  ( -28.19400000000000617, 0.000000000000000000, 1.269999999999998908 ) ) ;
#8962 = ORIENTED_EDGE ( 'NONE', *, *, #7854, .T. ) ;
#8963 = CARTESIAN_POINT ( 'NONE',  ( -7.620000000000005436, 8.509000000000000341, 1.270000000000001128 ) ) ;
#8964 = APPLICATION_PROTOCOL_DEFINITION ( 'draft international standard', 'automotive_design', 1998, #6754 ) ;
#8965 = EDGE_LOOP ( 'NONE', ( #12680, #8571, #3892, #10358 ) ) ;
#8966 = COLOUR_RGB ( '',0.2509803921568627416, 0.2509803921568627416, 0.2509803921568627416 ) ;
#8967 = CARTESIAN_POINT ( 'NONE',  ( 15.23999999999999666, 0.000000000000000000, 1.269999999999998908 ) ) ;
#8968 = VECTOR ( 'NONE', #55, 1000.000000000000000 ) ;
#8969 = CARTESIAN_POINT ( 'NONE',  ( -20.32000000000000384, 0.000000000000000000, 1.269999999999998908 ) ) ;
#8970 = DIRECTION ( 'NONE',  ( -0.5773502691896253980, 0.5773502691896253980, -0.5773502691896265082 ) ) ;
#8971 = VERTEX_POINT ( 'NONE', #7009 ) ;
#8972 = EDGE_CURVE ( 'NONE', #3330, #9149, #4178, .T. ) ;
#8973 = ORIENTED_EDGE ( 'NONE', *, *, #6897, .F. ) ;
#8974 = VECTOR ( 'NONE', #5108, 1000.000000000000000 ) ;
#8975 = VECTOR ( 'NONE', #3568, 1000.000000000000114 ) ;
#8976 = ADVANCED_FACE ( 'NONE', ( #1244 ), #5227, .F. ) ;
#8977 = EDGE_LOOP ( 'NONE', ( #1044, #4196, #3655, #11783 ) ) ;
#8978 = LINE ( 'NONE', #10013, #6326 ) ;
#8979 = FACE_OUTER_BOUND ( 'NONE', #11820, .T. ) ;
#8980 = CARTESIAN_POINT ( 'NONE',  ( 10.15999999999999481, 0.5080000000000000071, 0.7528818102449925664 ) ) ;
#8981 = FACE_OUTER_BOUND ( 'NONE', #6789, .T. ) ;
#8982 = EDGE_CURVE ( 'NONE', #9722, #8948, #8230, .T. ) ;
#8983 = ADVANCED_FACE ( 'NONE', ( #11943 ), #10970, .F. ) ;
#8984 = VECTOR ( 'NONE', #3788, 1000.000000000000000 ) ;
#8985 = CARTESIAN_POINT ( 'NONE',  ( 15.23999999999999666, 3.110602869834277161E-16, -1.270000000000001128 ) ) ;
#8986 = AXIS2_PLACEMENT_3D ( 'NONE', #2947, #9855, #5959 ) ;
#8987 = CARTESIAN_POINT ( 'NONE',  ( 11.81099999999999461, 8.064500000000000668, 0.3809999999999962861 ) ) ;
#8988 = ORIENTED_EDGE ( 'NONE', *, *, #12271, .T. ) ;
#8989 = DIRECTION ( 'NONE',  ( -0.000000000000000000, 1.000000000000000000, 2.449293598294710852E-16 ) ) ;
#8990 = EDGE_CURVE ( 'NONE', #1639, #4101, #541, .T. ) ;
#8991 = VERTEX_POINT ( 'NONE', #8480 ) ;
#8992 = CARTESIAN_POINT ( 'NONE',  ( -3.469446951953614189E-15, 0.000000000000000000, 1.269999999999998908 ) ) ;
#8993 = PRODUCT_DEFINITION_CONTEXT ( 'detailed design', #4511, 'design' ) ;
#8994 = FACE_OUTER_BOUND ( 'NONE', #12828, .T. ) ;
#8995 = ORIENTED_EDGE ( 'NONE', *, *, #7029, .F. ) ;
#8996 = VECTOR ( 'NONE', #6375, 1000.000000000000000 ) ;
#8997 = VECTOR ( 'NONE', #7452, 1000.000000000000000 ) ;
#8998 = CARTESIAN_POINT ( 'NONE',  ( 11.04899999999999594, 8.064500000000000668, 0.3809999999999964526 ) ) ;
#8999 = ORIENTED_EDGE ( 'NONE', *, *, #7419, .F. ) ;
#9000 = CARTESIAN_POINT ( 'NONE',  ( -15.68450000000000344, 8.509000000000000341, 0.8254999999999981242 ) ) ;
#9001 = LINE ( 'NONE', #4119, #11722 ) ;
#9002 = DIRECTION ( 'NONE',  ( 1.000000000000000000, 0.000000000000000000, 0.000000000000000000 ) ) ;
#9003 = DIRECTION ( 'NONE',  ( 0.000000000000000000, 0.000000000000000000, 1.000000000000000000 ) ) ;
#9004 = AXIS2_PLACEMENT_3D ( 'NONE', #12741, #1794, #6761 ) ;
#9005 = DIRECTION ( 'NONE',  ( 0.000000000000000000, 0.000000000000000000, -1.000000000000000000 ) ) ;
#9006 = DIRECTION ( 'NONE',  ( 0.000000000000000000, -1.000000000000000000, -2.548365665731588345E-16 ) ) ;
#9007 = DIRECTION ( 'NONE',  ( 0.000000000000000000, 0.000000000000000000, 1.000000000000000000 ) ) ;
#9008 = DIRECTION ( 'NONE',  ( 1.000000000000000000, 0.000000000000000000, -0.000000000000000000 ) ) ;
#9009 = ORIENTED_EDGE ( 'NONE', *, *, #3168, .T. ) ;
#9010 = CARTESIAN_POINT ( 'NONE',  ( 17.77999999999999758, -1.925929944387235853E-31, 0.8889999999999991243 ) ) ;
#9011 = CARTESIAN_POINT ( 'NONE',  ( -22.86000000000000654, 8.509000000000000341, -1.270000000000001128 ) ) ;
#9012 = AXIS2_PLACEMENT_3D ( 'NONE', #6790, #5800, #5207 ) ;
#9013 = EDGE_CURVE ( 'NONE', #12860, #12301, #2427, .T. ) ;
#9014 = DIRECTION ( 'NONE',  ( 0.000000000000000000, 0.9659258262890700886, -0.2588190451025140781 ) ) ;
#9015 = ORIENTED_EDGE ( 'NONE', *, *, #11059, .F. ) ;
#9016 = LINE ( 'NONE', #12024, #6508 ) ;
#9017 = ORIENTED_EDGE ( 'NONE', *, *, #2472, .F. ) ;
#9018 = VECTOR ( 'NONE', #7031, 1000.000000000000000 ) ;
#9019 = CARTESIAN_POINT ( 'NONE',  ( 10.15999999999999481, -1.925929944387235853E-31, 0.8889999999999991243 ) ) ;
#9020 = CARTESIAN_POINT ( 'NONE',  ( 28.19400000000000617, 0.5080000000000000071, 0.7528818102449925664 ) ) ;
#9021 = PLANE ( 'NONE',  #12155 ) ;
#9022 = DIRECTION ( 'NONE',  ( 0.000000000000000000, 0.000000000000000000, 1.000000000000000000 ) ) ;
#9023 = DIRECTION ( 'NONE',  ( -1.000000000000000000, -0.000000000000000000, -0.000000000000000000 ) ) ;
#9024 = CARTESIAN_POINT ( 'NONE',  ( 18.66899999999999693, 7.239000000000000767, 0.3809999999999962861 ) ) ;
#9025 = EDGE_LOOP ( 'NONE', ( #5598, #11248, #7693, #2675 ) ) ;
#9026 = AXIS2_PLACEMENT_3D ( 'NONE', #9635, #11645, #2727 ) ;
#9027 = DIRECTION ( 'NONE',  ( -1.000000000000000000, -0.000000000000000000, -0.000000000000000000 ) ) ;
#9028 = EDGE_CURVE ( 'NONE', #9889, #5549, #2356, .T. ) ;
#9029 = CARTESIAN_POINT ( 'NONE',  ( -11.81100000000000527, 7.239000000000000767, -0.3810000000000025033 ) ) ;
#9030 = EDGE_LOOP ( 'NONE', ( #4030, #11647, #12022, #4457 ) ) ;
#9031 = FACE_OUTER_BOUND ( 'NONE', #12507, .T. ) ;
#9032 = ORIENTED_EDGE ( 'NONE', *, *, #11544, .T. ) ;
#9033 = AXIS2_PLACEMENT_3D ( 'NONE', #5837, #4805, #2847 ) ;
#9034 = VECTOR ( 'NONE', #4112, 1000.000000000000000 ) ;
#9035 = MECHANICAL_DESIGN_GEOMETRIC_PRESENTATION_REPRESENTATION (  '', ( #7381 ), #9458 ) ;
#9036 = PLANE ( 'NONE',  #240 ) ;
#9037 = EDGE_CURVE ( 'NONE', #3700, #259, #11344, .T. ) ;
#9038 = DIRECTION ( 'NONE',  ( -1.000000000000000000, 0.000000000000000000, 0.000000000000000000 ) ) ;
#9039 = DIRECTION ( 'NONE',  ( 0.000000000000000000, 0.000000000000000000, 1.000000000000000000 ) ) ;
#9040 = EDGE_CURVE ( 'NONE', #2266, #12496, #9271, .T. ) ;
#9041 = EDGE_LOOP ( 'NONE', ( #12229, #222, #6847, #5736 ) ) ;
#9042 = CARTESIAN_POINT ( 'NONE',  ( 13.58899999999999686, 7.239000000000000767, -0.3810000000000025033 ) ) ;
#9043 = EDGE_LOOP ( 'NONE', ( #8770, #4886, #10291, #9917 ) ) ;
#9044 = EDGE_LOOP ( 'NONE', ( #1250, #8568, #2469, #497 ) ) ;
#9045 = VECTOR ( 'NONE', #8599, 1000.000000000000000 ) ;
#9046 = VECTOR ( 'NONE', #752, 1000.000000000000000 ) ;
#9047 = STYLED_ITEM ( 'NONE', ( #4546 ), #10525 ) ;
#9048 = ADVANCED_FACE ( 'NONE', ( #8353 ), #6612, .T. ) ;
#9049 = VECTOR ( 'NONE', #3016, 1000.000000000000000 ) ;
#9050 = EDGE_LOOP ( 'NONE', ( #11976, #847, #4343, #2526 ) ) ;
#9051 = CARTESIAN_POINT ( 'NONE',  ( 12.25549999999999606, 8.509000000000000341, -0.8255000000000036753 ) ) ;
#9052 = SURFACE_STYLE_FILL_AREA ( #1100 ) ;
#9053 = DIRECTION ( 'NONE',  ( 1.000000000000000000, 0.000000000000000000, 0.000000000000000000 ) ) ;
#9054 = FACE_OUTER_BOUND ( 'NONE', #196, .T. ) ;
#9055 = VECTOR ( 'NONE', #5739, 1000.000000000000000 ) ;
#9056 = AXIS2_PLACEMENT_3D ( 'NONE', #7464, #8551, #9406 ) ;
#9057 = COLOUR_RGB ( '',0.2509803921568627416, 0.2509803921568627416, 0.2509803921568627416 ) ;
#9058 = FACE_OUTER_BOUND ( 'NONE', #8461, .T. ) ;
#9059 = EDGE_CURVE ( 'NONE', #62, #5498, #400, .T. ) ;
#9060 = PLANE ( 'NONE',  #3767 ) ;
#9061 = ORIENTED_EDGE ( 'NONE', *, *, #3018, .F. ) ;
#9062 = LINE ( 'NONE', #11805, #920 ) ;
#9063 = ORIENTED_EDGE ( 'NONE', *, *, #2686, .T. ) ;
#9064 = DIRECTION ( 'NONE',  ( 0.000000000000000000, -5.054934237236841843E-31, -1.000000000000000000 ) ) ;
#9065 = CARTESIAN_POINT ( 'NONE',  ( 23.74899999999999878, 8.064500000000000668, 0.3809999999999962861 ) ) ;
#9066 = EDGE_CURVE ( 'NONE', #8155, #11879, #12462, .T. ) ;
#9067 =( GEOMETRIC_REPRESENTATION_CONTEXT ( 3 ) GLOBAL_UNCERTAINTY_ASSIGNED_CONTEXT ( ( #3560 ) ) GLOBAL_UNIT_ASSIGNED_CONTEXT ( ( #10278, #5345, #2406 ) ) REPRESENTATION_CONTEXT ( 'NONE', 'WORKASPACE' ) );
#9068 = ORIENTED_EDGE ( 'NONE', *, *, #2785, .T. ) ;
#9069 = AXIS2_PLACEMENT_3D ( 'NONE', #504, #4417, #12364 ) ;
#9070 = EDGE_CURVE ( 'NONE', #2591, #12774, #9395, .T. ) ;
#9071 = DIRECTION ( 'NONE',  ( 0.000000000000000000, -1.000000000000000000, 0.000000000000000000 ) ) ;
#9072 = ORIENTED_EDGE ( 'NONE', *, *, #2460, .F. ) ;
#9073 = DIRECTION ( 'NONE',  ( 0.000000000000000000, 1.000000000000000000, 0.000000000000000000 ) ) ;
#9074 = PLANE ( 'NONE',  #2360 ) ;
#9075 = FACE_OUTER_BOUND ( 'NONE', #4308, .T. ) ;
#9076 = LINE ( 'NONE', #3204, #1684 ) ;
#9077 = LINE ( 'NONE', #3992, #9049 ) ;
#9078 = LINE ( 'NONE', #2092, #10204 ) ;
#9079 = VECTOR ( 'NONE', #7240, 1000.000000000000000 ) ;
#9080 = ORIENTED_EDGE ( 'NONE', *, *, #12235, .F. ) ;
#9081 = DIRECTION ( 'NONE',  ( 0.000000000000000000, 0.000000000000000000, 1.000000000000000000 ) ) ;
#9082 = CARTESIAN_POINT ( 'NONE',  ( -12.70000000000000462, 8.509000000000000341, -0.8255000000000036753 ) ) ;
#9083 = EDGE_LOOP ( 'NONE', ( #4905, #7629, #3703, #4436 ) ) ;
#9084 = CARTESIAN_POINT ( 'NONE',  ( -3.469446951953614189E-15, 0.000000000000000000, 1.269999999999998908 ) ) ;
#9085 = EDGE_CURVE ( 'NONE', #8369, #10665, #9335, .T. ) ;
#9086 = PLANE ( 'NONE',  #5110 ) ;
#9087 = DIRECTION ( 'NONE',  ( 0.5773502691896253980, 0.5773502691896253980, -0.5773502691896265082 ) ) ;
#9088 = VECTOR ( 'NONE', #3559, 1000.000000000000000 ) ;
#9089 = EDGE_CURVE ( 'NONE', #140, #232, #8538, .T. ) ;
#9090 = LINE ( 'NONE', #2244, #8022 ) ;
#9091 = VECTOR ( 'NONE', #1210, 1000.000000000000000 ) ;
#9092 = ORIENTED_EDGE ( 'NONE', *, *, #7260, .F. ) ;
#9093 = LINE ( 'NONE', #1067, #2953 ) ;
#9094 = DIRECTION ( 'NONE',  ( 0.000000000000000000, 0.000000000000000000, 1.000000000000000000 ) ) ;
#9095 = CARTESIAN_POINT ( 'NONE',  ( 17.78000000000000114, 7.239000000000000767, -2.201425730935033664E-16 ) ) ;
#9096 = CARTESIAN_POINT ( 'NONE',  ( 10.15999999999999481, 0.5080000000000002292, -0.7528818102449945648 ) ) ;
#9097 = LINE ( 'NONE', #6964, #7754 ) ;
#9098 = CARTESIAN_POINT ( 'NONE',  ( 0.3810000000000000053, 0.000000000000000000, 0.000000000000000000 ) ) ;
#9099 = PLANE ( 'NONE',  #5457 ) ;
#9100 = ORIENTED_EDGE ( 'NONE', *, *, #6643, .T. ) ;
#9101 = VECTOR ( 'NONE', #10046, 1000.000000000000114 ) ;
#9102 = FACE_OUTER_BOUND ( 'NONE', #397, .T. ) ;
#9103 = LINE ( 'NONE', #104, #11125 ) ;
#9104 = ORIENTED_EDGE ( 'NONE', *, *, #9993, .F. ) ;
#9105 = DIRECTION ( 'NONE',  ( -1.000000000000000000, 0.000000000000000000, 0.000000000000000000 ) ) ;
#9106 = EDGE_LOOP ( 'NONE', ( #1404, #1885, #9382, #8858 ) ) ;
#9107 = LINE ( 'NONE', #3112, #2745 ) ;
#9108 = CARTESIAN_POINT ( 'NONE',  ( 27.94000000000000483, 0.000000000000000000, 0.000000000000000000 ) ) ;
#9109 = ORIENTED_EDGE ( 'NONE', *, *, #2955, .F. ) ;
#9110 = CARTESIAN_POINT ( 'NONE',  ( 25.39999999999999858, 0.5080000000000002292, -0.7528818102449945648 ) ) ;
#9111 = ORIENTED_EDGE ( 'NONE', *, *, #5442, .F. ) ;
#9112 = EDGE_CURVE ( 'NONE', #6866, #9857, #1502, .T. ) ;
#9113 = ADVANCED_FACE ( 'NONE', ( #6543 ), #4381, .F. ) ;
#9114 = ORIENTED_EDGE ( 'NONE', *, *, #1852, .F. ) ;
#9115 = DIRECTION ( 'NONE',  ( 0.000000000000000000, 2.548365665731588345E-16, -1.000000000000000000 ) ) ;
#9116 = PLANE ( 'NONE',  #3031 ) ;
#9117 = CARTESIAN_POINT ( 'NONE',  ( 18.66899999999999693, 7.239000000000000767, 0.3809999999999962861 ) ) ;
#9118 = LINE ( 'NONE', #6989, #4910 ) ;
#9119 = VERTEX_POINT ( 'NONE', #12525 ) ;
#9120 = CARTESIAN_POINT ( 'NONE',  ( 12.69999999999999574, 8.509000000000000341, 0.8254999999999981242 ) ) ;
#9121 = CARTESIAN_POINT ( 'NONE',  ( -14.35100000000000442, 7.239000000000000767, -0.3810000000000025033 ) ) ;
#9122 = ORIENTED_EDGE ( 'NONE', *, *, #5092, .T. ) ;
#9123 = LINE ( 'NONE', #3260, #5080 ) ;
#9124 = ORIENTED_EDGE ( 'NONE', *, *, #8650, .F. ) ;
#9125 = ORIENTED_EDGE ( 'NONE', *, *, #8210, .T. ) ;
#9126 = DIRECTION ( 'NONE',  ( -1.000000000000000000, -0.000000000000000000, -0.000000000000000000 ) ) ;
#9127 = CARTESIAN_POINT ( 'NONE',  ( 5.524499999999994415, 8.509000000000000341, 0.8254999999999981242 ) ) ;
#9128 = ORIENTED_EDGE ( 'NONE', *, *, #3494, .F. ) ;
#9129 = DIRECTION ( 'NONE',  ( 0.000000000000000000, 0.9659258262890700886, -0.2588190451025140781 ) ) ;
#9130 = ORIENTED_EDGE ( 'NONE', *, *, #6881, .F. ) ;
#9131 = LINE ( 'NONE', #8039, #1287 ) ;
#9132 = CARTESIAN_POINT ( 'NONE',  ( 18.66899999999999693, 7.239000000000000767, -0.3810000000000025033 ) ) ;
#9133 = LINE ( 'NONE', #7073, #8630 ) ;
#9134 = CARTESIAN_POINT ( 'NONE',  ( -22.86000000000000654, 0.5080000000000000071, 0.7528818102449925664 ) ) ;
#9135 = CARTESIAN_POINT ( 'NONE',  ( 19.43099999999999739, 7.239000000000000767, 0.3809999999999962861 ) ) ;
#9136 = DIRECTION ( 'NONE',  ( 1.000000000000000000, 0.000000000000000000, -0.000000000000000000 ) ) ;
#9137 = VERTEX_POINT ( 'NONE', #11545 ) ;
#9138 = CARTESIAN_POINT ( 'NONE',  ( 2.539999999999996927, 2.177422008883992879E-16, -0.8890000000000013447 ) ) ;
#9139 = DIRECTION ( 'NONE',  ( 0.7071067811865475727, -0.7071067811865475727, 0.000000000000000000 ) ) ;
#9140 = SURFACE_STYLE_USAGE ( .BOTH. , #11166 ) ;
#9141 = EDGE_CURVE ( 'NONE', #4664, #4658, #2488, .T. ) ;
#9142 = PLANE ( 'NONE',  #6358 ) ;
#9143 = EDGE_CURVE ( 'NONE', #9416, #7478, #10362, .T. ) ;
#9144 = CARTESIAN_POINT ( 'NONE',  ( 2.984499999999993936, 8.509000000000000341, -1.270000000000001128 ) ) ;
#9145 = FACE_OUTER_BOUND ( 'NONE', #882, .T. ) ;
#9146 = ORIENTED_EDGE ( 'NONE', *, *, #11737, .F. ) ;
#9147 = EDGE_CURVE ( 'NONE', #728, #2260, #1570, .T. ) ;
#9148 = CARTESIAN_POINT ( 'NONE',  ( 23.74899999999999878, 8.064500000000000668, -0.3810000000000023368 ) ) ;
#9149 = VERTEX_POINT ( 'NONE', #4445 ) ;
#9150 = EDGE_CURVE ( 'NONE', #10214, #864, #12395, .T. ) ;
#9151 = FACE_OUTER_BOUND ( 'NONE', #2385, .T. ) ;
#9152 = EDGE_CURVE ( 'NONE', #2103, #2531, #10424, .T. ) ;
#9153 = PLANE ( 'NONE',  #1757 ) ;
#9154 = CARTESIAN_POINT ( 'NONE',  ( -3.469446951953614189E-15, 2.177422008883992879E-16, -0.8890000000000013447 ) ) ;
#9155 = DIRECTION ( 'NONE',  ( 1.000000000000000000, 0.000000000000000000, 0.000000000000000000 ) ) ;
#9156 = CARTESIAN_POINT ( 'NONE',  ( -26.28900000000000858, 8.064500000000000668, 0.3809999999999964526 ) ) ;
#9157 = DIRECTION ( 'NONE',  ( -0.000000000000000000, 1.000000000000000000, 2.449293598294710852E-16 ) ) ;
#9158 = VERTEX_POINT ( 'NONE', #11608 ) ;
#9159 =( REPRESENTATION_RELATIONSHIP ('NONE','NONE', #7825, #3815 ) REPRESENTATION_RELATIONSHIP_WITH_TRANSFORMATION ( #7102 )SHAPE_REPRESENTATION_RELATIONSHIP( ) );
#9160 = LINE ( 'NONE', #12231, #9919 ) ;
#9161 = EDGE_CURVE ( 'NONE', #4966, #12015, #5675, .T. ) ;
#9162 = DIRECTION ( 'NONE',  ( -0.000000000000000000, -0.000000000000000000, 1.000000000000000000 ) ) ;
#9163 = ORIENTED_EDGE ( 'NONE', *, *, #9984, .T. ) ;
#9164 = DIRECTION ( 'NONE',  ( 0.5773502691896253980, 0.5773502691896253980, -0.5773502691896265082 ) ) ;
#9165 = ORIENTED_EDGE ( 'NONE', *, *, #7813, .F. ) ;
#9166 = CARTESIAN_POINT ( 'NONE',  ( 20.31999999999999673, 0.000000000000000000, 1.269999999999998908 ) ) ;
#9167 = DIRECTION ( 'NONE',  ( -0.5773502691896253980, 0.5773502691896253980, -0.5773502691896265082 ) ) ;
#9168 = CARTESIAN_POINT ( 'NONE',  ( -27.94000000000000483, 0.000000000000000000, 1.269999999999998908 ) ) ;
#9169 =( GEOMETRIC_REPRESENTATION_CONTEXT ( 3 ) GLOBAL_UNCERTAINTY_ASSIGNED_CONTEXT ( ( #11391 ) ) GLOBAL_UNIT_ASSIGNED_CONTEXT ( ( #902, #11715, #9764 ) ) REPRESENTATION_CONTEXT ( 'NONE', 'WORKASPACE' ) );
#9170 = ORIENTED_EDGE ( 'NONE', *, *, #2061, .F. ) ;
#9171 = VERTEX_POINT ( 'NONE', #12772 ) ;
#9172 = ORIENTED_EDGE ( 'NONE', *, *, #11555, .T. ) ;
#9173 =( GEOMETRIC_REPRESENTATION_CONTEXT ( 3 ) GLOBAL_UNCERTAINTY_ASSIGNED_CONTEXT ( ( #1355 ) ) GLOBAL_UNIT_ASSIGNED_CONTEXT ( ( #4829, #7054, #5150 ) ) REPRESENTATION_CONTEXT ( 'NONE', 'WORKASPACE' ) );
#9174 = DIRECTION ( 'NONE',  ( 0.000000000000000000, -1.000000000000000000, -2.548365665731588345E-16 ) ) ;
#9175 = AXIS2_PLACEMENT_3D ( 'NONE', #2998, #1232, #10022 ) ;
#9176 = FACE_OUTER_BOUND ( 'NONE', #11513, .T. ) ;
#9177 = EDGE_CURVE ( 'NONE', #10906, #2853, #9588, .T. ) ;
#9178 = CARTESIAN_POINT ( 'NONE',  ( 25.39999999999999858, 0.5080000000000000071, 0.7528818102449925664 ) ) ;
#9179 = LINE ( 'NONE', #4231, #118 ) ;
#9180 = LINE ( 'NONE', #4965, #447 ) ;
#9181 = ORIENTED_EDGE ( 'NONE', *, *, #842, .F. ) ;
#9182 = DIRECTION ( 'NONE',  ( 0.000000000000000000, 1.440069553722777130E-16, -1.000000000000000000 ) ) ;
#9183 = VECTOR ( 'NONE', #37, 1000.000000000000000 ) ;
#9184 = EDGE_LOOP ( 'NONE', ( #12200, #1645, #10643, #3736 ) ) ;
#9185 = VERTEX_POINT ( 'NONE', #3846 ) ;
#9186 = CARTESIAN_POINT ( 'NONE',  ( -0.8890000000000043423, 7.239000000000000767, -0.3810000000000025033 ) ) ;
#9187 = VERTEX_POINT ( 'NONE', #4902 ) ;
#9188 = EDGE_CURVE ( 'NONE', #7676, #11773, #11729, .T. ) ;
#9189 = ADVANCED_FACE ( 'NONE', ( #8609 ), #3659, .F. ) ;
#9190 = ORIENTED_EDGE ( 'NONE', *, *, #6252, .T. ) ;
#9191 = ADVANCED_FACE ( 'NONE', ( #2876 ), #9776, .T. ) ;
#9192 = AXIS2_PLACEMENT_3D ( 'NONE', #362, #9295, #4399 ) ;
#9193 = AXIS2_PLACEMENT_3D ( 'NONE', #3988, #3201, #4975 ) ;
#9194 = CARTESIAN_POINT ( 'NONE',  ( -11.81100000000000527, 7.239000000000000767, 0.3809999999999962861 ) ) ;
#9195 = ORIENTED_EDGE ( 'NONE', *, *, #11986, .T. ) ;
#9196 = PLANE ( 'NONE',  #3775 ) ;
#9197 = CARTESIAN_POINT ( 'NONE',  ( -5.969000000000005635, 8.064500000000000668, 0.3809999999999962861 ) ) ;
#9198 = ORIENTED_EDGE ( 'NONE', *, *, #6400, .F. ) ;
#9199 = DIRECTION ( 'NONE',  ( -0.5773502691896252870, -0.5773502691896251759, -0.5773502691896267303 ) ) ;
#9200 = CARTESIAN_POINT ( 'NONE',  ( -25.40000000000000568, -1.925929944387235853E-31, 0.8889999999999991243 ) ) ;
#9201 = DIRECTION ( 'NONE',  ( -0.000000000000000000, 1.000000000000000000, 2.449293598294710852E-16 ) ) ;
#9202 = LINE ( 'NONE', #6795, #11046 ) ;
#9203 = VERTEX_POINT ( 'NONE', #10561 ) ;
#9204 = AXIS2_PLACEMENT_3D ( 'NONE', #5423, #8424, #2433 ) ;
#9205 = LINE ( 'NONE', #7079, #3077 ) ;
#9206 = LINE ( 'NONE', #7212, #8164 ) ;
#9207 = VECTOR ( 'NONE', #9485, 1000.000000000000000 ) ;
#9208 = VECTOR ( 'NONE', #11575, 1000.000000000000000 ) ;
#9209 = CARTESIAN_POINT ( 'NONE',  ( 20.31999999999999673, 8.509000000000000341, -1.270000000000001128 ) ) ;
#9210 = ORIENTED_EDGE ( 'NONE', *, *, #4628, .T. ) ;
#9211 = EDGE_CURVE ( 'NONE', #4042, #8529, #5870, .T. ) ;
#9212 = VECTOR ( 'NONE', #6625, 999.9999999999998863 ) ;
#9213 = PLANE ( 'NONE',  #1565 ) ;
#9214 =( NAMED_UNIT ( * ) SI_UNIT ( $, .STERADIAN. ) SOLID_ANGLE_UNIT ( ) );
#9215 = EDGE_LOOP ( 'NONE', ( #1499, #4580, #1098, #5262, #8561, #5890, #4710, #5361 ) ) ;
#9216 = AXIS2_PLACEMENT_3D ( 'NONE', #2846, #6696, #4991 ) ;
#9217 = CARTESIAN_POINT ( 'NONE',  ( 43.17999999999999972, 7.239000000000000767, -2.201425730935033664E-16 ) ) ;
#9218 = PLANE ( 'NONE',  #11088 ) ;
#9219 = DIRECTION ( 'NONE',  ( 0.000000000000000000, 0.000000000000000000, 1.000000000000000000 ) ) ;
#9220 = LINE ( 'NONE', #12030, #11935 ) ;
#9221 = FACE_OUTER_BOUND ( 'NONE', #6471, .T. ) ;
#9222 = DIRECTION ( 'NONE',  ( 1.000000000000000000, 0.000000000000000000, -0.000000000000000000 ) ) ;
#9223 = PLANE ( 'NONE',  #470 ) ;
#9224 = ORIENTED_EDGE ( 'NONE', *, *, #10828, .T. ) ;
#9225 = CARTESIAN_POINT ( 'NONE',  ( 25.39999999999999858, 8.509000000000000341, -1.270000000000001128 ) ) ;
#9226 = VECTOR ( 'NONE', #8101, 1000.000000000000000 ) ;
#9227 = EDGE_CURVE ( 'NONE', #4636, #4966, #3712, .T. ) ;
#9228 =( NAMED_UNIT ( * ) SI_UNIT ( $, .STERADIAN. ) SOLID_ANGLE_UNIT ( ) );
#9229 = ORIENTED_EDGE ( 'NONE', *, *, #7018, .F. ) ;
#9230 = FACE_OUTER_BOUND ( 'NONE', #9272, .T. ) ;
#9231 = EDGE_LOOP ( 'NONE', ( #11004, #9100, #3117, #10640 ) ) ;
#9232 = ADVANCED_FACE ( 'NONE', ( #12654 ), #5611, .T. ) ;
#9233 = LINE ( 'NONE', #11126, #3361 ) ;
#9234 = VECTOR ( 'NONE', #6324, 1000.000000000000000 ) ;
#9235 = DIRECTION ( 'NONE',  ( 0.000000000000000000, 0.9659258262890700886, -0.2588190451025140781 ) ) ;
#9236 = CARTESIAN_POINT ( 'NONE',  ( 12.69999999999999574, 8.509000000000000341, -1.270000000000001128 ) ) ;
#9237 = ORIENTED_EDGE ( 'NONE', *, *, #9552, .F. ) ;
#9238 = LINE ( 'NONE', #12180, #1051 ) ;
#9239 = ORIENTED_EDGE ( 'NONE', *, *, #9945, .F. ) ;
#9240 = LINE ( 'NONE', #10400, #12002 ) ;
#9241 = EDGE_CURVE ( 'NONE', #3875, #5271, #8676, .T. ) ;
#9242 = ORIENTED_EDGE ( 'NONE', *, *, #9831, .T. ) ;
#9243 = VECTOR ( 'NONE', #11014, 1000.000000000000000 ) ;
#9244 = VECTOR ( 'NONE', #7722, 1000.000000000000000 ) ;
#9245 = CARTESIAN_POINT ( 'NONE',  ( 18.66899999999999693, 7.239000000000000767, -0.3810000000000025033 ) ) ;
#9246 = FILL_AREA_STYLE ('',( #6255 ) ) ;
#9247 = CARTESIAN_POINT ( 'NONE',  ( 5.079999999999993854, 0.5080000000000002292, -0.7528818102449945648 ) ) ;
#9248 = CARTESIAN_POINT ( 'NONE',  ( -22.86000000000000654, -1.925929944387235853E-31, 0.8889999999999991243 ) ) ;
#9249 = EDGE_CURVE ( 'NONE', #432, #7568, #2929, .T. ) ;
#9250 = CARTESIAN_POINT ( 'NONE',  ( 10.15999999999999481, 8.509000000000000341, 0.8254999999999981242 ) ) ;
#9251 = VECTOR ( 'NONE', #411, 1000.000000000000000 ) ;
#9252 = VECTOR ( 'NONE', #3725, 1000.000000000000000 ) ;
#9253 = DIRECTION ( 'NONE',  ( 1.000000000000000000, 0.000000000000000000, -0.000000000000000000 ) ) ;
#9254 = VERTEX_POINT ( 'NONE', #2812 ) ;
#9255 = AXIS2_PLACEMENT_3D ( 'NONE', #5770, #3547, #11691 ) ;
#9256 = LINE ( 'NONE', #5406, #9457 ) ;
#9257 = ORIENTED_EDGE ( 'NONE', *, *, #6694, .T. ) ;
#9258 = VERTEX_POINT ( 'NONE', #1635 ) ;
#9259 = VECTOR ( 'NONE', #10836, 1000.000000000000000 ) ;
#9260 = EDGE_CURVE ( 'NONE', #7369, #8342, #665, .T. ) ;
#9261 = CARTESIAN_POINT ( 'NONE',  ( 13.58899999999999686, 7.239000000000000767, 0.3809999999999962861 ) ) ;
#9262 = VERTEX_POINT ( 'NONE', #4653 ) ;
#9263 = EDGE_LOOP ( 'NONE', ( #1149, #3196, #2791, #3878 ) ) ;
#9264 = VECTOR ( 'NONE', #8667, 1000.000000000000000 ) ;
#9265 = AXIS2_PLACEMENT_3D ( 'NONE', #5027, #6209, #3326 ) ;
#9266 = VECTOR ( 'NONE', #12054, 1000.000000000000000 ) ;
#9267 = VECTOR ( 'NONE', #1832, 1000.000000000000000 ) ;
#9268 = FACE_OUTER_BOUND ( 'NONE', #4575, .T. ) ;
#9269 = ORIENTED_EDGE ( 'NONE', *, *, #12689, .F. ) ;
#9270 = DIRECTION ( 'NONE',  ( 0.000000000000000000, -1.000000000000000000, -1.733406087350420004E-16 ) ) ;
#9271 = LINE ( 'NONE', #6347, #5483 ) ;
#9272 = EDGE_LOOP ( 'NONE', ( #10683, #4033, #7636, #235 ) ) ;
#9273 = CARTESIAN_POINT ( 'NONE',  ( -3.469446951953614189E-15, 8.509000000000000341, 1.270000000000001128 ) ) ;
#9274 = CARTESIAN_POINT ( 'NONE',  ( -22.86000000000000654, 8.509000000000000341, 0.8254999999999981242 ) ) ;
#9275 = DIRECTION ( 'NONE',  ( -0.000000000000000000, 1.000000000000000000, 1.440069553722777130E-16 ) ) ;
#9276 = ORIENTED_EDGE ( 'NONE', *, *, #5475, .F. ) ;
#9277 = PLANE ( 'NONE',  #11395 ) ;
#9278 = COLOUR_RGB ( '',1.000000000000000000, 0.8117647058823529438, 0.5019607843137254832 ) ;
#9279 = DIRECTION ( 'NONE',  ( 0.000000000000000000, 5.054934237236841843E-31, 1.000000000000000000 ) ) ;
#9280 = FACE_OUTER_BOUND ( 'NONE', #9551, .T. ) ;
#9281 = VECTOR ( 'NONE', #10286, 1000.000000000000000 ) ;
#9282 = VECTOR ( 'NONE', #6644, 1000.000000000000000 ) ;
#9283 = ADVANCED_FACE ( 'NONE', ( #10688 ), #1759, .F. ) ;
#9284 = DIRECTION ( 'NONE',  ( 1.000000000000000000, 0.000000000000000000, 0.000000000000000000 ) ) ;
#9285 = CARTESIAN_POINT ( 'NONE',  ( -7.620000000000005436, 0.5080000000000002292, -0.7528818102449945648 ) ) ;
#9286 = DIRECTION ( 'NONE',  ( 0.000000000000000000, 0.000000000000000000, -1.000000000000000000 ) ) ;
#9287 = EDGE_CURVE ( 'NONE', #2266, #9304, #10760, .T. ) ;
#9288 = CARTESIAN_POINT ( 'NONE',  ( 15.23999999999999666, 0.000000000000000000, 0.000000000000000000 ) ) ;
#9289 = ORIENTED_EDGE ( 'NONE', *, *, #428, .F. ) ;
#9290 = AXIS2_PLACEMENT_3D ( 'NONE', #9759, #7810, #11710 ) ;
#9291 = DIRECTION ( 'NONE',  ( 0.000000000000000000, 2.548365665731588345E-16, -1.000000000000000000 ) ) ;
#9292 = CARTESIAN_POINT ( 'NONE',  ( 13.58899999999999686, 8.064500000000000668, 0.3809999999999962861 ) ) ;
#9293 = LINE ( 'NONE', #3348, #9676 ) ;
#9294 = CARTESIAN_POINT ( 'NONE',  ( 27.94000000000000128, 0.000000000000000000, 1.269999999999998908 ) ) ;
#9295 = DIRECTION ( 'NONE',  ( 0.000000000000000000, 1.000000000000000000, -5.054934237236841843E-31 ) ) ;
#9296 = CARTESIAN_POINT ( 'NONE',  ( -22.86000000000000654, 0.000000000000000000, 0.000000000000000000 ) ) ;
#9297 = ORIENTED_EDGE ( 'NONE', *, *, #12415, .F. ) ;
#9298 = CARTESIAN_POINT ( 'NONE',  ( -10.16000000000000547, -1.925929944387235853E-31, 0.8889999999999991243 ) ) ;
#9299 = DIRECTION ( 'NONE',  ( 1.000000000000000000, 0.000000000000000000, 0.000000000000000000 ) ) ;
#9300 = PRODUCT_DEFINITION_SHAPE ( 'NONE', 'NONE',  #12884 ) ;
#9301 = ORIENTED_EDGE ( 'NONE', *, *, #9376, .F. ) ;
#9302 = CARTESIAN_POINT ( 'NONE',  ( -4.191000000000003389, 7.239000000000000767, -0.3810000000000025033 ) ) ;
#9303 = ITEM_DEFINED_TRANSFORMATION ( 'NONE', 'NONE', #10743,  #1564 ) ;
#9304 = VERTEX_POINT ( 'NONE', #4720 ) ;
#9305 = LINE ( 'NONE', #6244, #2323 ) ;
#9306 = LINE ( 'NONE', #8390, #9494 ) ;
#9307 = FACE_OUTER_BOUND ( 'NONE', #12126, .T. ) ;
#9308 = ORIENTED_EDGE ( 'NONE', *, *, #866, .T. ) ;
#9309 = FACE_OUTER_BOUND ( 'NONE', #1798, .T. ) ;
#9310 = ORIENTED_EDGE ( 'NONE', *, *, #8277, .T. ) ;
#9311 = LINE ( 'NONE', #11253, #979 ) ;
#9312 = UNCERTAINTY_MEASURE_WITH_UNIT (LENGTH_MEASURE( 1.000000000000000082E-05 ), #4925, 'distance_accuracy_value', 'NONE');
#9313 = ADVANCED_FACE ( 'NONE', ( #11666, #800 ), #2747, .F. ) ;
#9314 = ORIENTED_EDGE ( 'NONE', *, *, #7254, .T. ) ;
#9315 = LINE ( 'NONE', #12306, #7179 ) ;
#9316 = DIRECTION ( 'NONE',  ( 1.000000000000000000, 0.000000000000000000, 0.000000000000000000 ) ) ;
#9317 = CARTESIAN_POINT ( 'NONE',  ( -15.24000000000000554, 0.000000000000000000, 1.269999999999998908 ) ) ;
#9318 = EDGE_CURVE ( 'NONE', #957, #545, #8801, .T. ) ;
#9319 = VECTOR ( 'NONE', #10471, 1000.000000000000000 ) ;
#9320 = CARTESIAN_POINT ( 'NONE',  ( -21.97100000000000364, 7.239000000000000767, 0.3809999999999962861 ) ) ;
#9321 = ORIENTED_EDGE ( 'NONE', *, *, #10113, .F. ) ;
#9322 = EDGE_CURVE ( 'NONE', #7933, #10824, #980, .T. ) ;
#9323 = CARTESIAN_POINT ( 'NONE',  ( -2.540000000000004032, 3.110602869834277161E-16, -1.270000000000001128 ) ) ;
#9324 = VECTOR ( 'NONE', #4400, 1000.000000000000000 ) ;
#9325 = ORIENTED_EDGE ( 'NONE', *, *, #6979, .T. ) ;
#9326 = EDGE_LOOP ( 'NONE', ( #3952, #11208, #3925, #11509 ) ) ;
#9327 = CARTESIAN_POINT ( 'NONE',  ( -2.540000000000004032, 8.509000000000000341, -0.8255000000000036753 ) ) ;
#9328 = ORIENTED_EDGE ( 'NONE', *, *, #9487, .T. ) ;
#9329 = ORIENTED_EDGE ( 'NONE', *, *, #302, .T. ) ;
#9330 = ADVANCED_FACE ( 'NONE', ( #3769 ), #7752, .F. ) ;
#9331 = CARTESIAN_POINT ( 'NONE',  ( -0.1961031209927691366, -3.200400000000000134, 0.2032000000000001583 ) ) ;
#9332 = VERTEX_POINT ( 'NONE', #6254 ) ;
#9333 = EDGE_CURVE ( 'NONE', #8394, #9810, #8280, .T. ) ;
#9334 = CARTESIAN_POINT ( 'NONE',  ( 27.94000000000000483, -1.925929944387235853E-31, 0.8889999999999991243 ) ) ;
#9335 = LINE ( 'NONE', #9530, #702 ) ;
#9336 = VERTEX_POINT ( 'NONE', #187 ) ;
#9337 = FACE_OUTER_BOUND ( 'NONE', #919, .T. ) ;
#9338 = DIRECTION ( 'NONE',  ( 0.000000000000000000, -0.7071067811865484609, 0.7071067811865465735 ) ) ;
#9339 = FACE_OUTER_BOUND ( 'NONE', #8666, .T. ) ;
#9340 = VERTEX_POINT ( 'NONE', #2209 ) ;
#9341 = CARTESIAN_POINT ( 'NONE',  ( 12.69999999999999574, 0.000000000000000000, 0.000000000000000000 ) ) ;
#9342 = PLANE ( 'NONE',  #4220 ) ;
#9343 = FACE_OUTER_BOUND ( 'NONE', #11869, .T. ) ;
#9344 = LINE ( 'NONE', #8309, #7607 ) ;
#9345 = CARTESIAN_POINT ( 'NONE',  ( 0.3810000000000000053, 0.5079999999999998961, -0.2031999999999997419 ) ) ;
#9346 = CARTESIAN_POINT ( 'NONE',  ( 8.508999999999995012, 7.239000000000000767, 0.3809999999999962861 ) ) ;
#9347 = ORIENTED_EDGE ( 'NONE', *, *, #2788, .T. ) ;
#9348 = EDGE_CURVE ( 'NONE', #8475, #11379, #4295, .T. ) ;
#9349 = DIRECTION ( 'NONE',  ( 0.000000000000000000, -1.000000000000000000, -2.548365665731588345E-16 ) ) ;
#9350 = CARTESIAN_POINT ( 'NONE',  ( -27.94000000000000483, 0.000000000000000000, 1.269999999999998908 ) ) ;
#9351 = PLANE ( 'NONE',  #1324 ) ;
#9352 = FACE_OUTER_BOUND ( 'NONE', #5852, .T. ) ;
#9353 = EDGE_CURVE ( 'NONE', #4891, #1544, #8138, .T. ) ;
#9354 = CARTESIAN_POINT ( 'NONE',  ( -6.731000000000004313, 8.064500000000000668, 0.3809999999999962861 ) ) ;
#9355 = CARTESIAN_POINT ( 'NONE',  ( -8.509000000000005670, 7.239000000000000767, -0.3810000000000025033 ) ) ;
#9356 = ORIENTED_EDGE ( 'NONE', *, *, #2022, .T. ) ;
#9357 = DIRECTION ( 'NONE',  ( 0.000000000000000000, 0.000000000000000000, -1.000000000000000000 ) ) ;
#9358 = VERTEX_POINT ( 'NONE', #5147 ) ;
#9359 = EDGE_CURVE ( 'NONE', #849, #4966, #2269, .T. ) ;
#9360 = DIRECTION ( 'NONE',  ( 0.000000000000000000, -1.169455476739838842E-16, 1.000000000000000000 ) ) ;
#9361 = ITEM_DEFINED_TRANSFORMATION ( 'NONE', 'NONE', #5129,  #1564 ) ;
#9362 = ORIENTED_EDGE ( 'NONE', *, *, #5057, .T. ) ;
#9363 = CARTESIAN_POINT ( 'NONE',  ( 5.079999999999993854, 0.000000000000000000, 1.269999999999998908 ) ) ;
#9364 = CARTESIAN_POINT ( 'NONE',  ( -9.271000000000004349, 7.239000000000000767, 0.3809999999999962861 ) ) ;
#9365 = CARTESIAN_POINT ( 'NONE',  ( 6.222999999999996312, 7.810500000000000220, -0.1270000000000020557 ) ) ;
#9366 = CARTESIAN_POINT ( 'NONE',  ( -26.28900000000000858, 7.239000000000000767, 0.3809999999999962861 ) ) ;
#9367 = VERTEX_POINT ( 'NONE', #1035 ) ;
#9368 = DIRECTION ( 'NONE',  ( -1.000000000000000000, -0.000000000000000000, -0.000000000000000000 ) ) ;
#9369 = VERTEX_POINT ( 'NONE', #12249 ) ;
#9370 = EDGE_CURVE ( 'NONE', #7237, #11558, #5070, .T. ) ;
#9371 = FACE_OUTER_BOUND ( 'NONE', #4695, .T. ) ;
#9372 = VERTEX_POINT ( 'NONE', #6057 ) ;
#9373 = CARTESIAN_POINT ( 'NONE',  ( -5.080000000000004512, 0.5080000000000002292, -0.7528818102449945648 ) ) ;
#9374 = MECHANICAL_DESIGN_GEOMETRIC_PRESENTATION_REPRESENTATION (  '', ( #3127 ), #9169 ) ;
#9375 = FACE_OUTER_BOUND ( 'NONE', #10919, .T. ) ;
#9376 = EDGE_CURVE ( 'NONE', #7286, #8026, #8978, .T. ) ;
#9377 = LINE ( 'NONE', #10209, #7631 ) ;
#9378 = EDGE_LOOP ( 'NONE', ( #11442, #10845, #11653, #7501 ) ) ;
#9379 = CARTESIAN_POINT ( 'NONE',  ( -7.620000000000005436, 3.110602869834277161E-16, -1.270000000000001128 ) ) ;
#9380 = ADVANCED_FACE ( 'NONE', ( #6193 ), #7052, .F. ) ;
#9381 = VERTEX_POINT ( 'NONE', #9051 ) ;
#9382 = ORIENTED_EDGE ( 'NONE', *, *, #6683, .T. ) ;
#9383 = COLOUR_RGB ( '',0.2509803921568627416, 0.2509803921568627416, 0.2509803921568627416 ) ;
#9384 = EDGE_LOOP ( 'NONE', ( #8017, #5356, #8144, #1932 ) ) ;
#9385 = PRODUCT_DEFINITION_SHAPE ( 'NONE', 'NONE',  #12898 ) ;
#9386 = ORIENTED_EDGE ( 'NONE', *, *, #4475, .F. ) ;
#9387 = ADVANCED_FACE ( 'NONE', ( #1099 ), #122, .F. ) ;
#9388 = EDGE_CURVE ( 'NONE', #7237, #745, #4104, .T. ) ;
#9389 = FACE_OUTER_BOUND ( 'NONE', #4517, .T. ) ;
#9390 = ORIENTED_EDGE ( 'NONE', *, *, #6127, .F. ) ;
#9391 = VECTOR ( 'NONE', #11094, 1000.000000000000114 ) ;
#9392 = AXIS2_PLACEMENT_3D ( 'NONE', #6576, #431, #8508 ) ;
#9393 = DIRECTION ( 'NONE',  ( 1.000000000000000000, 0.000000000000000000, 0.000000000000000000 ) ) ;
#9394 = EDGE_CURVE ( 'NONE', #8533, #7203, #8083, .T. ) ;
#9395 = LINE ( 'NONE', #12326, #9439 ) ;
#9396 = ORIENTED_EDGE ( 'NONE', *, *, #7770, .F. ) ;
#9397 = DIRECTION ( 'NONE',  ( -1.000000000000000000, -0.000000000000000000, -0.000000000000000000 ) ) ;
#9398 = LINE ( 'NONE', #11280, #3729 ) ;
#9399 = LINE ( 'NONE', #2491, #11601 ) ;
#9400 = ORIENTED_EDGE ( 'NONE', *, *, #8591, .T. ) ;
#9401 = PRODUCT_DEFINITION_SHAPE ( 'NONE', 'NONE',  #4339 ) ;
#9402 = FACE_OUTER_BOUND ( 'NONE', #7067, .T. ) ;
#9403 = LINE ( 'NONE', #1388, #9251 ) ;
#9404 = VERTEX_POINT ( 'NONE', #9245 ) ;
#9405 = VECTOR ( 'NONE', #11941, 1000.000000000000000 ) ;
#9406 = DIRECTION ( 'NONE',  ( 0.000000000000000000, 5.054934237236841843E-31, 1.000000000000000000 ) ) ;
#9407 = EDGE_LOOP ( 'NONE', ( #11711, #3320, #6663, #2414 ) ) ;
#9408 = LINE ( 'NONE', #3413, #5473 ) ;
#9409 = PLANE ( 'NONE',  #2387 ) ;
#9410 = FACE_OUTER_BOUND ( 'NONE', #7064, .T. ) ;
#9411 = VECTOR ( 'NONE', #10033, 999.9999999999998863 ) ;
#9412 = DIRECTION ( 'NONE',  ( -1.000000000000000000, -0.000000000000000000, -0.000000000000000000 ) ) ;
#9413 = ORIENTED_EDGE ( 'NONE', *, *, #11323, .T. ) ;
#9414 = DIRECTION ( 'NONE',  ( -1.000000000000000000, -0.000000000000000000, -0.000000000000000000 ) ) ;
#9415 = PLANE ( 'NONE',  #11286 ) ;
#9416 = VERTEX_POINT ( 'NONE', #12116 ) ;
#9417 = DIRECTION ( 'NONE',  ( -1.000000000000000000, -0.000000000000000000, -0.000000000000000000 ) ) ;
#9418 = EDGE_CURVE ( 'NONE', #8099, #6706, #7180, .T. ) ;
#9419 = SURFACE_STYLE_USAGE ( .BOTH. , #11307 ) ;
#9420 = EDGE_LOOP ( 'NONE', ( #2126, #736, #331, #5772, #12275, #642, #11802, #2344 ) ) ;
#9421 = VECTOR ( 'NONE', #12362, 1000.000000000000000 ) ;
#9422 = DIRECTION ( 'NONE',  ( -1.000000000000000000, 0.000000000000000000, 0.000000000000000000 ) ) ;
#9423 = ADVANCED_FACE ( 'NONE', ( #11063 ), #10146, .F. ) ;
#9424 = ITEM_DEFINED_TRANSFORMATION ( 'NONE', 'NONE', #6600,  #1564 ) ;
#9425 = ORIENTED_EDGE ( 'NONE', *, *, #10173, .T. ) ;
#9426 = FACE_OUTER_BOUND ( 'NONE', #5408, .T. ) ;
#9427 = DIRECTION ( 'NONE',  ( 0.000000000000000000, 0.000000000000000000, 1.000000000000000000 ) ) ;
#9428 = DIRECTION ( 'NONE',  ( -1.000000000000000000, -0.000000000000000000, -0.000000000000000000 ) ) ;
#9429 = FACE_OUTER_BOUND ( 'NONE', #11303, .T. ) ;
#9430 = ORIENTED_EDGE ( 'NONE', *, *, #3649, .T. ) ;
#9431 = DIRECTION ( 'NONE',  ( -1.000000000000000000, 0.000000000000000000, -0.000000000000000000 ) ) ;
#9432 = VERTEX_POINT ( 'NONE', #5277 ) ;
#9433 = AXIS2_PLACEMENT_3D ( 'NONE', #7850, #7711, #11678 ) ;
#9434 = EDGE_CURVE ( 'NONE', #10840, #1236, #10403, .T. ) ;
#9435 = DIRECTION ( 'NONE',  ( -1.000000000000000000, 0.000000000000000000, 0.000000000000000000 ) ) ;
#9436 = EDGE_CURVE ( 'NONE', #8407, #8533, #1481, .T. ) ;
#9437 = ORIENTED_EDGE ( 'NONE', *, *, #5680, .F. ) ;
#9438 = LINE ( 'NONE', #6523, #11940 ) ;
#9439 = VECTOR ( 'NONE', #10301, 1000.000000000000000 ) ;
#9440 = EDGE_CURVE ( 'NONE', #8149, #12830, #10538, .T. ) ;
#9441 = DIRECTION ( 'NONE',  ( 0.000000000000000000, -1.000000000000000000, -1.733406087350420004E-16 ) ) ;
#9442 = LINE ( 'NONE', #449, #5637 ) ;
#9443 = ORIENTED_EDGE ( 'NONE', *, *, #2049, .F. ) ;
#9444 = DIRECTION ( 'NONE',  ( 0.000000000000000000, 0.000000000000000000, 1.000000000000000000 ) ) ;
#9445 = EDGE_CURVE ( 'NONE', #4255, #7882, #1360, .T. ) ;
#9446 = ORIENTED_EDGE ( 'NONE', *, *, #4628, .F. ) ;
#9447 = ORIENTED_EDGE ( 'NONE', *, *, #200, .F. ) ;
#9448 = VECTOR ( 'NONE', #612, 1000.000000000000000 ) ;
#9449 = AXIS2_PLACEMENT_3D ( 'NONE', #3953, #10137, #1155 ) ;
#9450 =( NAMED_UNIT ( * ) SI_UNIT ( $, .STERADIAN. ) SOLID_ANGLE_UNIT ( ) );
#9451 = VERTEX_POINT ( 'NONE', #2405 ) ;
#9452 = VERTEX_POINT ( 'NONE', #4629 ) ;
#9453 = DIRECTION ( 'NONE',  ( -0.000000000000000000, 0.000000000000000000, -1.000000000000000000 ) ) ;
#9454 = ORIENTED_EDGE ( 'NONE', *, *, #11254, .T. ) ;
#9455 = AXIS2_PLACEMENT_3D ( 'NONE', #1511, #10567, #4528 ) ;
#9456 = AXIS2_PLACEMENT_3D ( 'NONE', #11298, #6369, #12280 ) ;
#9457 = VECTOR ( 'NONE', #390, 1000.000000000000000 ) ;
#9458 =( GEOMETRIC_REPRESENTATION_CONTEXT ( 3 ) GLOBAL_UNCERTAINTY_ASSIGNED_CONTEXT ( ( #2401 ) ) GLOBAL_UNIT_ASSIGNED_CONTEXT ( ( #11118, #8185, #8000 ) ) REPRESENTATION_CONTEXT ( 'NONE', 'WORKASPACE' ) );
#9459 = LINE ( 'NONE', #12265, #6935 ) ;
#9460 = DIRECTION ( 'NONE',  ( -1.000000000000000000, 0.000000000000000000, 0.000000000000000000 ) ) ;
#9461 = ORIENTED_EDGE ( 'NONE', *, *, #10412, .F. ) ;
#9462 = CARTESIAN_POINT ( 'NONE',  ( 28.19400000000000617, 8.509000000000000341, 1.270000000000001128 ) ) ;
#9463 = DIRECTION ( 'NONE',  ( -0.000000000000000000, 1.000000000000000000, 1.733406087350420004E-16 ) ) ;
#9464 = EDGE_CURVE ( 'NONE', #10984, #5972, #7300, .T. ) ;
#9465 = ORIENTED_EDGE ( 'NONE', *, *, #11909, .T. ) ;
#9466 = DIRECTION ( 'NONE',  ( -0.000000000000000000, -0.7071067811865482389, -0.7071067811865469066 ) ) ;
#9467 =( LENGTH_UNIT ( ) NAMED_UNIT ( * ) SI_UNIT ( .MILLI., .METRE. ) );
#9468 = ORIENTED_EDGE ( 'NONE', *, *, #3668, .T. ) ;
#9469 = CARTESIAN_POINT ( 'NONE',  ( 17.77999999999999758, 0.5080000000000002292, -0.7528818102449945648 ) ) ;
#9470 = AXIS2_PLACEMENT_3D ( 'NONE', #7268, #1246, #11216 ) ;
#9471 = ORIENTED_EDGE ( 'NONE', *, *, #7539, .F. ) ;
#9472 = STYLED_ITEM ( 'NONE', ( #10386 ), #10503 ) ;
#9473 = EDGE_CURVE ( 'NONE', #7946, #1288, #2534, .T. ) ;
#9474 = CARTESIAN_POINT ( 'NONE',  ( 48.26000000000000512, 7.239000000000000767, -2.201425730935033664E-16 ) ) ;
#9475 = EDGE_LOOP ( 'NONE', ( #12582, #3545, #5132, #11332 ) ) ;
#9476 = FACE_OUTER_BOUND ( 'NONE', #11310, .T. ) ;
#9477 = VECTOR ( 'NONE', #8477, 1000.000000000000000 ) ;
#9478 = LINE ( 'NONE', #5374, #7556 ) ;
#9479 = VECTOR ( 'NONE', #5371, 1000.000000000000000 ) ;
#9480 = DIRECTION ( 'NONE',  ( 0.5773502691896252870, -0.5773502691896251759, -0.5773502691896267303 ) ) ;
#9481 = CARTESIAN_POINT ( 'NONE',  ( 7.619999999999994778, 8.509000000000000341, 1.270000000000001128 ) ) ;
#9482 = LINE ( 'NONE', #1267, #10490 ) ;
#9483 = EDGE_CURVE ( 'NONE', #10256, #4640, #1419, .T. ) ;
#9484 = CARTESIAN_POINT ( 'NONE',  ( 16.89099999999999469, 7.239000000000000767, -0.3810000000000025033 ) ) ;
#9485 = DIRECTION ( 'NONE',  ( -1.000000000000000000, -0.000000000000000000, -0.000000000000000000 ) ) ;
#9486 = EDGE_LOOP ( 'NONE', ( #694, #89, #5411, #11193 ) ) ;
#9487 = EDGE_CURVE ( 'NONE', #7651, #6201, #9438, .T. ) ;
#9488 = DIRECTION ( 'NONE',  ( 0.000000000000000000, -1.733406087350420004E-16, 1.000000000000000000 ) ) ;
#9489 = LINE ( 'NONE', #3546, #1392 ) ;
#9490 = EDGE_CURVE ( 'NONE', #6978, #8948, #586, .T. ) ;
#9491 = SURFACE_STYLE_USAGE ( .BOTH. , #1527 ) ;
#9492 = VECTOR ( 'NONE', #2009, 999.9999999999998863 ) ;
#9493 = VERTEX_POINT ( 'NONE', #6461 ) ;
#9494 = VECTOR ( 'NONE', #577, 1000.000000000000000 ) ;
#9495 = PLANE ( 'NONE',  #5912 ) ;
#9496 = ORIENTED_EDGE ( 'NONE', *, *, #4718, .T. ) ;
#9497 = CARTESIAN_POINT ( 'NONE',  ( 27.94000000000000128, -1.925929944387235853E-31, 0.8889999999999991243 ) ) ;
#9498 = ORIENTED_EDGE ( 'NONE', *, *, #6472, .T. ) ;
#9499 = PLANE ( 'NONE',  #4648 ) ;
#9500 = CARTESIAN_POINT ( 'NONE',  ( -7.620000000000005436, 0.5080000000000000071, 0.7528818102449925664 ) ) ;
#9501 = CARTESIAN_POINT ( 'NONE',  ( 9.270999999999993690, 7.239000000000000767, -0.3810000000000025033 ) ) ;
#9502 = ORIENTED_EDGE ( 'NONE', *, *, #8047, .F. ) ;
#9503 = ADVANCED_FACE ( 'NONE', ( #8979 ), #8863, .F. ) ;
#9504 = FILL_AREA_STYLE_COLOUR ( '', #9383 ) ;
#9505 = ORIENTED_EDGE ( 'NONE', *, *, #64, .F. ) ;
#9506 = VECTOR ( 'NONE', #6265, 1000.000000000000000 ) ;
#9507 = LINE ( 'NONE', #8397, #1156 ) ;
#9508 = VERTEX_POINT ( 'NONE', #9509 ) ;
#9509 = CARTESIAN_POINT ( 'NONE',  ( -9.271000000000004349, 8.064500000000000668, 0.3809999999999964526 ) ) ;
#9510 = CARTESIAN_POINT ( 'NONE',  ( -3.810000000000004494, 0.000000000000000000, 0.000000000000000000 ) ) ;
#9511 = ORIENTED_EDGE ( 'NONE', *, *, #11942, .T. ) ;
#9512 = CARTESIAN_POINT ( 'NONE',  ( -22.86000000000000654, 2.177422008883992879E-16, -0.8890000000000013447 ) ) ;
#9513 = VECTOR ( 'NONE', #7614, 1000.000000000000000 ) ;
#9514 = PRODUCT_DEFINITION_SHAPE ( 'NONE', 'NONE',  #12882 ) ;
#9515 = ADVANCED_FACE ( 'NONE', ( #4565 ), #8522, .F. ) ;
#9516 = CARTESIAN_POINT ( 'NONE',  ( 25.39999999999999858, 0.000000000000000000, 1.269999999999998908 ) ) ;
#9517 = ORIENTED_EDGE ( 'NONE', *, *, #1595, .T. ) ;
#9518 = ORIENTED_EDGE ( 'NONE', *, *, #4946, .F. ) ;
#9519 = VERTEX_POINT ( 'NONE', #5344 ) ;
#9520 = LINE ( 'NONE', #7750, #9055 ) ;
#9521 = ORIENTED_EDGE ( 'NONE', *, *, #5076, .T. ) ;
#9522 = ORIENTED_EDGE ( 'NONE', *, *, #3582, .F. ) ;
#9523 = ADVANCED_FACE ( 'NONE', ( #4501 ), #8338, .F. ) ;
#9524 = CARTESIAN_POINT ( 'NONE',  ( -25.40000000000000568, 8.509000000000000341, 1.270000000000001128 ) ) ;
#9525 = ORIENTED_EDGE ( 'NONE', *, *, #8267, .T. ) ;
#9526 = EDGE_CURVE ( 'NONE', #10917, #2853, #9315, .T. ) ;
#9527 = DIRECTION ( 'NONE',  ( 0.000000000000000000, -1.733406087350420004E-16, 1.000000000000000000 ) ) ;
#9528 = VECTOR ( 'NONE', #3797, 1000.000000000000000 ) ;
#9529 = VECTOR ( 'NONE', #1638, 1000.000000000000000 ) ;
#9530 = CARTESIAN_POINT ( 'NONE',  ( 20.31999999999999673, 0.5080000000000002292, -0.7528818102449945648 ) ) ;
#9531 = ORIENTED_EDGE ( 'NONE', *, *, #2327, .F. ) ;
#9532 = LINE ( 'NONE', #4322, #785 ) ;
#9533 = DIRECTION ( 'NONE',  ( 0.000000000000000000, 0.000000000000000000, 1.000000000000000000 ) ) ;
#9534 = ORIENTED_EDGE ( 'NONE', *, *, #10249, .T. ) ;
#9535 = CARTESIAN_POINT ( 'NONE',  ( -2.540000000000004032, 2.177422008883992879E-16, -0.8890000000000013447 ) ) ;
#9536 = FACE_OUTER_BOUND ( 'NONE', #2705, .T. ) ;
#9537 = FILL_AREA_STYLE_COLOUR ( '', #2980 ) ;
#9538 = CARTESIAN_POINT ( 'NONE',  ( 26.28900000000000148, 7.239000000000000767, 0.3809999999999962861 ) ) ;
#9539 = FACE_OUTER_BOUND ( 'NONE', #7748, .T. ) ;
#9540 = DIRECTION ( 'NONE',  ( 0.000000000000000000, 0.000000000000000000, 1.000000000000000000 ) ) ;
#9541 = DIRECTION ( 'NONE',  ( 1.000000000000000000, 0.000000000000000000, 0.000000000000000000 ) ) ;
#9542 = EDGE_LOOP ( 'NONE', ( #6833, #10032, #11212, #1069 ) ) ;
#9543 = DIRECTION ( 'NONE',  ( 1.000000000000000000, 0.000000000000000000, 0.000000000000000000 ) ) ;
#9544 = DIRECTION ( 'NONE',  ( -0.000000000000000000, 1.000000000000000000, 1.733406087350420004E-16 ) ) ;
#9545 = PLANE ( 'NONE',  #2996 ) ;
#9546 = PLANE ( 'NONE',  #11954 ) ;
#9547 = ADVANCED_FACE ( 'NONE', ( #446 ), #3565, .F. ) ;
#9548 = EDGE_LOOP ( 'NONE', ( #4464, #11631, #2215, #11186 ) ) ;
#9549 = CARTESIAN_POINT ( 'NONE',  ( -24.51100000000000634, 8.064500000000000668, -0.3810000000000023368 ) ) ;
#9550 = CARTESIAN_POINT ( 'NONE',  ( 15.23999999999999666, 0.5080000000000000071, 0.7528818102449925664 ) ) ;
#9551 = EDGE_LOOP ( 'NONE', ( #10857, #5831, #1296, #12691, #3768, #12657, #3741, #8845 ) ) ;
#9552 = EDGE_CURVE ( 'NONE', #3730, #1655, #6396, .T. ) ;
#9553 = DIRECTION ( 'NONE',  ( 0.5773502691896253980, 0.5773502691896253980, -0.5773502691896265082 ) ) ;
#9554 = LINE ( 'NONE', #10716, #5311 ) ;
#9555 = ORIENTED_EDGE ( 'NONE', *, *, #7977, .T. ) ;
#9556 = EDGE_CURVE ( 'NONE', #10256, #9765, #2600, .T. ) ;
#9557 = CARTESIAN_POINT ( 'NONE',  ( 15.23999999999999666, 8.509000000000000341, -1.270000000000001128 ) ) ;
#9558 = EDGE_CURVE ( 'NONE', #4047, #9741, #7434, .T. ) ;
#9559 = VERTEX_POINT ( 'NONE', #2475 ) ;
#9560 = ADVANCED_FACE ( 'NONE', ( #1617 ), #5596, .F. ) ;
#9561 = LINE ( 'NONE', #9363, #4412 ) ;
#9562 = VERTEX_POINT ( 'NONE', #5916 ) ;
#9563 = EDGE_CURVE ( 'NONE', #5576, #4570, #7620, .T. ) ;
#9564 = CARTESIAN_POINT ( 'NONE',  ( -20.32000000000000384, 8.509000000000000341, 1.270000000000001128 ) ) ;
#9565 = DIRECTION ( 'NONE',  ( -0.000000000000000000, 1.000000000000000000, 1.440069553722777130E-16 ) ) ;
#9566 = CARTESIAN_POINT ( 'NONE',  ( 8.508999999999995012, 7.239000000000000767, -0.3810000000000025033 ) ) ;
#9567 = PLANE ( 'NONE',  #8550 ) ;
#9568 = ORIENTED_EDGE ( 'NONE', *, *, #3871, .F. ) ;
#9569 = ADVANCED_FACE ( 'NONE', ( #3823 ), #7738, .F. ) ;
#9570 = FACE_OUTER_BOUND ( 'NONE', #7630, .T. ) ;
#9571 = CARTESIAN_POINT ( 'NONE',  ( 22.85999999999999943, 8.509000000000000341, 1.270000000000001128 ) ) ;
#9572 = ORIENTED_EDGE ( 'NONE', *, *, #2456, .T. ) ;
#9573 = DIRECTION ( 'NONE',  ( -1.000000000000000000, 0.000000000000000000, 0.000000000000000000 ) ) ;
#9574 = CARTESIAN_POINT ( 'NONE',  ( 11.42999999999999616, 0.000000000000000000, 0.000000000000000000 ) ) ;
#9575 = ORIENTED_EDGE ( 'NONE', *, *, #962, .T. ) ;
#9576 = LINE ( 'NONE', #522, #3985 ) ;
#9577 = LINE ( 'NONE', #9642, #11659 ) ;
#9578 = ORIENTED_EDGE ( 'NONE', *, *, #11493, .F. ) ;
#9579 = CARTESIAN_POINT ( 'NONE',  ( 21.97099999999999653, 7.239000000000000767, -0.3810000000000025033 ) ) ;
#9580 = ORIENTED_EDGE ( 'NONE', *, *, #2082, .F. ) ;
#9581 = EDGE_LOOP ( 'NONE', ( #12701, #9555, #4378, #4265 ) ) ;
#9582 = CARTESIAN_POINT ( 'NONE',  ( -2.540000000000004032, 0.000000000000000000, 0.000000000000000000 ) ) ;
#9583 = ORIENTED_EDGE ( 'NONE', *, *, #1106, .T. ) ;
#9584 = ORIENTED_EDGE ( 'NONE', *, *, #10654, .F. ) ;
#9585 = CARTESIAN_POINT ( 'NONE',  ( 17.77999999999999758, 8.509000000000000341, 1.270000000000001128 ) ) ;
#9586 = ORIENTED_EDGE ( 'NONE', *, *, #7807, .T. ) ;
#9587 = CARTESIAN_POINT ( 'NONE',  ( -5.969000000000005635, 7.239000000000000767, 0.3809999999999962861 ) ) ;
#9588 = LINE ( 'NONE', #3917, #7172 ) ;
#9589 = VERTEX_POINT ( 'NONE', #4947 ) ;
#9590 = CARTESIAN_POINT ( 'NONE',  ( -7.620000000000005436, 2.177422008883992879E-16, -0.8890000000000013447 ) ) ;
#9591 = PRESENTATION_LAYER_ASSIGNMENT (  '', '', ( #7510 ) ) ;
#9592 = ORIENTED_EDGE ( 'NONE', *, *, #9112, .T. ) ;
#9593 = EDGE_CURVE ( 'NONE', #11523, #2351, #6901, .T. ) ;
#9594 = CARTESIAN_POINT ( 'NONE',  ( 27.05099999999999838, 8.064500000000000668, 0.3809999999999962861 ) ) ;
#9595 = FACE_BOUND ( 'NONE', #9231, .T. ) ;
#9596 = VECTOR ( 'NONE', #5232, 1000.000000000000000 ) ;
#9597 = DIRECTION ( 'NONE',  ( 0.000000000000000000, 1.733406087350420004E-16, -1.000000000000000000 ) ) ;
#9598 = ORIENTED_EDGE ( 'NONE', *, *, #10752, .F. ) ;
#9599 = EDGE_CURVE ( 'NONE', #1892, #7933, #10603, .T. ) ;
#9600 = PLANE ( 'NONE',  #248 ) ;
#9601 = DIRECTION ( 'NONE',  ( -1.000000000000000000, -0.000000000000000000, -0.000000000000000000 ) ) ;
#9602 = VECTOR ( 'NONE', #1411, 1000.000000000000000 ) ;
#9603 = LINE ( 'NONE', #679, #6982 ) ;
#9604 = FACE_OUTER_BOUND ( 'NONE', #653, .T. ) ;
#9605 = DIRECTION ( 'NONE',  ( 1.000000000000000000, 0.000000000000000000, -0.000000000000000000 ) ) ;
#9606 = ORIENTED_EDGE ( 'NONE', *, *, #11652, .F. ) ;
#9607 = PLANE ( 'NONE',  #2017 ) ;
#9608 = DIRECTION ( 'NONE',  ( -1.000000000000000000, 0.000000000000000000, -0.000000000000000000 ) ) ;
#9609 = ORIENTED_EDGE ( 'NONE', *, *, #6282, .T. ) ;
#9610 = AXIS2_PLACEMENT_3D ( 'NONE', #6313, #7044, #12106 ) ;
#9611 = ADVANCED_FACE ( 'NONE', ( #969 ), #3695, .F. ) ;
#9612 = DIRECTION ( 'NONE',  ( 0.000000000000000000, 0.2588190451025145222, -0.9659258262890699775 ) ) ;
#9613 = AXIS2_PLACEMENT_3D ( 'NONE', #5690, #12725, #10705 ) ;
#9614 = FILL_AREA_STYLE ('',( #3611 ) ) ;
#9615 = PRODUCT ( 'NPPC221LFBN-RC', 'NPPC221LFBN-RC', '', ( #12820 ) ) ;
#9616 = ORIENTED_EDGE ( 'NONE', *, *, #4003, .F. ) ;
#9617 = DIRECTION ( 'NONE',  ( -1.000000000000000000, -0.000000000000000000, -0.000000000000000000 ) ) ;
#9618 = VERTEX_POINT ( 'NONE', #9758 ) ;
#9619 = VECTOR ( 'NONE', #4009, 1000.000000000000000 ) ;
#9620 = FACE_OUTER_BOUND ( 'NONE', #7034, .T. ) ;
#9621 = VERTEX_POINT ( 'NONE', #12692 ) ;
#9622 = CARTESIAN_POINT ( 'NONE',  ( -20.32000000000000384, 3.110602869834277161E-16, -1.270000000000001128 ) ) ;
#9623 = CARTESIAN_POINT ( 'NONE',  ( -3.469446951953614189E-15, 2.177422008883992879E-16, -0.8890000000000013447 ) ) ;
#9624 = PLANE ( 'NONE',  #3753 ) ;
#9625 = DIRECTION ( 'NONE',  ( 0.000000000000000000, 2.449293598294710852E-16, -1.000000000000000000 ) ) ;
#9626 = VERTEX_POINT ( 'NONE', #1931 ) ;
#9627 = ADVANCED_FACE ( 'NONE', ( #4878 ), #12819, .F. ) ;
#9628 = PLANE ( 'NONE',  #11169 ) ;
#9629 = EDGE_CURVE ( 'NONE', #9332, #1304, #7880, .T. ) ;
#9630 = AXIS2_PLACEMENT_3D ( 'NONE', #11042, #5979, #9939 ) ;
#9631 = ADVANCED_FACE ( 'NONE', ( #11842 ), #5789, .F. ) ;
#9632 = AXIS2_PLACEMENT_3D ( 'NONE', #12394, #9527, #9270 ) ;
#9633 = LINE ( 'NONE', #12631, #9864 ) ;
#9634 = VERTEX_POINT ( 'NONE', #2855 ) ;
#9635 = CARTESIAN_POINT ( 'NONE',  ( 3.428999999999994497, 8.064500000000000668, -0.3810000000000023368 ) ) ;
#9636 = EDGE_CURVE ( 'NONE', #1031, #7946, #10864, .T. ) ;
#9637 = ORIENTED_EDGE ( 'NONE', *, *, #5774, .T. ) ;
#9638 = CARTESIAN_POINT ( 'NONE',  ( 0.8889999999999974589, 7.239000000000000767, 0.3809999999999962861 ) ) ;
#9639 = VECTOR ( 'NONE', #10581, 1000.000000000000000 ) ;
#9640 = VECTOR ( 'NONE', #999, 1000.000000000000000 ) ;
#9641 = LINE ( 'NONE', #716, #10082 ) ;
#9642 = CARTESIAN_POINT ( 'NONE',  ( -7.620000000000005436, 2.177422008883992879E-16, -0.8890000000000013447 ) ) ;
#9643 = ORIENTED_EDGE ( 'NONE', *, *, #3734, .T. ) ;
#9644 = PLANE ( 'NONE',  #1917 ) ;
#9645 = EDGE_LOOP ( 'NONE', ( #10822, #10124, #7196, #4706 ) ) ;
#9646 = VERTEX_POINT ( 'NONE', #5654 ) ;
#9647 = LINE ( 'NONE', #726, #9264 ) ;
#9648 = SHAPE_REPRESENTATION ( 'PPPC021LFBN-RC_C22', ( #1564 ), #11138 ) ;
#9649 = EDGE_LOOP ( 'NONE', ( #7564, #763, #2412, #8530 ) ) ;
#9650 = AXIS2_PLACEMENT_3D ( 'NONE', #12266, #3525, #5480 ) ;
#9651 = ADVANCED_FACE ( 'NONE', ( #1804 ), #4757, .F. ) ;
#9652 = ORIENTED_EDGE ( 'NONE', *, *, #6204, .T. ) ;
#9653 = CARTESIAN_POINT ( 'NONE',  ( 20.31999999999999673, 2.177422008883992879E-16, -0.8890000000000013447 ) ) ;
#9654 = ORIENTED_EDGE ( 'NONE', *, *, #598, .T. ) ;
#9655 = VECTOR ( 'NONE', #4618, 1000.000000000000000 ) ;
#9656 = CARTESIAN_POINT ( 'NONE',  ( -25.40000000000000568, 0.000000000000000000, 1.269999999999998908 ) ) ;
#9657 = DIRECTION ( 'NONE',  ( -1.000000000000000000, -0.000000000000000000, -0.000000000000000000 ) ) ;
#9658 = EDGE_LOOP ( 'NONE', ( #10481, #5673, #5068, #11018, #2163, #8988, #10557, #7243 ) ) ;
#9659 = AXIS2_PLACEMENT_3D ( 'NONE', #12488, #7534, #2581 ) ;
#9660 = DIRECTION ( 'NONE',  ( -0.000000000000000000, 1.000000000000000000, 1.733406087350420004E-16 ) ) ;
#9661 = EDGE_CURVE ( 'NONE', #10105, #4698, #1865, .T. ) ;
#9662 = ORIENTED_EDGE ( 'NONE', *, *, #11696, .T. ) ;
#9663 = CARTESIAN_POINT ( 'NONE',  ( -7.175500000000004874, 8.509000000000000341, -1.270000000000001128 ) ) ;
#9664 = FACE_OUTER_BOUND ( 'NONE', #8199, .T. ) ;
#9665 = DIRECTION ( 'NONE',  ( 0.000000000000000000, 0.000000000000000000, -1.000000000000000000 ) ) ;
#9666 = LINE ( 'NONE', #11938, #11552 ) ;
#9667 = EDGE_LOOP ( 'NONE', ( #8493, #3707, #9111, #12422 ) ) ;
#9668 = LINE ( 'NONE', #1899, #1701 ) ;
#9669 = CARTESIAN_POINT ( 'NONE',  ( 11.04899999999999594, 7.239000000000000767, -0.3810000000000025033 ) ) ;
#9670 = ADVANCED_FACE ( 'NONE', ( #9701 ), #3754, .F. ) ;
#9671 = LINE ( 'NONE', #4732, #1543 ) ;
#9672 = DIRECTION ( 'NONE',  ( -1.000000000000000000, -0.000000000000000000, -0.000000000000000000 ) ) ;
#9673 = LINE ( 'NONE', #12670, #11533 ) ;
#9674 = VECTOR ( 'NONE', #4661, 1000.000000000000000 ) ;
#9675 = CARTESIAN_POINT ( 'NONE',  ( -20.32000000000000384, 2.177422008883992879E-16, -0.8890000000000013447 ) ) ;
#9676 = VECTOR ( 'NONE', #6495, 1000.000000000000000 ) ;
#9677 = DIRECTION ( 'NONE',  ( 1.000000000000000000, 0.000000000000000000, -0.000000000000000000 ) ) ;
#9678 = ORIENTED_EDGE ( 'NONE', *, *, #7677, .F. ) ;
#9679 =( GEOMETRIC_REPRESENTATION_CONTEXT ( 3 ) GLOBAL_UNCERTAINTY_ASSIGNED_CONTEXT ( ( #9312 ) ) GLOBAL_UNIT_ASSIGNED_CONTEXT ( ( #4925, #11883, #1134 ) ) REPRESENTATION_CONTEXT ( 'NONE', 'WORKASPACE' ) );
#9680 = CARTESIAN_POINT ( 'NONE',  ( -26.28900000000000858, 7.239000000000000767, -0.3810000000000025033 ) ) ;
#9681 = EDGE_CURVE ( 'NONE', #7847, #3497, #2789, .T. ) ;
#9682 = ORIENTED_EDGE ( 'NONE', *, *, #12151, .F. ) ;
#9683 = DIRECTION ( 'NONE',  ( 0.000000000000000000, 1.000000000000000000, 0.000000000000000000 ) ) ;
#9684 = VERTEX_POINT ( 'NONE', #8777 ) ;
#9685 = VECTOR ( 'NONE', #5793, 1000.000000000000000 ) ;
#9686 = COLOUR_RGB ( '',0.2509803921568627416, 0.2509803921568627416, 0.2509803921568627416 ) ;
#9687 = CARTESIAN_POINT ( 'NONE',  ( 13.58899999999999686, 8.064500000000000668, -0.3810000000000023368 ) ) ;
#9688 = EDGE_CURVE ( 'NONE', #10191, #10689, #7809, .T. ) ;
#9689 = ORIENTED_EDGE ( 'NONE', *, *, #2016, .T. ) ;
#9690 = DIRECTION ( 'NONE',  ( 0.000000000000000000, -1.000000000000000000, -2.548365665731588345E-16 ) ) ;
#9691 = DIRECTION ( 'NONE',  ( 0.000000000000000000, 0.000000000000000000, -1.000000000000000000 ) ) ;
#9692 = PLANE ( 'NONE',  #707 ) ;
#9693 = CARTESIAN_POINT ( 'NONE',  ( -22.86000000000000654, 0.000000000000000000, 1.269999999999998908 ) ) ;
#9694 = EDGE_LOOP ( 'NONE', ( #5233, #7535, #1294, #5430 ) ) ;
#9695 = DIRECTION ( 'NONE',  ( -0.000000000000000000, -0.7071067811865482389, -0.7071067811865469066 ) ) ;
#9696 = VECTOR ( 'NONE', #4516, 1000.000000000000000 ) ;
#9697 = VECTOR ( 'NONE', #242, 1000.000000000000000 ) ;
#9698 = VECTOR ( 'NONE', #1416, 1000.000000000000000 ) ;
#9699 = PLANE ( 'NONE',  #6133 ) ;
#9700 = ORIENTED_EDGE ( 'NONE', *, *, #8200, .F. ) ;
#9701 = FACE_OUTER_BOUND ( 'NONE', #6577, .T. ) ;
#9702 = CARTESIAN_POINT ( 'NONE',  ( -19.05000000000000426, 0.000000000000000000, 0.000000000000000000 ) ) ;
#9703 = EDGE_LOOP ( 'NONE', ( #3537, #4425, #9768, #1746 ) ) ;
#9704 = DIRECTION ( 'NONE',  ( -0.000000000000000000, 0.000000000000000000, 1.000000000000000000 ) ) ;
#9705 = LINE ( 'NONE', #784, #11982 ) ;
#9706 = LINE ( 'NONE', #1622, #6483 ) ;
#9707 = ORIENTED_EDGE ( 'NONE', *, *, #8296, .F. ) ;
#9708 = FACE_OUTER_BOUND ( 'NONE', #12267, .T. ) ;
#9709 = EDGE_CURVE ( 'NONE', #1012, #10537, #9948, .T. ) ;
#9710 = VERTEX_POINT ( 'NONE', #8003 ) ;
#9711 = EDGE_LOOP ( 'NONE', ( #5798, #1689, #9130, #9032 ) ) ;
#9712 = CARTESIAN_POINT ( 'NONE',  ( -6.731000000000004313, 7.239000000000000767, 0.3809999999999962861 ) ) ;
#9713 = ORIENTED_EDGE ( 'NONE', *, *, #1139, .F. ) ;
#9714 = VERTEX_POINT ( 'NONE', #12169 ) ;
#9715 = EDGE_CURVE ( 'NONE', #7745, #4572, #6972, .T. ) ;
#9716 = CARTESIAN_POINT ( 'NONE',  ( 19.43099999999999739, 7.239000000000000767, 0.3809999999999962861 ) ) ;
#9717 = ORIENTED_EDGE ( 'NONE', *, *, #6292, .F. ) ;
#9718 = EDGE_CURVE ( 'NONE', #6447, #5009, #7101, .T. ) ;
#9719 = EDGE_CURVE ( 'NONE', #1370, #9137, #7940, .T. ) ;
#9720 = FACE_OUTER_BOUND ( 'NONE', #12196, .T. ) ;
#9721 = DIRECTION ( 'NONE',  ( 0.000000000000000000, 0.000000000000000000, 1.000000000000000000 ) ) ;
#9722 = VERTEX_POINT ( 'NONE', #8905 ) ;
#9723 = PLANE ( 'NONE',  #11189 ) ;
#9724 = VECTOR ( 'NONE', #4067, 1000.000000000000000 ) ;
#9725 = EDGE_LOOP ( 'NONE', ( #5817, #8133, #12735, #11644, #2849, #3857, #10464, #8411 ) ) ;
#9726 = CARTESIAN_POINT ( 'NONE',  ( -22.86000000000000654, 0.000000000000000000, 0.000000000000000000 ) ) ;
#9727 = CARTESIAN_POINT ( 'NONE',  ( -2.540000000000004032, 3.110602869834277161E-16, -1.270000000000001128 ) ) ;
#9728 = EDGE_CURVE ( 'NONE', #10080, #2688, #5058, .T. ) ;
#9729 = DIRECTION ( 'NONE',  ( -1.000000000000000000, 0.000000000000000000, 0.000000000000000000 ) ) ;
#9730 = CARTESIAN_POINT ( 'NONE',  ( 21.97099999999999653, 8.064500000000000668, -0.3810000000000023368 ) ) ;
#9731 = ORIENTED_EDGE ( 'NONE', *, *, #8627, .T. ) ;
#9732 = DIRECTION ( 'NONE',  ( -0.000000000000000000, -0.000000000000000000, 1.000000000000000000 ) ) ;
#9733 = DIRECTION ( 'NONE',  ( -0.7071067811865475727, -0.7071067811865475727, 0.000000000000000000 ) ) ;
#9734 = CARTESIAN_POINT ( 'NONE',  ( 15.23999999999999666, 3.110602869834277161E-16, -1.270000000000001128 ) ) ;
#9735 = CARTESIAN_POINT ( 'NONE',  ( 20.32000000000000028, 7.239000000000000767, -2.201425730935033664E-16 ) ) ;
#9736 = CARTESIAN_POINT ( 'NONE',  ( 7.619999999999994778, 8.509000000000000341, 1.270000000000001128 ) ) ;
#9737 = DIRECTION ( 'NONE',  ( -0.000000000000000000, 1.000000000000000000, 1.440069553722777130E-16 ) ) ;
#9738 = ORIENTED_EDGE ( 'NONE', *, *, #3378, .F. ) ;
#9739 = LINE ( 'NONE', #4544, #2658 ) ;
#9740 = ADVANCED_FACE ( 'NONE', ( #8071 ), #11904, .F. ) ;
#9741 = VERTEX_POINT ( 'NONE', #6181 ) ;
#9742 = ADVANCED_FACE ( 'NONE', ( #1217 ), #3046, .F. ) ;
#9743 = FACE_BOUND ( 'NONE', #12831, .T. ) ;
#9744 = ORIENTED_EDGE ( 'NONE', *, *, #4780, .F. ) ;
#9745 = FACE_OUTER_BOUND ( 'NONE', #10353, .T. ) ;
#9746 = ORIENTED_EDGE ( 'NONE', *, *, #5964, .T. ) ;
#9747 = DIRECTION ( 'NONE',  ( 1.000000000000000000, -0.000000000000000000, -0.000000000000000000 ) ) ;
#9748 = CARTESIAN_POINT ( 'NONE',  ( 2.539999999999993818, 0.5080000000000002292, -0.7528818102449945648 ) ) ;
#9749 = FACE_OUTER_BOUND ( 'NONE', #11685, .T. ) ;
#9750 = DIRECTION ( 'NONE',  ( 0.000000000000000000, 0.000000000000000000, 1.000000000000000000 ) ) ;
#9751 = ORIENTED_EDGE ( 'NONE', *, *, #2660, .T. ) ;
#9752 = CARTESIAN_POINT ( 'NONE',  ( -9.271000000000004349, 8.064500000000000668, 0.3809999999999962861 ) ) ;
#9753 = ORIENTED_EDGE ( 'NONE', *, *, #1631, .T. ) ;
#9754 = CARTESIAN_POINT ( 'NONE',  ( -17.78000000000000469, 8.509000000000000341, 1.270000000000001128 ) ) ;
#9755 = EDGE_CURVE ( 'NONE', #9559, #1007, #2976, .T. ) ;
#9756 = FACE_OUTER_BOUND ( 'NONE', #8350, .T. ) ;
#9757 = ORIENTED_EDGE ( 'NONE', *, *, #7873, .F. ) ;
#9758 = CARTESIAN_POINT ( 'NONE',  ( 11.81099999999999461, 7.239000000000000767, 0.3809999999999962861 ) ) ;
#9759 = CARTESIAN_POINT ( 'NONE',  ( 8.889999999999995239, 0.000000000000000000, 0.000000000000000000 ) ) ;
#9760 = ORIENTED_EDGE ( 'NONE', *, *, #2776, .T. ) ;
#9761 = DIRECTION ( 'NONE',  ( 0.000000000000000000, 0.000000000000000000, 1.000000000000000000 ) ) ;
#9762 = ADVANCED_FACE ( 'NONE', ( #5133 ), #10934, .F. ) ;
#9763 = LINE ( 'NONE', #8783, #10931 ) ;
#9764 =( NAMED_UNIT ( * ) SI_UNIT ( $, .STERADIAN. ) SOLID_ANGLE_UNIT ( ) );
#9765 = VERTEX_POINT ( 'NONE', #5002 ) ;
#9766 = LINE ( 'NONE', #9024, #2961 ) ;
#9767 = ORIENTED_EDGE ( 'NONE', *, *, #10006, .F. ) ;
#9768 = ORIENTED_EDGE ( 'NONE', *, *, #11656, .F. ) ;
#9769 = VERTEX_POINT ( 'NONE', #10000 ) ;
#9770 = ORIENTED_EDGE ( 'NONE', *, *, #9490, .F. ) ;
#9771 = FILL_AREA_STYLE ('',( #7584 ) ) ;
#9772 = FACE_OUTER_BOUND ( 'NONE', #4234, .T. ) ;
#9773 = VERTEX_POINT ( 'NONE', #7041 ) ;
#9774 = DIRECTION ( 'NONE',  ( 0.000000000000000000, -5.054934237236841843E-31, -1.000000000000000000 ) ) ;
#9775 = EDGE_CURVE ( 'NONE', #10689, #10105, #4151, .T. ) ;
#9776 = PLANE ( 'NONE',  #11516 ) ;
#9777 = ORIENTED_EDGE ( 'NONE', *, *, #12722, .F. ) ;
#9778 = ORIENTED_EDGE ( 'NONE', *, *, #7710, .F. ) ;
#9779 = FACE_OUTER_BOUND ( 'NONE', #7167, .T. ) ;
#9780 = ORIENTED_EDGE ( 'NONE', *, *, #237, .T. ) ;
#9781 = LINE ( 'NONE', #10959, #9267 ) ;
#9782 = CARTESIAN_POINT ( 'NONE',  ( 27.94000000000000483, 0.5080000000000000071, 0.7528818102449925664 ) ) ;
#9783 = EDGE_CURVE ( 'NONE', #2612, #9773, #8125, .T. ) ;
#9784 = DIRECTION ( 'NONE',  ( 0.5773502691896253980, 0.5773502691896253980, -0.5773502691896265082 ) ) ;
#9785 = ADVANCED_FACE ( 'NONE', ( #236 ), #2054, .F. ) ;
#9786 = ADVANCED_FACE ( 'NONE', ( #9031 ), #109, .F. ) ;
#9787 = DIRECTION ( 'NONE',  ( 0.000000000000000000, 0.9659258262890699775, 0.2588190451025145222 ) ) ;
#9788 = ORIENTED_EDGE ( 'NONE', *, *, #9348, .T. ) ;
#9789 = AXIS2_PLACEMENT_3D ( 'NONE', #3901, #5141, #10078 ) ;
#9790 = DIRECTION ( 'NONE',  ( 0.000000000000000000, -0.9659258262890699775, -0.2588190451025145222 ) ) ;
#9791 = PLANE ( 'NONE',  #10671 ) ;
#9792 = DIRECTION ( 'NONE',  ( 0.000000000000000000, -5.054934237236841843E-31, -1.000000000000000000 ) ) ;
#9793 = PLANE ( 'NONE',  #8986 ) ;
#9794 = CARTESIAN_POINT ( 'NONE',  ( -25.40000000000000568, 8.509000000000000341, -1.270000000000001128 ) ) ;
#9795 = DIRECTION ( 'NONE',  ( -0.000000000000000000, 1.000000000000000000, 1.733406087350420004E-16 ) ) ;
#9796 = CARTESIAN_POINT ( 'NONE',  ( 9.270999999999993690, 7.239000000000000767, 0.3809999999999962861 ) ) ;
#9797 = ORIENTED_EDGE ( 'NONE', *, *, #10221, .F. ) ;
#9798 = DIRECTION ( 'NONE',  ( 1.000000000000000000, 0.000000000000000000, 0.000000000000000000 ) ) ;
#9799 = AXIS2_PLACEMENT_3D ( 'NONE', #11797, #9835, #12832 ) ;
#9800 = DIRECTION ( 'NONE',  ( 0.000000000000000000, 0.000000000000000000, 1.000000000000000000 ) ) ;
#9801 = ORIENTED_EDGE ( 'NONE', *, *, #7148, .T. ) ;
#9802 = LINE ( 'NONE', #12677, #5295 ) ;
#9803 = ORIENTED_EDGE ( 'NONE', *, *, #1891, .F. ) ;
#9804 = DIRECTION ( 'NONE',  ( -0.7071067811865475727, -0.7071067811865475727, 0.000000000000000000 ) ) ;
#9805 = DIRECTION ( 'NONE',  ( 0.000000000000000000, 0.000000000000000000, -1.000000000000000000 ) ) ;
#9806 = DIRECTION ( 'NONE',  ( -0.000000000000000000, -0.000000000000000000, 1.000000000000000000 ) ) ;
#9807 = CARTESIAN_POINT ( 'NONE',  ( -20.32000000000000384, 0.000000000000000000, 1.269999999999998908 ) ) ;
#9808 = AXIS2_PLACEMENT_3D ( 'NONE', #9247, #324, #8085 ) ;
#9809 = DIRECTION ( 'NONE',  ( 0.000000000000000000, -0.7071067811865484609, 0.7071067811865465735 ) ) ;
#9810 = VERTEX_POINT ( 'NONE', #3108 ) ;
#9811 = ADVANCED_FACE ( 'NONE', ( #11120 ), #2196, .F. ) ;
#9812 = CARTESIAN_POINT ( 'NONE',  ( -20.32000000000000384, 2.177422008883992879E-16, -0.8890000000000013447 ) ) ;
#9813 = CARTESIAN_POINT ( 'NONE',  ( 28.19400000000000617, 8.509000000000000341, 1.270000000000001128 ) ) ;
#9814 = ORIENTED_EDGE ( 'NONE', *, *, #11851, .T. ) ;
#9815 = AXIS2_PLACEMENT_3D ( 'NONE', #11103, #5119, #162 ) ;
#9816 = DIRECTION ( 'NONE',  ( 0.000000000000000000, 0.000000000000000000, -1.000000000000000000 ) ) ;
#9817 = AXIS2_PLACEMENT_3D ( 'NONE', #8820, #8747, #7777 ) ;
#9818 = CONTEXT_DEPENDENT_SHAPE_REPRESENTATION ( #251, #7532 ) ;
#9819 = ORIENTED_EDGE ( 'NONE', *, *, #5144, .T. ) ;
#9820 = CARTESIAN_POINT ( 'NONE',  ( -25.40000000000000568, 0.000000000000000000, 1.269999999999998908 ) ) ;
#9821 = EDGE_CURVE ( 'NONE', #4583, #3466, #11185, .T. ) ;
#9822 = DIRECTION ( 'NONE',  ( 0.000000000000000000, -0.9659258262890700886, 0.2588190451025140781 ) ) ;
#9823 = VERTEX_POINT ( 'NONE', #2383 ) ;
#9824 = AXIS2_PLACEMENT_3D ( 'NONE', #3574, #8595, #8528 ) ;
#9825 = DIRECTION ( 'NONE',  ( -1.000000000000000000, -0.000000000000000000, -0.000000000000000000 ) ) ;
#9826 = VECTOR ( 'NONE', #11665, 1000.000000000000000 ) ;
#9827 = EDGE_LOOP ( 'NONE', ( #9517, #2957, #11654, #4559 ) ) ;
#9828 = ORIENTED_EDGE ( 'NONE', *, *, #3507, .F. ) ;
#9829 = CARTESIAN_POINT ( 'NONE',  ( 22.85999999999999943, 8.509000000000000341, -1.270000000000001128 ) ) ;
#9830 = EDGE_LOOP ( 'NONE', ( #12059, #4111, #370, #6850 ) ) ;
#9831 = EDGE_CURVE ( 'NONE', #9913, #5993, #301, .T. ) ;
#9832 = EDGE_LOOP ( 'NONE', ( #11243, #5634, #7762, #10508 ) ) ;
#9833 = VECTOR ( 'NONE', #10642, 1000.000000000000000 ) ;
#9834 = VECTOR ( 'NONE', #6744, 1000.000000000000000 ) ;
#9835 = DIRECTION ( 'NONE',  ( -1.000000000000000000, 0.000000000000000000, -0.000000000000000000 ) ) ;
#9836 = CARTESIAN_POINT ( 'NONE',  ( -18.22450000000000614, 8.509000000000000341, 0.8254999999999981242 ) ) ;
#9837 = ORIENTED_EDGE ( 'NONE', *, *, #7910, .F. ) ;
#9838 = CARTESIAN_POINT ( 'NONE',  ( -13.58900000000000574, 7.239000000000000767, 0.3809999999999962861 ) ) ;
#9839 = ADVANCED_FACE ( 'NONE', ( #11377 ), #9495, .F. ) ;
#9840 = CARTESIAN_POINT ( 'NONE',  ( -4.191000000000003389, 8.064500000000000668, 0.3809999999999962861 ) ) ;
#9841 = EDGE_LOOP ( 'NONE', ( #10145, #11483, #12616, #12578 ) ) ;
#9842 = LINE ( 'NONE', #5944, #10477 ) ;
#9843 = ORIENTED_EDGE ( 'NONE', *, *, #5172, .T. ) ;
#9844 = FACE_OUTER_BOUND ( 'NONE', #2128, .T. ) ;
#9845 = VECTOR ( 'NONE', #1436, 1000.000000000000000 ) ;
#9846 = LINE ( 'NONE', #4907, #4470 ) ;
#9847 = ORIENTED_EDGE ( 'NONE', *, *, #2346, .F. ) ;
#9848 = ADVANCED_FACE ( 'NONE', ( #5327 ), #2516, .T. ) ;
#9849 = FACE_OUTER_BOUND ( 'NONE', #6243, .T. ) ;
#9850 = ORIENTED_EDGE ( 'NONE', *, *, #10554, .F. ) ;
#9851 = VECTOR ( 'NONE', #4680, 1000.000000000000114 ) ;
#9852 = PLANE ( 'NONE',  #10863 ) ;
#9853 = DIRECTION ( 'NONE',  ( 1.000000000000000000, -0.000000000000000000, -0.000000000000000000 ) ) ;
#9854 = CARTESIAN_POINT ( 'NONE',  ( -9.271000000000004349, 7.239000000000000767, 0.3809999999999962861 ) ) ;
#9855 = DIRECTION ( 'NONE',  ( 0.000000000000000000, 0.000000000000000000, 1.000000000000000000 ) ) ;
#9856 = CARTESIAN_POINT ( 'NONE',  ( -15.24000000000000554, 8.509000000000000341, 1.270000000000001128 ) ) ;
#9857 = VERTEX_POINT ( 'NONE', #5515 ) ;
#9858 = LINE ( 'NONE', #10780, #11401 ) ;
#9859 = CARTESIAN_POINT ( 'NONE',  ( 11.04899999999999594, 8.064500000000000668, 0.3809999999999962861 ) ) ;
#9860 = ORIENTED_EDGE ( 'NONE', *, *, #4314, .T. ) ;
#9861 = EDGE_CURVE ( 'NONE', #11272, #4636, #6506, .T. ) ;
#9862 = DIRECTION ( 'NONE',  ( 1.000000000000000000, 0.000000000000000000, 0.000000000000000000 ) ) ;
#9863 = VECTOR ( 'NONE', #8870, 1000.000000000000000 ) ;
#9864 = VECTOR ( 'NONE', #11840, 1000.000000000000000 ) ;
#9865 = PLANE ( 'NONE',  #5929 ) ;
#9866 = ORIENTED_EDGE ( 'NONE', *, *, #1582, .T. ) ;
#9867 = EDGE_LOOP ( 'NONE', ( #1537, #8891, #4723, #4836 ) ) ;
#9868 = CARTESIAN_POINT ( 'NONE',  ( -1.651000000000003132, 8.064500000000000668, 0.3809999999999962861 ) ) ;
#9869 = EDGE_CURVE ( 'NONE', #12301, #9137, #6310, .T. ) ;
#9870 = VECTOR ( 'NONE', #7257, 1000.000000000000000 ) ;
#9871 = VECTOR ( 'NONE', #2026, 1000.000000000000000 ) ;
#9872 = LINE ( 'NONE', #1921, #12551 ) ;
#9873 = EDGE_CURVE ( 'NONE', #10810, #5847, #2455, .T. ) ;
#9874 = VECTOR ( 'NONE', #2317, 1000.000000000000000 ) ;
#9875 = PLANE ( 'NONE',  #5077 ) ;
#9876 = DIRECTION ( 'NONE',  ( -1.000000000000000000, 0.000000000000000000, 0.000000000000000000 ) ) ;
#9877 = FACE_OUTER_BOUND ( 'NONE', #12706, .T. ) ;
#9878 = LINE ( 'NONE', #7875, #8297 ) ;
#9879 = ORIENTED_EDGE ( 'NONE', *, *, #3561, .F. ) ;
#9880 = EDGE_CURVE ( 'NONE', #12327, #4891, #10388, .T. ) ;
#9881 = LINE ( 'NONE', #7037, #4523 ) ;
#9882 = SURFACE_SIDE_STYLE ('',( #1215 ) ) ;
#9883 = VECTOR ( 'NONE', #9916, 1000.000000000000000 ) ;
#9884 = ORIENTED_EDGE ( 'NONE', *, *, #9040, .F. ) ;
#9885 = VECTOR ( 'NONE', #3408, 1000.000000000000000 ) ;
#9886 = CARTESIAN_POINT ( 'NONE',  ( -16.89100000000000179, 7.239000000000000767, -0.3810000000000025033 ) ) ;
#9887 = VECTOR ( 'NONE', #857, 1000.000000000000000 ) ;
#9888 = ITEM_DEFINED_TRANSFORMATION ( 'NONE', 'NONE', #2829,  #1564 ) ;
#9889 = VERTEX_POINT ( 'NONE', #5443 ) ;
#9890 = EDGE_CURVE ( 'NONE', #5405, #9149, #8506, .T. ) ;
#9891 = DIRECTION ( 'NONE',  ( 0.000000000000000000, 0.9659258262890700886, -0.2588190451025140781 ) ) ;
#9892 = VECTOR ( 'NONE', #5997, 1000.000000000000000 ) ;
#9893 = CARTESIAN_POINT ( 'NONE',  ( -27.94000000000000483, 0.5080000000000000071, 0.7528818102449925664 ) ) ;
#9894 =( LENGTH_UNIT ( ) NAMED_UNIT ( * ) SI_UNIT ( .MILLI., .METRE. ) );
#9895 = ORIENTED_EDGE ( 'NONE', *, *, #10951, .F. ) ;
#9896 = VECTOR ( 'NONE', #2966, 1000.000000000000000 ) ;
#9897 = ORIENTED_EDGE ( 'NONE', *, *, #1914, .F. ) ;
#9898 = ORIENTED_EDGE ( 'NONE', *, *, #2680, .T. ) ;
#9899 = CARTESIAN_POINT ( 'NONE',  ( -10.16000000000000547, 0.5080000000000002292, -0.7528818102449945648 ) ) ;
#9900 = DIRECTION ( 'NONE',  ( -1.000000000000000000, -0.000000000000000000, -0.000000000000000000 ) ) ;
#9901 =( NAMED_UNIT ( * ) PLANE_ANGLE_UNIT ( ) SI_UNIT ( $, .RADIAN. ) );
#9902 = ORIENTED_EDGE ( 'NONE', *, *, #8079, .F. ) ;
#9903 = DIRECTION ( 'NONE',  ( 0.000000000000000000, 0.000000000000000000, 1.000000000000000000 ) ) ;
#9904 = EDGE_CURVE ( 'NONE', #10587, #5199, #7349, .T. ) ;
#9905 = DIRECTION ( 'NONE',  ( 0.000000000000000000, 0.000000000000000000, -1.000000000000000000 ) ) ;
#9906 = ORIENTED_EDGE ( 'NONE', *, *, #10829, .T. ) ;
#9907 = LINE ( 'NONE', #8027, #3826 ) ;
#9908 = EDGE_CURVE ( 'NONE', #1880, #8163, #10523, .T. ) ;
#9909 = ORIENTED_EDGE ( 'NONE', *, *, #507, .T. ) ;
#9910 = LINE ( 'NONE', #8736, #6578 ) ;
#9911 = EDGE_LOOP ( 'NONE', ( #8093, #5607, #3896, #380 ) ) ;
#9912 = CARTESIAN_POINT ( 'NONE',  ( 5.079999999999993854, 8.509000000000000341, -1.270000000000001128 ) ) ;
#9913 = VERTEX_POINT ( 'NONE', #7477 ) ;
#9914 = EDGE_CURVE ( 'NONE', #9634, #4837, #10451, .T. ) ;
#9915 = ADVANCED_FACE ( 'NONE', ( #6382 ), #3302, .F. ) ;
#9916 = DIRECTION ( 'NONE',  ( -0.000000000000000000, 1.000000000000000000, 1.733406087350420004E-16 ) ) ;
#9917 = ORIENTED_EDGE ( 'NONE', *, *, #308, .F. ) ;
#9918 = FACE_OUTER_BOUND ( 'NONE', #8507, .T. ) ;
#9919 = VECTOR ( 'NONE', #7410, 1000.000000000000114 ) ;
#9920 = LINE ( 'NONE', #12667, #10038 ) ;
#9921 = FACE_BOUND ( 'NONE', #1428, .T. ) ;
#9922 = CARTESIAN_POINT ( 'NONE',  ( 5.079999999999993854, 0.5080000000000000071, 0.7528818102449925664 ) ) ;
#9923 = DIRECTION ( 'NONE',  ( 1.000000000000000000, 0.000000000000000000, -0.000000000000000000 ) ) ;
#9924 = ADVANCED_FACE ( 'NONE', ( #2319, #495 ), #4481, .F. ) ;
#9925 = PLANE ( 'NONE',  #10415 ) ;
#9926 = ORIENTED_EDGE ( 'NONE', *, *, #3894, .F. ) ;
#9927 = FACE_OUTER_BOUND ( 'NONE', #781, .T. ) ;
#9928 = CARTESIAN_POINT ( 'NONE',  ( 5.079999999999993854, 3.110602869834277161E-16, -1.270000000000001128 ) ) ;
#9929 = PLANE ( 'NONE',  #6820 ) ;
#9930 = AXIS2_PLACEMENT_3D ( 'NONE', #5697, #9612, #4796 ) ;
#9931 = ORIENTED_EDGE ( 'NONE', *, *, #7845, .F. ) ;
#9932 = LINE ( 'NONE', #11955, #8618 ) ;
#9933 = VERTEX_POINT ( 'NONE', #10328 ) ;
#9934 = CARTESIAN_POINT ( 'NONE',  ( -16.63700000000000756, 7.810500000000000220, -0.1270000000000020557 ) ) ;
#9935 = ADVANCED_FACE ( 'NONE', ( #9230 ), #7290, .F. ) ;
#9936 = CARTESIAN_POINT ( 'NONE',  ( 16.12899999999999778, 8.064500000000000668, 0.3809999999999962861 ) ) ;
#9937 = CARTESIAN_POINT ( 'NONE',  ( -19.43100000000000449, 8.064500000000000668, 0.3809999999999962861 ) ) ;
#9938 = CARTESIAN_POINT ( 'NONE',  ( 18.66899999999999693, 7.239000000000000767, 0.3809999999999962861 ) ) ;
#9939 = DIRECTION ( 'NONE',  ( -0.000000000000000000, 0.000000000000000000, -1.000000000000000000 ) ) ;
#9940 = EDGE_CURVE ( 'NONE', #9381, #843, #11242, .T. ) ;
#9941 = VECTOR ( 'NONE', #8612, 1000.000000000000000 ) ;
#9942 = EDGE_LOOP ( 'NONE', ( #4486, #8520, #1722, #3334 ) ) ;
#9943 = DIRECTION ( 'NONE',  ( 0.000000000000000000, 0.000000000000000000, -1.000000000000000000 ) ) ;
#9944 = EDGE_CURVE ( 'NONE', #1157, #6918, #3429, .T. ) ;
#9945 = EDGE_CURVE ( 'NONE', #10516, #12337, #12618, .T. ) ;
#9946 = ORIENTED_EDGE ( 'NONE', *, *, #6968, .T. ) ;
#9947 = EDGE_CURVE ( 'NONE', #12387, #358, #2899, .T. ) ;
#9948 = LINE ( 'NONE', #2120, #8194 ) ;
#9949 = ITEM_DEFINED_TRANSFORMATION ( 'NONE', 'NONE', #10099,  #1564 ) ;
#9950 = ORIENTED_EDGE ( 'NONE', *, *, #3179, .T. ) ;
#9951 = EDGE_CURVE ( 'NONE', #6539, #8394, #2773, .T. ) ;
#9952 = DIRECTION ( 'NONE',  ( 1.000000000000000000, 0.000000000000000000, 0.000000000000000000 ) ) ;
#9953 = DIRECTION ( 'NONE',  ( -1.000000000000000000, 0.000000000000000000, 0.000000000000000000 ) ) ;
#9954 = EDGE_CURVE ( 'NONE', #6334, #6047, #3683, .T. ) ;
#9955 = CARTESIAN_POINT ( 'NONE',  ( 3.682999999999995389, 7.810500000000000220, -0.1270000000000020557 ) ) ;
#9956 = ORIENTED_EDGE ( 'NONE', *, *, #4550, .T. ) ;
#9957 = ORIENTED_EDGE ( 'NONE', *, *, #9188, .F. ) ;
#9958 = ORIENTED_EDGE ( 'NONE', *, *, #11271, .F. ) ;
#9959 = DIRECTION ( 'NONE',  ( -1.000000000000000000, -0.000000000000000000, -0.000000000000000000 ) ) ;
#9960 = DIRECTION ( 'NONE',  ( -1.000000000000000000, -0.000000000000000000, -0.000000000000000000 ) ) ;
#9961 = CARTESIAN_POINT ( 'NONE',  ( -6.731000000000004313, 7.239000000000000767, 0.3809999999999962861 ) ) ;
#9962 = EDGE_LOOP ( 'NONE', ( #7504, #7177, #8300, #3679 ) ) ;
#9963 = CARTESIAN_POINT ( 'NONE',  ( -15.24000000000000554, 2.177422008883992879E-16, -0.8890000000000013447 ) ) ;
#9964 = VERTEX_POINT ( 'NONE', #12552 ) ;
#9965 = CARTESIAN_POINT ( 'NONE',  ( 22.85999999999999943, 2.177422008883992879E-16, -0.8890000000000013447 ) ) ;
#9966 = ORIENTED_EDGE ( 'NONE', *, *, #9177, .F. ) ;
#9967 = DIRECTION ( 'NONE',  ( 0.000000000000000000, -0.9659258262890699775, -0.2588190451025145222 ) ) ;
#9968 = EDGE_CURVE ( 'NONE', #9336, #4355, #823, .T. ) ;
#9969 = LINE ( 'NONE', #7000, #7392 ) ;
#9970 = EDGE_LOOP ( 'NONE', ( #11264, #2664, #1515, #530 ) ) ;
#9971 = LINE ( 'NONE', #9194, #12189 ) ;
#9972 = EDGE_LOOP ( 'NONE', ( #11455, #12133, #9700, #10540 ) ) ;
#9973 = DIRECTION ( 'NONE',  ( 1.000000000000000000, 0.000000000000000000, 0.000000000000000000 ) ) ;
#9974 = CARTESIAN_POINT ( 'NONE',  ( 11.55699999999999505, 7.810500000000000220, -0.1270000000000020557 ) ) ;
#9975 = DIRECTION ( 'NONE',  ( 0.000000000000000000, -0.000000000000000000, -1.000000000000000000 ) ) ;
#9976 = PLANE ( 'NONE',  #11257 ) ;
#9977 = LINE ( 'NONE', #1056, #329 ) ;
#9978 = CARTESIAN_POINT ( 'NONE',  ( 5.079999999999993854, 0.5080000000000000071, 0.7528818102449925664 ) ) ;
#9979 = PLANE ( 'NONE',  #4340 ) ;
#9980 = DIRECTION ( 'NONE',  ( 0.9396926207859094271, -0.3420201433256660484, -0.000000000000000000 ) ) ;
#9981 = CARTESIAN_POINT ( 'NONE',  ( 17.77999999999999758, 0.5080000000000002292, -0.7528818102449945648 ) ) ;
#9982 = FILL_AREA_STYLE ('',( #11033 ) ) ;
#9983 = EDGE_CURVE ( 'NONE', #5074, #12327, #8637, .T. ) ;
#9984 = EDGE_CURVE ( 'NONE', #32, #2065, #881, .T. ) ;
#9985 = CARTESIAN_POINT ( 'NONE',  ( -8.064500000000005997, 8.509000000000000341, 0.8254999999999981242 ) ) ;
#9986 = ORIENTED_EDGE ( 'NONE', *, *, #6898, .T. ) ;
#9987 = CARTESIAN_POINT ( 'NONE',  ( -11.81100000000000527, 8.064500000000000668, 0.3809999999999964526 ) ) ;
#9988 = ORIENTED_EDGE ( 'NONE', *, *, #8503, .F. ) ;
#9989 = CARTESIAN_POINT ( 'NONE',  ( 9.270999999999993690, 8.064500000000000668, -0.3810000000000023368 ) ) ;
#9990 = DIRECTION ( 'NONE',  ( 0.000000000000000000, -1.000000000000000000, 0.000000000000000000 ) ) ;
#9991 = DIRECTION ( 'NONE',  ( -0.000000000000000000, 1.000000000000000000, 1.733406087350420004E-16 ) ) ;
#9992 = CARTESIAN_POINT ( 'NONE',  ( -17.78000000000000469, -1.925929944387235853E-31, 0.8889999999999991243 ) ) ;
#9993 = EDGE_CURVE ( 'NONE', #111, #2768, #7601, .T. ) ;
#9994 = FACE_OUTER_BOUND ( 'NONE', #12492, .T. ) ;
#9995 = ORIENTED_EDGE ( 'NONE', *, *, #4705, .F. ) ;
#9996 = VECTOR ( 'NONE', #12560, 1000.000000000000000 ) ;
#9997 = DIRECTION ( 'NONE',  ( 0.000000000000000000, -1.000000000000000000, 0.000000000000000000 ) ) ;
#9998 = LINE ( 'NONE', #8069, #297 ) ;
#9999 = EDGE_LOOP ( 'NONE', ( #1275, #7701, #7439, #3752 ) ) ;
#10000 = CARTESIAN_POINT ( 'NONE',  ( 12.69999999999999574, -1.925929944387235853E-31, 0.8889999999999991243 ) ) ;
#10001 = ORIENTED_EDGE ( 'NONE', *, *, #7977, .F. ) ;
#10002 = VECTOR ( 'NONE', #9006, 1000.000000000000000 ) ;
#10003 = CARTESIAN_POINT ( 'NONE',  ( -3.469446951953614189E-15, -1.925929944387235853E-31, 0.8889999999999991243 ) ) ;
#10004 = LINE ( 'NONE', #6976, #6167 ) ;
#10005 = DIRECTION ( 'NONE',  ( -1.000000000000000000, -0.000000000000000000, -0.000000000000000000 ) ) ;
#10006 = EDGE_CURVE ( 'NONE', #8789, #8369, #8759, .T. ) ;
#10007 = ORIENTED_EDGE ( 'NONE', *, *, #11923, .F. ) ;
#10008 = FACE_OUTER_BOUND ( 'NONE', #2576, .T. ) ;
#10009 = ORIENTED_EDGE ( 'NONE', *, *, #6126, .T. ) ;
#10010 = VECTOR ( 'NONE', #499, 1000.000000000000000 ) ;
#10011 = EDGE_CURVE ( 'NONE', #2923, #5365, #9802, .T. ) ;
#10012 = ORIENTED_EDGE ( 'NONE', *, *, #10198, .T. ) ;
#10013 = CARTESIAN_POINT ( 'NONE',  ( 19.87549999999999883, 8.509000000000000341, -1.270000000000001128 ) ) ;
#10014 = DIRECTION ( 'NONE',  ( 1.000000000000000000, 0.000000000000000000, -0.000000000000000000 ) ) ;
#10015 = DIRECTION ( 'NONE',  ( 0.000000000000000000, 0.000000000000000000, -1.000000000000000000 ) ) ;
#10016 = DIRECTION ( 'NONE',  ( 0.000000000000000000, 1.000000000000000000, 0.000000000000000000 ) ) ;
#10017 = VERTEX_POINT ( 'NONE', #3737 ) ;
#10018 = VECTOR ( 'NONE', #10612, 1000.000000000000000 ) ;
#10019 = AXIS2_PLACEMENT_3D ( 'NONE', #12739, #8642, #8895 ) ;
#10020 = LINE ( 'NONE', #11070, #10029 ) ;
#10021 = VECTOR ( 'NONE', #6814, 1000.000000000000000 ) ;
#10022 = DIRECTION ( 'NONE',  ( 0.000000000000000000, 0.000000000000000000, 1.000000000000000000 ) ) ;
#10023 = ORIENTED_EDGE ( 'NONE', *, *, #7088, .T. ) ;
#10024 = CARTESIAN_POINT ( 'NONE',  ( -22.86000000000000654, 2.177422008883992879E-16, -0.8890000000000013447 ) ) ;
#10025 = ORIENTED_EDGE ( 'NONE', *, *, #12028, .T. ) ;
#10026 = UNCERTAINTY_MEASURE_WITH_UNIT (LENGTH_MEASURE( 1.000000000000000082E-05 ), #5661, 'distance_accuracy_value', 'NONE');
#10027 = FACE_OUTER_BOUND ( 'NONE', #12311, .T. ) ;
#10028 = ORIENTED_EDGE ( 'NONE', *, *, #615, .F. ) ;
#10029 = VECTOR ( 'NONE', #1107, 1000.000000000000000 ) ;
#10030 = VECTOR ( 'NONE', #9003, 1000.000000000000000 ) ;
#10031 = DIRECTION ( 'NONE',  ( 0.000000000000000000, 1.733406087350420004E-16, -1.000000000000000000 ) ) ;
#10032 = ORIENTED_EDGE ( 'NONE', *, *, #11956, .T. ) ;
#10033 = DIRECTION ( 'NONE',  ( 0.5773502691896253980, 0.5773502691896253980, -0.5773502691896265082 ) ) ;
#10034 = EDGE_CURVE ( 'NONE', #6721, #2260, #693, .T. ) ;
#10035 = DIRECTION ( 'NONE',  ( 0.000000000000000000, 0.000000000000000000, -1.000000000000000000 ) ) ;
#10036 = CARTESIAN_POINT ( 'NONE',  ( -15.24000000000000554, 0.5080000000000002292, -0.7528818102449945648 ) ) ;
#10037 = DIRECTION ( 'NONE',  ( -1.000000000000000000, -0.000000000000000000, -0.000000000000000000 ) ) ;
#10038 = VECTOR ( 'NONE', #9853, 1000.000000000000000 ) ;
#10039 = LINE ( 'NONE', #4919, #9259 ) ;
#10040 = LINE ( 'NONE', #1126, #8755 ) ;
#10041 = EDGE_LOOP ( 'NONE', ( #3944, #5797, #6038, #6117 ) ) ;
#10042 = DIRECTION ( 'NONE',  ( -0.000000000000000000, 1.000000000000000000, 1.733406087350420004E-16 ) ) ;
#10043 = LINE ( 'NONE', #11030, #4411 ) ;
#10044 = LINE ( 'NONE', #1129, #6285 ) ;
#10045 = ORIENTED_EDGE ( 'NONE', *, *, #11372, .T. ) ;
#10046 = DIRECTION ( 'NONE',  ( 0.000000000000000000, 0.9659258262890700886, -0.2588190451025140781 ) ) ;
#10047 = DIRECTION ( 'NONE',  ( -1.000000000000000000, 0.000000000000000000, 0.000000000000000000 ) ) ;
#10048 = VECTOR ( 'NONE', #7644, 1000.000000000000000 ) ;
#10049 = VECTOR ( 'NONE', #9573, 1000.000000000000000 ) ;
#10050 = SURFACE_SIDE_STYLE ('',( #6027 ) ) ;
#10051 = LINE ( 'NONE', #1322, #740 ) ;
#10052 = ORIENTED_EDGE ( 'NONE', *, *, #12271, .F. ) ;
#10053 = EDGE_CURVE ( 'NONE', #2285, #11148, #2843, .T. ) ;
#10054 = EDGE_CURVE ( 'NONE', #10416, #1626, #629, .T. ) ;
#10055 = DIRECTION ( 'NONE',  ( 0.000000000000000000, -1.733406087350420004E-16, 1.000000000000000000 ) ) ;
#10056 = ORIENTED_EDGE ( 'NONE', *, *, #7018, .T. ) ;
#10057 = VECTOR ( 'NONE', #4806, 1000.000000000000000 ) ;
#10058 = DIRECTION ( 'NONE',  ( 0.000000000000000000, -2.449293598294710852E-16, 1.000000000000000000 ) ) ;
#10059 = PLANE ( 'NONE',  #8212 ) ;
#10060 = CARTESIAN_POINT ( 'NONE',  ( -3.469446951953614189E-15, -1.925929944387235853E-31, 0.8889999999999991243 ) ) ;
#10061 = FACE_OUTER_BOUND ( 'NONE', #11867, .T. ) ;
#10062 = LINE ( 'NONE', #10186, #5984 ) ;
#10063 = DIRECTION ( 'NONE',  ( 0.000000000000000000, -2.449293598294710852E-16, 1.000000000000000000 ) ) ;
#10064 = EDGE_LOOP ( 'NONE', ( #262, #8423, #5898, #2203 ) ) ;
#10065 = VECTOR ( 'NONE', #12101, 1000.000000000000000 ) ;
#10066 = DIRECTION ( 'NONE',  ( 0.000000000000000000, 0.2588190451025145222, -0.9659258262890699775 ) ) ;
#10067 = DIRECTION ( 'NONE',  ( 0.000000000000000000, 0.000000000000000000, 1.000000000000000000 ) ) ;
#10068 = ORIENTED_EDGE ( 'NONE', *, *, #2226, .F. ) ;
#10069 = EDGE_CURVE ( 'NONE', #4252, #6990, #11571, .T. ) ;
#10070 = DIRECTION ( 'NONE',  ( 0.000000000000000000, 0.000000000000000000, -1.000000000000000000 ) ) ;
#10071 = DIRECTION ( 'NONE',  ( 0.000000000000000000, 0.000000000000000000, 1.000000000000000000 ) ) ;
#10072 = VERTEX_POINT ( 'NONE', #9557 ) ;
#10073 = VECTOR ( 'NONE', #8811, 1000.000000000000000 ) ;
#10074 = AXIS2_PLACEMENT_3D ( 'NONE', #5122, #12088, #2183 ) ;
#10075 = DIRECTION ( 'NONE',  ( 0.000000000000000000, 1.000000000000000000, 0.000000000000000000 ) ) ;
#10076 = LINE ( 'NONE', #8195, #2409 ) ;
#10077 = LINE ( 'NONE', #180, #6393 ) ;
#10078 = DIRECTION ( 'NONE',  ( 0.000000000000000000, -0.000000000000000000, -1.000000000000000000 ) ) ;
#10079 = ORIENTED_EDGE ( 'NONE', *, *, #11297, .T. ) ;
#10080 = VERTEX_POINT ( 'NONE', #5773 ) ;
#10081 = VECTOR ( 'NONE', #12215, 1000.000000000000114 ) ;
#10082 = VECTOR ( 'NONE', #2429, 1000.000000000000114 ) ;
#10083 = AXIS2_PLACEMENT_3D ( 'NONE', #7784, #2840, #6821 ) ;
#10084 = ORIENTED_EDGE ( 'NONE', *, *, #1201, .T. ) ;
#10085 = DIRECTION ( 'NONE',  ( -0.000000000000000000, 1.000000000000000000, 1.733406087350420004E-16 ) ) ;
#10086 = LINE ( 'NONE', #11199, #8351 ) ;
#10087 = VECTOR ( 'NONE', #1874, 1000.000000000000000 ) ;
#10088 = AXIS2_PLACEMENT_3D ( 'NONE', #12006, #10031, #1118 ) ;
#10089 = DIRECTION ( 'NONE',  ( 0.000000000000000000, -1.000000000000000000, -2.548365665731588345E-16 ) ) ;
#10090 = VECTOR ( 'NONE', #2500, 999.9999999999998863 ) ;
#10091 = ADVANCED_FACE ( 'NONE', ( #9743, #5701 ), #762, .F. ) ;
#10092 = DIRECTION ( 'NONE',  ( -1.000000000000000000, -0.000000000000000000, -0.000000000000000000 ) ) ;
#10093 = EDGE_LOOP ( 'NONE', ( #3048, #3833, #11603, #4243 ) ) ;
#10094 = DIRECTION ( 'NONE',  ( -0.000000000000000000, 1.000000000000000000, 1.733406087350420004E-16 ) ) ;
#10095 = ADVANCED_FACE ( 'NONE', ( #6638 ), #4863, .F. ) ;
#10096 = ORIENTED_EDGE ( 'NONE', *, *, #10569, .F. ) ;
#10097 = ORIENTED_EDGE ( 'NONE', *, *, #12804, .T. ) ;
#10098 = LINE ( 'NONE', #10156, #8628 ) ;
#10099 = AXIS2_PLACEMENT_3D ( 'NONE', #4502, #12445, #7493 ) ;
#10100 = VERTEX_POINT ( 'NONE', #8567 ) ;
#10101 = AXIS2_PLACEMENT_3D ( 'NONE', #4870, #1726, #9691 ) ;
#10102 = EDGE_CURVE ( 'NONE', #7356, #6726, #1660, .T. ) ;
#10103 = EDGE_CURVE ( 'NONE', #5993, #8677, #3614, .T. ) ;
#10104 = DIRECTION ( 'NONE',  ( 0.000000000000000000, -0.9659258262890700886, 0.2588190451025140781 ) ) ;
#10105 = VERTEX_POINT ( 'NONE', #9985 ) ;
#10106 = CARTESIAN_POINT ( 'NONE',  ( -5.080000000000004512, 0.5080000000000002292, -0.7528818102449945648 ) ) ;
#10107 = CARTESIAN_POINT ( 'NONE',  ( -19.43100000000000449, 7.239000000000000767, 0.3809999999999962861 ) ) ;
#10108 = PLANE ( 'NONE',  #5928 ) ;
#10109 = DIRECTION ( 'NONE',  ( -0.000000000000000000, 1.000000000000000000, 1.440069553722777130E-16 ) ) ;
#10110 = LINE ( 'NONE', #11946, #101 ) ;
#10111 = CARTESIAN_POINT ( 'NONE',  ( 12.69999999999999574, 8.509000000000000341, -1.270000000000001128 ) ) ;
#10112 = VECTOR ( 'NONE', #4454, 1000.000000000000000 ) ;
#10113 = EDGE_CURVE ( 'NONE', #9769, #9823, #2101, .T. ) ;
#10114 = ORIENTED_EDGE ( 'NONE', *, *, #8232, .T. ) ;
#10115 = DIRECTION ( 'NONE',  ( 0.000000000000000000, 0.000000000000000000, 1.000000000000000000 ) ) ;
#10116 = PLANE ( 'NONE',  #5445 ) ;
#10117 = LINE ( 'NONE', #5236, #8562 ) ;
#10118 = CARTESIAN_POINT ( 'NONE',  ( -24.51100000000000634, 8.064500000000000668, 0.3809999999999964526 ) ) ;
#10119 = DIRECTION ( 'NONE',  ( -0.5773502691896253980, 0.5773502691896253980, -0.5773502691896265082 ) ) ;
#10120 = CARTESIAN_POINT ( 'NONE',  ( 20.31999999999999673, 2.177422008883992879E-16, -0.8890000000000013447 ) ) ;
#10121 = VECTOR ( 'NONE', #10250, 1000.000000000000000 ) ;
#10122 = VERTEX_POINT ( 'NONE', #4988 ) ;
#10123 = DIRECTION ( 'NONE',  ( -0.5773502691896253980, 0.5773502691896253980, -0.5773502691896265082 ) ) ;
#10124 = ORIENTED_EDGE ( 'NONE', *, *, #10502, .T. ) ;
#10125 = FACE_OUTER_BOUND ( 'NONE', #11602, .T. ) ;
#10126 = PLANE ( 'NONE',  #6564 ) ;
#10127 = DIRECTION ( 'NONE',  ( -1.000000000000000000, -0.000000000000000000, -0.000000000000000000 ) ) ;
#10128 = CARTESIAN_POINT ( 'NONE',  ( 15.23999999999999666, 8.509000000000000341, 1.270000000000001128 ) ) ;
#10129 = DIRECTION ( 'NONE',  ( 0.000000000000000000, 0.000000000000000000, -1.000000000000000000 ) ) ;
#10130 = CARTESIAN_POINT ( 'NONE',  ( 8.508999999999995012, 8.064500000000000668, -0.3810000000000023368 ) ) ;
#10131 = ORIENTED_EDGE ( 'NONE', *, *, #5343, .T. ) ;
#10132 = VECTOR ( 'NONE', #5112, 1000.000000000000000 ) ;
#10133 = DIRECTION ( 'NONE',  ( 0.000000000000000000, 0.000000000000000000, 1.000000000000000000 ) ) ;
#10134 = ADVANCED_FACE ( 'NONE', ( #16 ), #5041, .F. ) ;
#10135 = SURFACE_STYLE_FILL_AREA ( #4999 ) ;
#10136 = ORIENTED_EDGE ( 'NONE', *, *, #2384, .F. ) ;
#10137 = DIRECTION ( 'NONE',  ( 0.000000000000000000, 0.000000000000000000, 1.000000000000000000 ) ) ;
#10138 = ORIENTED_EDGE ( 'NONE', *, *, #4550, .F. ) ;
#10139 = FACE_OUTER_BOUND ( 'NONE', #7690, .T. ) ;
#10140 = VECTOR ( 'NONE', #5380, 1000.000000000000000 ) ;
#10141 = DIRECTION ( 'NONE',  ( 0.000000000000000000, 1.000000000000000000, 0.000000000000000000 ) ) ;
#10142 = ORIENTED_EDGE ( 'NONE', *, *, #7910, .T. ) ;
#10143 = ORIENTED_EDGE ( 'NONE', *, *, #3378, .T. ) ;
#10144 = EDGE_CURVE ( 'NONE', #4101, #440, #12020, .T. ) ;
#10145 = ORIENTED_EDGE ( 'NONE', *, *, #3242, .T. ) ;
#10146 = PLANE ( 'NONE',  #8400 ) ;
#10147 = CARTESIAN_POINT ( 'NONE',  ( 5.079999999999993854, 0.5080000000000000071, 0.7528818102449925664 ) ) ;
#10148 = DIRECTION ( 'NONE',  ( 0.000000000000000000, -1.440069553722777130E-16, 1.000000000000000000 ) ) ;
#10149 = CLOSED_SHELL ( 'NONE', ( #9924, #7516, #8363, #7302, #4834, #7756, #10134, #137, #12390, #3325, #4942, #12086, #11885, #12617, #3338, #8976, #3906, #10789, #12322 ) ) ;
#10150 = DIRECTION ( 'NONE',  ( -0.000000000000000000, 1.000000000000000000, 1.733406087350420004E-16 ) ) ;
#10151 = ORIENTED_EDGE ( 'NONE', *, *, #3414, .T. ) ;
#10152 = PLANE ( 'NONE',  #3032 ) ;
#10153 = EDGE_CURVE ( 'NONE', #4837, #12863, #4004, .T. ) ;
#10154 = ORIENTED_EDGE ( 'NONE', *, *, #5788, .F. ) ;
#10155 = ORIENTED_EDGE ( 'NONE', *, *, #5205, .F. ) ;
#10156 = CARTESIAN_POINT ( 'NONE',  ( -12.70000000000000462, 3.110602869834277161E-16, -1.270000000000001128 ) ) ;
#10157 = VERTEX_POINT ( 'NONE', #2036 ) ;
#10158 = ORIENTED_EDGE ( 'NONE', *, *, #6208, .T. ) ;
#10159 = FACE_BOUND ( 'NONE', #10953, .T. ) ;
#10160 = ORIENTED_EDGE ( 'NONE', *, *, #12313, .T. ) ;
#10161 = CARTESIAN_POINT ( 'NONE',  ( -11.81100000000000527, 7.239000000000000767, 0.3809999999999962861 ) ) ;
#10162 = FACE_OUTER_BOUND ( 'NONE', #9911, .T. ) ;
#10163 = ORIENTED_EDGE ( 'NONE', *, *, #10554, .T. ) ;
#10164 = CARTESIAN_POINT ( 'NONE',  ( -19.87550000000000594, 8.509000000000000341, -1.270000000000001128 ) ) ;
#10165 = PLANE ( 'NONE',  #12232 ) ;
#10166 = CARTESIAN_POINT ( 'NONE',  ( 5.079999999999993854, 2.177422008883992879E-16, -0.8890000000000013447 ) ) ;
#10167 = LINE ( 'NONE', #2236, #1683 ) ;
#10168 = EDGE_CURVE ( 'NONE', #10410, #11579, #5968, .T. ) ;
#10169 = EDGE_LOOP ( 'NONE', ( #3505, #11853, #9276, #5695 ) ) ;
#10170 = CARTESIAN_POINT ( 'NONE',  ( 13.58899999999999686, 7.239000000000000767, -0.3810000000000025033 ) ) ;
#10171 = LINE ( 'NONE', #3401, #2116 ) ;
#10172 = FACE_BOUND ( 'NONE', #8600, .T. ) ;
#10173 = EDGE_CURVE ( 'NONE', #8668, #4441, #3148, .T. ) ;
#10174 = ORIENTED_EDGE ( 'NONE', *, *, #4762, .T. ) ;
#10175 = CARTESIAN_POINT ( 'NONE',  ( 10.15999999999999481, 0.000000000000000000, 1.269999999999998908 ) ) ;
#10176 = DIRECTION ( 'NONE',  ( -0.000000000000000000, -0.000000000000000000, 1.000000000000000000 ) ) ;
#10177 = EDGE_CURVE ( 'NONE', #8273, #10468, #9932, .T. ) ;
#10178 = SURFACE_SIDE_STYLE ('',( #4461 ) ) ;
#10179 = ADVANCED_FACE ( 'NONE', ( #1065 ), #4927, .F. ) ;
#10180 = ORIENTED_EDGE ( 'NONE', *, *, #5649, .T. ) ;
#10181 = CARTESIAN_POINT ( 'NONE',  ( 3.428999999999994497, 7.239000000000000767, 0.3809999999999962861 ) ) ;
#10182 = DIRECTION ( 'NONE',  ( 0.000000000000000000, -0.9659258262890700886, 0.2588190451025140781 ) ) ;
#10183 = FACE_OUTER_BOUND ( 'NONE', #11387, .T. ) ;
#10184 = CARTESIAN_POINT ( 'NONE',  ( 3.428999999999994497, 7.239000000000000767, 0.3809999999999962861 ) ) ;
#10185 = LINE ( 'NONE', #2446, #3217 ) ;
#10186 = CARTESIAN_POINT ( 'NONE',  ( 11.55699999999999505, 7.810500000000001108, 0.1269999999999965878 ) ) ;
#10187 = PLANE ( 'NONE',  #11488 ) ;
#10188 = VERTEX_POINT ( 'NONE', #10980 ) ;
#10189 = DIRECTION ( 'NONE',  ( 0.000000000000000000, 0.2588190451025145222, -0.9659258262890699775 ) ) ;
#10190 = ADVANCED_FACE ( 'NONE', ( #159 ), #11886, .F. ) ;
#10191 = VERTEX_POINT ( 'NONE', #12081 ) ;
#10192 = DIRECTION ( 'NONE',  ( 0.000000000000000000, 0.000000000000000000, 1.000000000000000000 ) ) ;
#10193 = ORIENTED_EDGE ( 'NONE', *, *, #4011, .F. ) ;
#10194 = LINE ( 'NONE', #10003, #2940 ) ;
#10195 = PLANE ( 'NONE',  #2207 ) ;
#10196 = DIRECTION ( 'NONE',  ( 0.000000000000000000, 0.000000000000000000, 1.000000000000000000 ) ) ;
#10197 = VECTOR ( 'NONE', #9368, 1000.000000000000000 ) ;
#10198 = EDGE_CURVE ( 'NONE', #4810, #12860, #4069, .T. ) ;
#10199 = PLANE ( 'NONE',  #11870 ) ;
#10200 = EDGE_LOOP ( 'NONE', ( #4709, #9109, #3660, #711 ) ) ;
#10201 = PRODUCT_DEFINITION_SHAPE ( 'NONE', 'NONE',  #12894 ) ;
#10202 = CARTESIAN_POINT ( 'NONE',  ( 12.69999999999999574, 8.509000000000000341, -1.270000000000001128 ) ) ;
#10203 = EDGE_LOOP ( 'NONE', ( #8959, #245, #11458, #9496 ) ) ;
#10204 = VECTOR ( 'NONE', #10974, 1000.000000000000000 ) ;
#10205 = DIRECTION ( 'NONE',  ( 0.000000000000000000, 0.000000000000000000, 1.000000000000000000 ) ) ;
#10206 =( NAMED_UNIT ( * ) SI_UNIT ( $, .STERADIAN. ) SOLID_ANGLE_UNIT ( ) );
#10207 = DIRECTION ( 'NONE',  ( -0.000000000000000000, 1.000000000000000000, 1.733406087350420004E-16 ) ) ;
#10208 = PRODUCT_DEFINITION_SHAPE ( 'NONE', 'NONE',  #12883 ) ;
#10209 = CARTESIAN_POINT ( 'NONE',  ( -5.080000000000004512, 0.5080000000000002292, -0.7528818102449945648 ) ) ;
#10210 = ORIENTED_EDGE ( 'NONE', *, *, #3532, .T. ) ;
#10211 = AXIS2_PLACEMENT_3D ( 'NONE', #8546, #1578, #3592 ) ;
#10212 = VECTOR ( 'NONE', #11380, 1000.000000000000114 ) ;
#10213 = VERTEX_POINT ( 'NONE', #2958 ) ;
#10214 = VERTEX_POINT ( 'NONE', #6955 ) ;
#10215 = ADVANCED_FACE ( 'NONE', ( #9145 ), #8171, .F. ) ;
#10216 = CARTESIAN_POINT ( 'NONE',  ( -28.19400000000000617, 2.177422008883992879E-16, -0.8890000000000013447 ) ) ;
#10217 = CARTESIAN_POINT ( 'NONE',  ( -22.86000000000000654, 2.177422008883992879E-16, -0.8890000000000013447 ) ) ;
#10218 = VERTEX_POINT ( 'NONE', #220 ) ;
#10219 = ORIENTED_EDGE ( 'NONE', *, *, #11058, .F. ) ;
#10220 = VECTOR ( 'NONE', #5904, 1000.000000000000000 ) ;
#10221 = EDGE_CURVE ( 'NONE', #2351, #9372, #3218, .T. ) ;
#10222 = PLANE ( 'NONE',  #2617 ) ;
#10223 = EDGE_LOOP ( 'NONE', ( #3517, #6205, #10368, #3799 ) ) ;
#10224 = CARTESIAN_POINT ( 'NONE',  ( 20.31999999999999673, 3.110602869834277161E-16, -1.270000000000001128 ) ) ;
#10225 = DIRECTION ( 'NONE',  ( -0.000000000000000000, 0.000000000000000000, 1.000000000000000000 ) ) ;
#10226 = VERTEX_POINT ( 'NONE', #6092 ) ;
#10227 = CARTESIAN_POINT ( 'NONE',  ( -3.469446951953614189E-15, -1.925929944387235853E-31, 0.8889999999999991243 ) ) ;
#10228 = CARTESIAN_POINT ( 'NONE',  ( -12.25550000000000672, 8.509000000000000341, -0.8255000000000036753 ) ) ;
#10229 = DIRECTION ( 'NONE',  ( -1.000000000000000000, -0.000000000000000000, -0.000000000000000000 ) ) ;
#10230 = VERTEX_POINT ( 'NONE', #7985 ) ;
#10231 = CARTESIAN_POINT ( 'NONE',  ( -24.51100000000000634, 8.064500000000000668, 0.3809999999999964526 ) ) ;
#10232 = CARTESIAN_POINT ( 'NONE',  ( -19.43100000000000449, 8.064500000000000668, 0.3809999999999964526 ) ) ;
#10233 =( NAMED_UNIT ( * ) PLANE_ANGLE_UNIT ( ) SI_UNIT ( $, .RADIAN. ) );
#10234 = AXIS2_PLACEMENT_3D ( 'NONE', #5796, #11044, #8121 ) ;
#10235 = VECTOR ( 'NONE', #2522, 1000.000000000000000 ) ;
#10236 = DIRECTION ( 'NONE',  ( 0.000000000000000000, -0.000000000000000000, -1.000000000000000000 ) ) ;
#10237 = LINE ( 'NONE', #1389, #10090 ) ;
#10238 = MANIFOLD_SOLID_BREP ( 'Mirror1', #8072 ) ;
#10239 = VECTOR ( 'NONE', #12478, 1000.000000000000000 ) ;
#10240 = CARTESIAN_POINT ( 'NONE',  ( -17.33550000000000324, 8.509000000000000341, -0.8255000000000036753 ) ) ;
#10241 = DIRECTION ( 'NONE',  ( 1.000000000000000000, 0.000000000000000000, -0.000000000000000000 ) ) ;
#10242 = ORIENTED_EDGE ( 'NONE', *, *, #7314, .F. ) ;
#10243 = VECTOR ( 'NONE', #11560, 1000.000000000000000 ) ;
#10244 = PLANE ( 'NONE',  #11697 ) ;
#10245 = DIRECTION ( 'NONE',  ( 0.000000000000000000, 1.000000000000000000, 2.548365665731588345E-16 ) ) ;
#10246 = CARTESIAN_POINT ( 'NONE',  ( -15.24000000000000554, 2.177422008883992879E-16, -0.8890000000000013447 ) ) ;
#10247 = DIRECTION ( 'NONE',  ( -0.000000000000000000, 0.000000000000000000, -1.000000000000000000 ) ) ;
#10248 = CARTESIAN_POINT ( 'NONE',  ( -7.620000000000005436, 0.5080000000000002292, -0.7528818102449945648 ) ) ;
#10249 = EDGE_CURVE ( 'NONE', #7312, #728, #3028, .T. ) ;
#10250 = DIRECTION ( 'NONE',  ( -0.000000000000000000, 1.000000000000000000, 1.733406087350420004E-16 ) ) ;
#10251 = LINE ( 'NONE', #10323, #7143 ) ;
#10252 = ORIENTED_EDGE ( 'NONE', *, *, #8972, .T. ) ;
#10253 = CARTESIAN_POINT ( 'NONE',  ( 12.25549999999999606, 8.509000000000000341, 0.8254999999999981242 ) ) ;
#10254 = VECTOR ( 'NONE', #250, 1000.000000000000000 ) ;
#10255 = FILL_AREA_STYLE ('',( #6239 ) ) ;
#10256 = VERTEX_POINT ( 'NONE', #3891 ) ;
#10257 = ADVANCED_FACE ( 'NONE', ( #9756 ), #1615, .F. ) ;
#10258 = CARTESIAN_POINT ( 'NONE',  ( -5.080000000000004512, 8.509000000000000341, -1.270000000000001128 ) ) ;
#10259 = EDGE_CURVE ( 'NONE', #9621, #6792, #8654, .T. ) ;
#10260 = ORIENTED_EDGE ( 'NONE', *, *, #11346, .F. ) ;
#10261 = VECTOR ( 'NONE', #11385, 1000.000000000000000 ) ;
#10262 = EDGE_CURVE ( 'NONE', #2065, #610, #1863, .T. ) ;
#10263 = LINE ( 'NONE', #12175, #663 ) ;
#10264 = AXIS2_PLACEMENT_3D ( 'NONE', #835, #8714, #6708 ) ;
#10265 = CARTESIAN_POINT ( 'NONE',  ( -2.540000000000004032, 0.5080000000000000071, 0.7528818102449925664 ) ) ;
#10266 = CARTESIAN_POINT ( 'NONE',  ( -8.509000000000005670, 8.064500000000000668, 0.3809999999999964526 ) ) ;
#10267 = ORIENTED_EDGE ( 'NONE', *, *, #1631, .F. ) ;
#10268 = EDGE_LOOP ( 'NONE', ( #2006, #1532, #3199, #908 ) ) ;
#10269 = ADVANCED_FACE ( 'NONE', ( #7878 ), #12816, .F. ) ;
#10270 = EDGE_CURVE ( 'NONE', #3617, #1426, #9633, .T. ) ;
#10271 = LINE ( 'NONE', #7487, #7820 ) ;
#10272 = AXIS2_PLACEMENT_3D ( 'NONE', #11299, #8556, #2373 ) ;
#10273 = ORIENTED_EDGE ( 'NONE', *, *, #66, .T. ) ;
#10274 = VECTOR ( 'NONE', #57, 1000.000000000000114 ) ;
#10275 = ADVANCED_FACE ( 'NONE', ( #5594 ), #6592, .F. ) ;
#10276 = VECTOR ( 'NONE', #9014, 1000.000000000000114 ) ;
#10277 = DIRECTION ( 'NONE',  ( 0.000000000000000000, -2.449293598294710852E-16, 1.000000000000000000 ) ) ;
#10278 =( LENGTH_UNIT ( ) NAMED_UNIT ( * ) SI_UNIT ( .MILLI., .METRE. ) );
#10279 = VECTOR ( 'NONE', #2573, 1000.000000000000000 ) ;
#10280 = CARTESIAN_POINT ( 'NONE',  ( 5.524499999999994415, 8.509000000000000341, -0.8255000000000036753 ) ) ;
#10281 = AXIS2_PLACEMENT_3D ( 'NONE', #3594, #1642, #7580 ) ;
#10282 = VECTOR ( 'NONE', #1518, 1000.000000000000000 ) ;
#10283 = LINE ( 'NONE', #4366, #11648 ) ;
#10284 = ORIENTED_EDGE ( 'NONE', *, *, #9904, .F. ) ;
#10285 = AXIS2_PLACEMENT_3D ( 'NONE', #5633, #8504, #878 ) ;
#10286 = DIRECTION ( 'NONE',  ( 0.000000000000000000, -5.054934237236841843E-31, -1.000000000000000000 ) ) ;
#10287 = VERTEX_POINT ( 'NONE', #5843 ) ;
#10288 = VERTEX_POINT ( 'NONE', #7680 ) ;
#10289 = ORIENTED_EDGE ( 'NONE', *, *, #10103, .T. ) ;
#10290 = LINE ( 'NONE', #8148, #1542 ) ;
#10291 = ORIENTED_EDGE ( 'NONE', *, *, #2817, .F. ) ;
#10292 = EDGE_CURVE ( 'NONE', #9404, #10414, #4755, .T. ) ;
#10293 = EDGE_CURVE ( 'NONE', #5056, #9765, #4876, .T. ) ;
#10294 = VERTEX_POINT ( 'NONE', #2852 ) ;
#10295 = VECTOR ( 'NONE', #2233, 1000.000000000000000 ) ;
#10296 = PRESENTATION_LAYER_ASSIGNMENT (  '', '', ( #11554 ) ) ;
#10297 = VECTOR ( 'NONE', #2019, 1000.000000000000000 ) ;
#10298 = CARTESIAN_POINT ( 'NONE',  ( -12.70000000000000639, -1.925929944387235853E-31, 0.8889999999999991243 ) ) ;
#10299 = EDGE_LOOP ( 'NONE', ( #5882, #10990, #1468, #950 ) ) ;
#10300 = CARTESIAN_POINT ( 'NONE',  ( -27.94000000000000483, 2.177422008883992879E-16, -0.8890000000000013447 ) ) ;
#10301 = DIRECTION ( 'NONE',  ( 0.000000000000000000, 0.000000000000000000, 1.000000000000000000 ) ) ;
#10302 = VERTEX_POINT ( 'NONE', #10601 ) ;
#10303 = DIRECTION ( 'NONE',  ( -0.000000000000000000, 0.000000000000000000, -1.000000000000000000 ) ) ;
#10304 = LINE ( 'NONE', #6419, #3063 ) ;
#10305 = CARTESIAN_POINT ( 'NONE',  ( -13.58900000000000574, 7.239000000000000767, -0.3810000000000025033 ) ) ;
#10306 = VERTEX_POINT ( 'NONE', #12564 ) ;
#10307 = VECTOR ( 'NONE', #5551, 1000.000000000000000 ) ;
#10308 = CARTESIAN_POINT ( 'NONE',  ( -17.78000000000000469, 0.5080000000000000071, 0.7528818102449925664 ) ) ;
#10309 = DIRECTION ( 'NONE',  ( 0.000000000000000000, -1.000000000000000000, 0.000000000000000000 ) ) ;
#10310 = AXIS2_PLACEMENT_3D ( 'NONE', #959, #4141, #7992 ) ;
#10311 = EDGE_CURVE ( 'NONE', #10747, #2503, #12690, .T. ) ;
#10312 = DIRECTION ( 'NONE',  ( 0.000000000000000000, -1.000000000000000000, 0.000000000000000000 ) ) ;
#10313 = EDGE_LOOP ( 'NONE', ( #2378, #12821, #11786, #3164 ) ) ;
#10314 = LINE ( 'NONE', #1390, #9479 ) ;
#10315 = ORIENTED_EDGE ( 'NONE', *, *, #8797, .T. ) ;
#10316 = CARTESIAN_POINT ( 'NONE',  ( 21.20899999999999963, 7.239000000000000767, -0.3810000000000025033 ) ) ;
#10317 = CARTESIAN_POINT ( 'NONE',  ( -5.080000000000004512, 8.509000000000000341, 1.270000000000001128 ) ) ;
#10318 = LINE ( 'NONE', #6623, #4440 ) ;
#10319 = LINE ( 'NONE', #3415, #11753 ) ;
#10320 = FACE_OUTER_BOUND ( 'NONE', #3881, .T. ) ;
#10321 = DIRECTION ( 'NONE',  ( -1.000000000000000000, 0.000000000000000000, 0.000000000000000000 ) ) ;
#10322 = CARTESIAN_POINT ( 'NONE',  ( -2.540000000000004032, 0.000000000000000000, 1.269999999999998908 ) ) ;
#10323 = CARTESIAN_POINT ( 'NONE',  ( 17.77999999999999758, 8.509000000000000341, -0.8255000000000036753 ) ) ;
#10324 = ORIENTED_EDGE ( 'NONE', *, *, #4369, .F. ) ;
#10325 = LINE ( 'NONE', #5439, #12637 ) ;
#10326 = VECTOR ( 'NONE', #9039, 1000.000000000000000 ) ;
#10327 = ORIENTED_EDGE ( 'NONE', *, *, #12687, .F. ) ;
#10328 = CARTESIAN_POINT ( 'NONE',  ( -15.24000000000000554, 0.5080000000000002292, -0.7528818102449945648 ) ) ;
#10329 = EDGE_CURVE ( 'NONE', #3987, #7896, #11707, .T. ) ;
#10330 = ORIENTED_EDGE ( 'NONE', *, *, #4624, .T. ) ;
#10331 = LINE ( 'NONE', #7420, #11470 ) ;
#10332 = EDGE_CURVE ( 'NONE', #5592, #12848, #7618, .T. ) ;
#10333 = DIRECTION ( 'NONE',  ( 0.000000000000000000, 1.733406087350420004E-16, -1.000000000000000000 ) ) ;
#10334 = PLANE ( 'NONE',  #9033 ) ;
#10335 = CARTESIAN_POINT ( 'NONE',  ( 15.23999999999999666, 3.110602869834277161E-16, -1.270000000000001128 ) ) ;
#10336 = AXIS2_PLACEMENT_3D ( 'NONE', #3025, #6878, #1008 ) ;
#10337 = EDGE_LOOP ( 'NONE', ( #8124, #1697, #597, #6340 ) ) ;
#10338 = VECTOR ( 'NONE', #7208, 1000.000000000000000 ) ;
#10339 = CARTESIAN_POINT ( 'NONE',  ( -17.78000000000000469, 0.5080000000000002292, -0.7528818102449945648 ) ) ;
#10340 = VERTEX_POINT ( 'NONE', #1732 ) ;
#10341 = CARTESIAN_POINT ( 'NONE',  ( -24.51100000000000634, 7.239000000000000767, -0.3810000000000025033 ) ) ;
#10342 = EDGE_CURVE ( 'NONE', #8861, #1864, #5650, .T. ) ;
#10343 = ADVANCED_FACE ( 'NONE', ( #3628 ), #776, .F. ) ;
#10344 = ORIENTED_EDGE ( 'NONE', *, *, #10405, .F. ) ;
#10345 = ADVANCED_FACE ( 'NONE', ( #6649 ), #9699, .F. ) ;
#10346 = DIRECTION ( 'NONE',  ( 0.000000000000000000, 2.449293598294710852E-16, -1.000000000000000000 ) ) ;
#10347 = DIRECTION ( 'NONE',  ( -0.000000000000000000, 0.000000000000000000, -1.000000000000000000 ) ) ;
#10348 = DIRECTION ( 'NONE',  ( 1.000000000000000000, 0.000000000000000000, -0.000000000000000000 ) ) ;
#10349 = VERTEX_POINT ( 'NONE', #6771 ) ;
#10350 = FILL_AREA_STYLE ('',( #2413 ) ) ;
#10351 = VECTOR ( 'NONE', #11029, 1000.000000000000000 ) ;
#10352 = EDGE_LOOP ( 'NONE', ( #3259, #3442, #303, #394, #3363, #12686, #7749, #4895 ) ) ;
#10353 = EDGE_LOOP ( 'NONE', ( #7695, #2278, #5184, #9906 ) ) ;
#10354 = VECTOR ( 'NONE', #2557, 1000.000000000000000 ) ;
#10355 = ORIENTED_EDGE ( 'NONE', *, *, #9890, .F. ) ;
#10356 = DIRECTION ( 'NONE',  ( 0.000000000000000000, 0.000000000000000000, 1.000000000000000000 ) ) ;
#10357 = ORIENTED_EDGE ( 'NONE', *, *, #11694, .T. ) ;
#10358 = ORIENTED_EDGE ( 'NONE', *, *, #10401, .T. ) ;
#10359 = CARTESIAN_POINT ( 'NONE',  ( -10.16000000000000547, 8.509000000000000341, 1.270000000000001128 ) ) ;
#10360 = VERTEX_POINT ( 'NONE', #10736 ) ;
#10361 = DIRECTION ( 'NONE',  ( -0.000000000000000000, 1.000000000000000000, 1.733406087350420004E-16 ) ) ;
#10362 = LINE ( 'NONE', #605, #9845 ) ;
#10363 = ORIENTED_EDGE ( 'NONE', *, *, #8795, .F. ) ;
#10364 = LINE ( 'NONE', #11159, #6779 ) ;
#10365 = CARTESIAN_POINT ( 'NONE',  ( -27.05100000000000549, 8.064500000000000668, 0.3809999999999964526 ) ) ;
#10366 = PLANE ( 'NONE',  #7246 ) ;
#10367 = EDGE_CURVE ( 'NONE', #10100, #11270, #1802, .T. ) ;
#10368 = ORIENTED_EDGE ( 'NONE', *, *, #1715, .T. ) ;
#10369 = CARTESIAN_POINT ( 'NONE',  ( 28.19400000000000617, -1.925929944387235853E-31, 0.8889999999999991243 ) ) ;
#10370 =( NAMED_UNIT ( * ) SI_UNIT ( $, .STERADIAN. ) SOLID_ANGLE_UNIT ( ) );
#10371 = DIRECTION ( 'NONE',  ( -0.5773502691896252870, -0.5773502691896251759, -0.5773502691896267303 ) ) ;
#10372 = ORIENTED_EDGE ( 'NONE', *, *, #12238, .T. ) ;
#10373 = DIRECTION ( 'NONE',  ( -0.000000000000000000, 0.2588190451025140781, 0.9659258262890700886 ) ) ;
#10374 = PLANE ( 'NONE',  #5938 ) ;
#10375 = EDGE_LOOP ( 'NONE', ( #2018, #11318, #6154, #5937 ) ) ;
#10376 = VECTOR ( 'NONE', #4338, 1000.000000000000000 ) ;
#10377 = PLANE ( 'NONE',  #2973 ) ;
#10378 = FACE_OUTER_BOUND ( 'NONE', #11079, .T. ) ;
#10379 = DIRECTION ( 'NONE',  ( 0.000000000000000000, 1.440069553722777130E-16, -1.000000000000000000 ) ) ;
#10380 = DIRECTION ( 'NONE',  ( 0.000000000000000000, -0.9659258262890699775, -0.2588190451025145222 ) ) ;
#10381 = DIRECTION ( 'NONE',  ( 0.000000000000000000, 1.733406087350420004E-16, -1.000000000000000000 ) ) ;
#10382 = CARTESIAN_POINT ( 'NONE',  ( 7.619999999999994778, 0.000000000000000000, 0.000000000000000000 ) ) ;
#10383 = ORIENTED_EDGE ( 'NONE', *, *, #5947, .T. ) ;
#10384 = CARTESIAN_POINT ( 'NONE',  ( 27.05099999999999838, 7.239000000000000767, 0.3809999999999962861 ) ) ;
#10385 = EDGE_CURVE ( 'NONE', #9369, #2, #9998, .T. ) ;
#10386 = PRESENTATION_STYLE_ASSIGNMENT (( #9419 ) ) ;
#10387 = VERTEX_POINT ( 'NONE', #9029 ) ;
#10388 = LINE ( 'NONE', #8264, #2368 ) ;
#10389 = ORIENTED_EDGE ( 'NONE', *, *, #2718, .T. ) ;
#10390 = MANIFOLD_SOLID_BREP ( 'LPattern1[12]', #2230 ) ;
#10391 = CARTESIAN_POINT ( 'NONE',  ( 5.968999999999994976, 8.064500000000000668, 0.3809999999999964526 ) ) ;
#10392 = EDGE_CURVE ( 'NONE', #10813, #8096, #12038, .T. ) ;
#10393 = ORIENTED_EDGE ( 'NONE', *, *, #9359, .F. ) ;
#10394 = CARTESIAN_POINT ( 'NONE',  ( 15.23999999999999666, 8.509000000000000341, 1.270000000000001128 ) ) ;
#10395 = LINE ( 'NONE', #6314, #7220 ) ;
#10396 = LINE ( 'NONE', #11577, #9655 ) ;
#10397 = ORIENTED_EDGE ( 'NONE', *, *, #3613, .F. ) ;
#10398 = CARTESIAN_POINT ( 'NONE',  ( -11.04900000000000659, 8.064500000000000668, 0.3809999999999964526 ) ) ;
#10399 = ORIENTED_EDGE ( 'NONE', *, *, #8656, .F. ) ;
#10400 = CARTESIAN_POINT ( 'NONE',  ( -14.35100000000000442, 8.064500000000000668, 0.3809999999999962861 ) ) ;
#10401 = EDGE_CURVE ( 'NONE', #5399, #11841, #9103, .T. ) ;
#10402 = ORIENTED_EDGE ( 'NONE', *, *, #4182, .T. ) ;
#10403 = LINE ( 'NONE', #11448, #2782 ) ;
#10404 = CARTESIAN_POINT ( 'NONE',  ( -24.13000000000000611, 0.000000000000000000, 0.000000000000000000 ) ) ;
#10405 = EDGE_CURVE ( 'NONE', #12839, #12632, #4944, .T. ) ;
#10406 = DIRECTION ( 'NONE',  ( -1.000000000000000000, 0.000000000000000000, 0.000000000000000000 ) ) ;
#10407 = LINE ( 'NONE', #2462, #11355 ) ;
#10408 = EDGE_CURVE ( 'NONE', #7887, #11579, #31, .T. ) ;
#10409 = PLANE ( 'NONE',  #12503 ) ;
#10410 = VERTEX_POINT ( 'NONE', #1021 ) ;
#10411 = LINE ( 'NONE', #11400, #4712 ) ;
#10412 = EDGE_CURVE ( 'NONE', #3094, #10840, #3951, .T. ) ;
#10413 = ORIENTED_EDGE ( 'NONE', *, *, #7377, .T. ) ;
#10414 = VERTEX_POINT ( 'NONE', #7039 ) ;
#10415 = AXIS2_PLACEMENT_3D ( 'NONE', #4981, #9, #581 ) ;
#10416 = VERTEX_POINT ( 'NONE', #12098 ) ;
#10417 = ORIENTED_EDGE ( 'NONE', *, *, #3249, .F. ) ;
#10418 = CARTESIAN_POINT ( 'NONE',  ( 2.539999999999996927, 0.5080000000000002292, -0.7528818102449945648 ) ) ;
#10419 = VERTEX_POINT ( 'NONE', #2974 ) ;
#10420 = EDGE_CURVE ( 'NONE', #3357, #12761, #3106, .T. ) ;
#10421 = ADVANCED_FACE ( 'NONE', ( #4087 ), #10993, .F. ) ;
#10422 = AXIS2_PLACEMENT_3D ( 'NONE', #2337, #1361, #4364 ) ;
#10423 = CARTESIAN_POINT ( 'NONE',  ( 26.28900000000000148, 7.239000000000000767, 0.3809999999999962861 ) ) ;
#10424 = LINE ( 'NONE', #5555, #12765 ) ;
#10425 = ORIENTED_EDGE ( 'NONE', *, *, #6015, .F. ) ;
#10426 = LINE ( 'NONE', #403, #12441 ) ;
#10427 = CARTESIAN_POINT ( 'NONE',  ( 22.85999999999999943, 0.5080000000000002292, -0.7528818102449945648 ) ) ;
#10428 = ORIENTED_EDGE ( 'NONE', *, *, #2938, .T. ) ;
#10429 = PRODUCT ( 'PPPC021LFBN-RC_C22', 'PPPC021LFBN-RC_C22', '', ( #6902 ) ) ;
#10430 = CARTESIAN_POINT ( 'NONE',  ( 3.428999999999994497, 8.064500000000000668, 0.3809999999999962861 ) ) ;
#10431 = CARTESIAN_POINT ( 'NONE',  ( -27.94000000000000483, 0.5080000000000000071, 0.7528818102449925664 ) ) ;
#10432 = PLANE ( 'NONE',  #9455 ) ;
#10433 = DIRECTION ( 'NONE',  ( 1.000000000000000000, 0.000000000000000000, 0.000000000000000000 ) ) ;
#10434 = MANIFOLD_SOLID_BREP ( 'Chamfer1', #12051 ) ;
#10435 = VECTOR ( 'NONE', #9973, 1000.000000000000000 ) ;
#10436 = CARTESIAN_POINT ( 'NONE',  ( 25.39999999999999858, 0.5080000000000002292, -0.7528818102449945648 ) ) ;
#10437 = ORIENTED_EDGE ( 'NONE', *, *, #4025, .T. ) ;
#10438 = DIRECTION ( 'NONE',  ( 0.000000000000000000, 0.000000000000000000, -1.000000000000000000 ) ) ;
#10439 = VECTOR ( 'NONE', #364, 1000.000000000000000 ) ;
#10440 = DIRECTION ( 'NONE',  ( 0.000000000000000000, 1.000000000000000000, 2.548365665731588345E-16 ) ) ;
#10441 = DIRECTION ( 'NONE',  ( 0.000000000000000000, 0.000000000000000000, -1.000000000000000000 ) ) ;
#10442 = VECTOR ( 'NONE', #8867, 1000.000000000000000 ) ;
#10443 = CARTESIAN_POINT ( 'NONE',  ( -22.86000000000000654, 3.110602869834277161E-16, -1.270000000000001128 ) ) ;
#10444 = LINE ( 'NONE', #9549, #7874 ) ;
#10445 = CARTESIAN_POINT ( 'NONE',  ( 10.15999999999999481, -1.925929944387235853E-31, 0.8889999999999991243 ) ) ;
#10446 = ORIENTED_EDGE ( 'NONE', *, *, #19, .T. ) ;
#10447 = LINE ( 'NONE', #7782, #8890 ) ;
#10448 = SURFACE_STYLE_FILL_AREA ( #5513 ) ;
#10449 = EDGE_LOOP ( 'NONE', ( #2930, #5444, #3630, #500 ) ) ;
#10450 = VECTOR ( 'NONE', #9690, 1000.000000000000000 ) ;
#10451 = LINE ( 'NONE', #1529, #3200 ) ;
#10452 = VERTEX_POINT ( 'NONE', #8262 ) ;
#10453 = CARTESIAN_POINT ( 'NONE',  ( -1.651000000000003132, 7.239000000000000767, 0.3809999999999962861 ) ) ;
#10454 = ORIENTED_EDGE ( 'NONE', *, *, #1068, .F. ) ;
#10455 = DIRECTION ( 'NONE',  ( -1.000000000000000000, -0.000000000000000000, -0.000000000000000000 ) ) ;
#10456 = CARTESIAN_POINT ( 'NONE',  ( 10.15999999999999481, 0.000000000000000000, 1.269999999999998908 ) ) ;
#10457 = DIRECTION ( 'NONE',  ( -0.000000000000000000, 1.000000000000000000, 1.733406087350420004E-16 ) ) ;
#10458 = EDGE_LOOP ( 'NONE', ( #5975, #11495, #8791, #224 ) ) ;
#10459 = VECTOR ( 'NONE', #7319, 1000.000000000000000 ) ;
#10460 = FACE_OUTER_BOUND ( 'NONE', #10200, .T. ) ;
#10461 = UNCERTAINTY_MEASURE_WITH_UNIT (LENGTH_MEASURE( 1.000000000000000082E-05 ), #2535, 'distance_accuracy_value', 'NONE');
#10462 = EDGE_CURVE ( 'NONE', #2260, #10495, #173, .T. ) ;
#10463 = EDGE_CURVE ( 'NONE', #1203, #6818, #8322, .T. ) ;
#10464 = ORIENTED_EDGE ( 'NONE', *, *, #5658, .F. ) ;
#10465 = VECTOR ( 'NONE', #2393, 1000.000000000000000 ) ;
#10466 = DIRECTION ( 'NONE',  ( 0.000000000000000000, 1.440069553722777130E-16, -1.000000000000000000 ) ) ;
#10467 = DIRECTION ( 'NONE',  ( 0.000000000000000000, 0.000000000000000000, 1.000000000000000000 ) ) ;
#10468 = VERTEX_POINT ( 'NONE', #5257 ) ;
#10469 = VECTOR ( 'NONE', #10648, 1000.000000000000000 ) ;
#10470 = PLANE ( 'NONE',  #6501 ) ;
#10471 = DIRECTION ( 'NONE',  ( -0.000000000000000000, 1.000000000000000000, 1.733406087350420004E-16 ) ) ;
#10472 = VECTOR ( 'NONE', #2905, 1000.000000000000000 ) ;
#10473 = VERTEX_POINT ( 'NONE', #11240 ) ;
#10474 = CARTESIAN_POINT ( 'NONE',  ( -20.32000000000000384, 0.5080000000000002292, -0.7528818102449945648 ) ) ;
#10475 = ORIENTED_EDGE ( 'NONE', *, *, #4478, .F. ) ;
#10476 = EDGE_LOOP ( 'NONE', ( #4542, #8553, #8382, #5079 ) ) ;
#10477 = VECTOR ( 'NONE', #3001, 1000.000000000000000 ) ;
#10478 = AXIS2_PLACEMENT_3D ( 'NONE', #10258, #4408, #5260 ) ;
#10479 = SURFACE_STYLE_USAGE ( .BOTH. , #4708 ) ;
#10480 = EDGE_LOOP ( 'NONE', ( #5777, #4031, #296, #9803 ) ) ;
#10481 = ORIENTED_EDGE ( 'NONE', *, *, #9241, .T. ) ;
#10482 = EDGE_CURVE ( 'NONE', #10452, #12256, #12233, .T. ) ;
#10483 = CARTESIAN_POINT ( 'NONE',  ( -7.620000000000005436, 8.509000000000000341, 1.270000000000001128 ) ) ;
#10484 = EDGE_LOOP ( 'NONE', ( #7170, #8673, #6702, #12384 ) ) ;
#10485 = VECTOR ( 'NONE', #1890, 1000.000000000000000 ) ;
#10486 = VECTOR ( 'NONE', #10576, 1000.000000000000000 ) ;
#10487 = MECHANICAL_DESIGN_GEOMETRIC_PRESENTATION_REPRESENTATION (  '', ( #7795 ), #4040 ) ;
#10488 = CARTESIAN_POINT ( 'NONE',  ( 0.8889999999999974589, 7.239000000000000767, -0.3810000000000025033 ) ) ;
#10489 = ADVANCED_FACE ( 'NONE', ( #7232 ), #3427, .F. ) ;
#10490 = VECTOR ( 'NONE', #8441, 1000.000000000000000 ) ;
#10491 = DIRECTION ( 'NONE',  ( 1.000000000000000000, 0.000000000000000000, 0.000000000000000000 ) ) ;
#10492 = ORIENTED_EDGE ( 'NONE', *, *, #3966, .T. ) ;
#10493 = LINE ( 'NONE', #5008, #2733 ) ;
#10494 = DIRECTION ( 'NONE',  ( 0.000000000000000000, 1.440069553722777130E-16, -1.000000000000000000 ) ) ;
#10495 = VERTEX_POINT ( 'NONE', #2453 ) ;
#10496 = DIRECTION ( 'NONE',  ( 0.000000000000000000, -0.000000000000000000, -1.000000000000000000 ) ) ;
#10497 = DIRECTION ( 'NONE',  ( 0.000000000000000000, 1.733406087350420004E-16, -1.000000000000000000 ) ) ;
#10498 = DIRECTION ( 'NONE',  ( -1.000000000000000000, -0.000000000000000000, -0.000000000000000000 ) ) ;
#10499 = EDGE_CURVE ( 'NONE', #9684, #11670, #3356, .T. ) ;
#10500 = VECTOR ( 'NONE', #3669, 1000.000000000000000 ) ;
#10501 = CARTESIAN_POINT ( 'NONE',  ( -0.4445000000000038920, 8.509000000000000341, 0.8254999999999981242 ) ) ;
#10502 = EDGE_CURVE ( 'NONE', #2853, #5585, #7346, .T. ) ;
#10503 = MANIFOLD_SOLID_BREP ( 'LPattern1[3]', #7451 ) ;
#10504 = MECHANICAL_DESIGN_GEOMETRIC_PRESENTATION_REPRESENTATION (  '', ( #7596 ), #9679 ) ;
#10505 = VECTOR ( 'NONE', #5874, 1000.000000000000000 ) ;
#10506 = EDGE_CURVE ( 'NONE', #11148, #8515, #6443, .T. ) ;
#10507 = DIRECTION ( 'NONE',  ( 0.000000000000000000, 0.000000000000000000, 1.000000000000000000 ) ) ;
#10508 = ORIENTED_EDGE ( 'NONE', *, *, #615, .T. ) ;
#10509 = EDGE_CURVE ( 'NONE', #10294, #8459, #7411, .T. ) ;
#10510 = EDGE_CURVE ( 'NONE', #1686, #3005, #4479, .T. ) ;
#10511 = LINE ( 'NONE', #4597, #1101 ) ;
#10512 = STYLED_ITEM ( 'NONE', ( #50 ), #10848 ) ;
#10513 = CARTESIAN_POINT ( 'NONE',  ( -15.24000000000000554, 8.509000000000000341, -1.270000000000001128 ) ) ;
#10514 = DIRECTION ( 'NONE',  ( 0.000000000000000000, 2.449293598294710852E-16, -1.000000000000000000 ) ) ;
#10515 = CARTESIAN_POINT ( 'NONE',  ( 20.31999999999999673, 8.509000000000000341, 1.270000000000001128 ) ) ;
#10516 = VERTEX_POINT ( 'NONE', #11434 ) ;
#10517 = FACE_OUTER_BOUND ( 'NONE', #3030, .T. ) ;
#10518 = LINE ( 'NONE', #2449, #11912 ) ;
#10519 = ORIENTED_EDGE ( 'NONE', *, *, #5329, .F. ) ;
#10520 = LINE ( 'NONE', #1657, #4951 ) ;
#10521 = LINE ( 'NONE', #4797, #8430 ) ;
#10522 = ORIENTED_EDGE ( 'NONE', *, *, #3177, .T. ) ;
#10523 = LINE ( 'NONE', #3496, #8828 ) ;
#10524 = ORIENTED_EDGE ( 'NONE', *, *, #2276, .T. ) ;
#10525 = MANIFOLD_SOLID_BREP ( 'LPattern1[4]', #11806 ) ;
#10526 = CARTESIAN_POINT ( 'NONE',  ( 22.85999999999999943, -1.925929944387235853E-31, 0.8889999999999991243 ) ) ;
#10527 = ORIENTED_EDGE ( 'NONE', *, *, #10006, .T. ) ;
#10528 = CARTESIAN_POINT ( 'NONE',  ( -1.651000000000003132, 7.239000000000000767, 0.3809999999999962861 ) ) ;
#10529 = DIRECTION ( 'NONE',  ( 0.000000000000000000, -1.000000000000000000, -2.548365665731588345E-16 ) ) ;
#10530 = DIRECTION ( 'NONE',  ( 0.000000000000000000, -2.449293598294710852E-16, 1.000000000000000000 ) ) ;
#10531 = ORIENTED_EDGE ( 'NONE', *, *, #3963, .T. ) ;
#10532 = CARTESIAN_POINT ( 'NONE',  ( 20.31999999999999673, 0.5080000000000000071, 0.7528818102449925664 ) ) ;
#10533 = ORIENTED_EDGE ( 'NONE', *, *, #7260, .T. ) ;
#10534 = ADVANCED_FACE ( 'NONE', ( #5830 ), #2514, .F. ) ;
#10535 = CARTESIAN_POINT ( 'NONE',  ( -22.86000000000000654, 8.509000000000000341, 1.270000000000001128 ) ) ;
#10536 = DIRECTION ( 'NONE',  ( 0.000000000000000000, 0.2588190451025145222, -0.9659258262890699775 ) ) ;
#10537 = VERTEX_POINT ( 'NONE', #12486 ) ;
#10538 = LINE ( 'NONE', #3315, #6753 ) ;
#10539 = CARTESIAN_POINT ( 'NONE',  ( -6.350000000000004974, 0.000000000000000000, 0.000000000000000000 ) ) ;
#10540 = ORIENTED_EDGE ( 'NONE', *, *, #8251, .T. ) ;
#10541 = CARTESIAN_POINT ( 'NONE',  ( -2.540000000000004032, 2.177422008883992879E-16, -0.8890000000000013447 ) ) ;
#10542 = VECTOR ( 'NONE', #965, 999.9999999999998863 ) ;
#10543 = EDGE_CURVE ( 'NONE', #8470, #2103, #2770, .T. ) ;
#10544 = EDGE_CURVE ( 'NONE', #690, #8597, #8635, .T. ) ;
#10545 = ADVANCED_FACE ( 'NONE', ( #12549 ), #820, .F. ) ;
#10546 = CARTESIAN_POINT ( 'NONE',  ( 5.968999999999994976, 7.239000000000000767, -0.3810000000000025033 ) ) ;
#10547 = EDGE_LOOP ( 'NONE', ( #2978, #6169, #10947, #6684, #11342, #2193, #11015, #6996 ) ) ;
#10548 = MANIFOLD_SOLID_BREP ( 'LPattern1[17]', #2458 ) ;
#10549 = CARTESIAN_POINT ( 'NONE',  ( 13.84299999999999820, 7.810500000000000220, -0.1270000000000020557 ) ) ;
#10550 = VERTEX_POINT ( 'NONE', #11500 ) ;
#10551 = VERTEX_POINT ( 'NONE', #627 ) ;
#10552 = SURFACE_SIDE_STYLE ('',( #6606 ) ) ;
#10553 = ORIENTED_EDGE ( 'NONE', *, *, #193, .T. ) ;
#10554 = EDGE_CURVE ( 'NONE', #3839, #6247, #11630, .T. ) ;
#10555 = ORIENTED_EDGE ( 'NONE', *, *, #2125, .T. ) ;
#10556 = DIRECTION ( 'NONE',  ( 1.000000000000000000, -0.000000000000000000, -0.000000000000000000 ) ) ;
#10557 = ORIENTED_EDGE ( 'NONE', *, *, #5329, .T. ) ;
#10558 = DIRECTION ( 'NONE',  ( 0.000000000000000000, 0.000000000000000000, 1.000000000000000000 ) ) ;
#10559 = EDGE_CURVE ( 'NONE', #11579, #1530, #760, .T. ) ;
#10560 = AXIS2_PLACEMENT_3D ( 'NONE', #11752, #12671, #1712 ) ;
#10561 = CARTESIAN_POINT ( 'NONE',  ( -7.620000000000005436, 2.177422008883992879E-16, -0.8890000000000013447 ) ) ;
#10562 = ORIENTED_EDGE ( 'NONE', *, *, #3009, .F. ) ;
#10563 = CARTESIAN_POINT ( 'NONE',  ( -28.19400000000000617, 0.5080000000000000071, 0.7528818102449925664 ) ) ;
#10564 = EDGE_LOOP ( 'NONE', ( #7595, #10007, #1703, #12409 ) ) ;
#10565 = DIRECTION ( 'NONE',  ( 1.000000000000000000, 0.000000000000000000, -0.000000000000000000 ) ) ;
#10566 = LINE ( 'NONE', #5562, #9448 ) ;
#10567 = DIRECTION ( 'NONE',  ( 0.000000000000000000, 2.548365665731588345E-16, -1.000000000000000000 ) ) ;
#10568 = LINE ( 'NONE', #8812, #946 ) ;
#10569 = EDGE_CURVE ( 'NONE', #6085, #11523, #9554, .T. ) ;
#10570 = AXIS2_PLACEMENT_3D ( 'NONE', #3816, #9809, #890 ) ;
#10571 = DIRECTION ( 'NONE',  ( -0.7071067811865475727, -0.7071067811865475727, 0.000000000000000000 ) ) ;
#10572 = ORIENTED_EDGE ( 'NONE', *, *, #6769, .F. ) ;
#10573 = DIRECTION ( 'NONE',  ( 0.000000000000000000, -1.000000000000000000, -2.548365665731588345E-16 ) ) ;
#10574 = EDGE_CURVE ( 'NONE', #2131, #10419, #10521, .T. ) ;
#10575 = FACE_OUTER_BOUND ( 'NONE', #2898, .T. ) ;
#10576 = DIRECTION ( 'NONE',  ( -1.000000000000000000, -0.000000000000000000, -0.000000000000000000 ) ) ;
#10577 = CARTESIAN_POINT ( 'NONE',  ( -16.89100000000000179, 8.064500000000000668, 0.3809999999999964526 ) ) ;
#10578 = DIRECTION ( 'NONE',  ( 0.000000000000000000, 0.000000000000000000, 1.000000000000000000 ) ) ;
#10579 = ORIENTED_EDGE ( 'NONE', *, *, #7447, .F. ) ;
#10580 = DIRECTION ( 'NONE',  ( -1.000000000000000000, 0.000000000000000000, 0.000000000000000000 ) ) ;
#10581 = DIRECTION ( 'NONE',  ( 0.000000000000000000, -0.9659258262890699775, -0.2588190451025145222 ) ) ;
#10582 = VERTEX_POINT ( 'NONE', #12675 ) ;
#10583 = ADVANCED_FACE ( 'NONE', ( #8757 ), #8565, .F. ) ;
#10584 = EDGE_CURVE ( 'NONE', #8888, #6653, #3873, .T. ) ;
#10585 = LINE ( 'NONE', #7719, #8680 ) ;
#10586 = SURFACE_SIDE_STYLE ('',( #7598 ) ) ;
#10587 = VERTEX_POINT ( 'NONE', #12797 ) ;
#10588 = CARTESIAN_POINT ( 'NONE',  ( 25.39999999999999858, 2.177422008883992879E-16, -0.8890000000000013447 ) ) ;
#10589 = ORIENTED_EDGE ( 'NONE', *, *, #6585, .T. ) ;
#10590 = PLANE ( 'NONE',  #673 ) ;
#10591 = VERTEX_POINT ( 'NONE', #11953 ) ;
#10592 = ADVANCED_FACE ( 'NONE', ( #6879, #12862 ), #949, .F. ) ;
#10593 = CARTESIAN_POINT ( 'NONE',  ( -7.620000000000005436, 2.177422008883992879E-16, -0.8890000000000013447 ) ) ;
#10594 = FACE_OUTER_BOUND ( 'NONE', #5532, .T. ) ;
#10595 = LINE ( 'NONE', #1668, #4233 ) ;
#10596 = DIRECTION ( 'NONE',  ( 0.000000000000000000, 1.000000000000000000, 1.733406087350420004E-16 ) ) ;
#10597 = ORIENTED_EDGE ( 'NONE', *, *, #11983, .F. ) ;
#10598 = EDGE_CURVE ( 'NONE', #2188, #4959, #12019, .T. ) ;
#10599 = PLANE ( 'NONE',  #4940 ) ;
#10600 = UNCERTAINTY_MEASURE_WITH_UNIT (LENGTH_MEASURE( 1.000000000000000082E-05 ), #2292, 'distance_accuracy_value', 'NONE');
#10601 = CARTESIAN_POINT ( 'NONE',  ( -22.86000000000000654, 2.177422008883992879E-16, -0.8890000000000013447 ) ) ;
#10602 = EDGE_LOOP ( 'NONE', ( #1690, #1745, #10052, #1216 ) ) ;
#10603 = LINE ( 'NONE', #5722, #3193 ) ;
#10604 = DIRECTION ( 'NONE',  ( 1.000000000000000000, 0.000000000000000000, 0.000000000000000000 ) ) ;
#10605 = EDGE_LOOP ( 'NONE', ( #588, #3567, #5639, #5335 ) ) ;
#10606 = PLANE ( 'NONE',  #11687 ) ;
#10607 = ADVANCED_FACE ( 'NONE', ( #3090 ), #9865, .T. ) ;
#10608 = FACE_OUTER_BOUND ( 'NONE', #5918, .T. ) ;
#10609 = CARTESIAN_POINT ( 'NONE',  ( 16.89099999999999469, 7.239000000000000767, 0.3809999999999962861 ) ) ;
#10610 = ORIENTED_EDGE ( 'NONE', *, *, #1582, .F. ) ;
#10611 = MANIFOLD_SOLID_BREP ( 'LPattern1[10]', #1608 ) ;
#10612 = DIRECTION ( 'NONE',  ( 0.000000000000000000, 0.000000000000000000, -1.000000000000000000 ) ) ;
#10613 = EDGE_LOOP ( 'NONE', ( #12197, #12073, #7014, #8501, #10155, #1820, #10136, #3368 ) ) ;
#10614 = ORIENTED_EDGE ( 'NONE', *, *, #8638, .F. ) ;
#10615 = PLANE ( 'NONE',  #8021 ) ;
#10616 = ORIENTED_EDGE ( 'NONE', *, *, #7076, .T. ) ;
#10617 = VERTEX_POINT ( 'NONE', #9011 ) ;
#10618 = EDGE_CURVE ( 'NONE', #6818, #8597, #7921, .T. ) ;
#10619 = ORIENTED_EDGE ( 'NONE', *, *, #5973, .F. ) ;
#10620 = CARTESIAN_POINT ( 'NONE',  ( -25.40000000000000568, 8.509000000000000341, -1.270000000000001128 ) ) ;
#10621 = CARTESIAN_POINT ( 'NONE',  ( 2.539999999999996927, 0.000000000000000000, 0.000000000000000000 ) ) ;
#10622 = EDGE_LOOP ( 'NONE', ( #7442, #3521, #12057, #10791 ) ) ;
#10623 = CARTESIAN_POINT ( 'NONE',  ( -10.16000000000000547, 0.5080000000000000071, 0.7528818102449925664 ) ) ;
#10624 = VECTOR ( 'NONE', #5203, 1000.000000000000000 ) ;
#10625 = EDGE_CURVE ( 'NONE', #2146, #2627, #2897, .T. ) ;
#10626 = ORIENTED_EDGE ( 'NONE', *, *, #10544, .T. ) ;
#10627 =( LENGTH_UNIT ( ) NAMED_UNIT ( * ) SI_UNIT ( .MILLI., .METRE. ) );
#10628 = LINE ( 'NONE', #8682, #9674 ) ;
#10629 = CARTESIAN_POINT ( 'NONE',  ( 21.71699999999999520, 7.810500000000000220, -0.1270000000000020557 ) ) ;
#10630 = EDGE_CURVE ( 'NONE', #12650, #8792, #1977, .T. ) ;
#10631 = VECTOR ( 'NONE', #2135, 1000.000000000000000 ) ;
#10632 = CARTESIAN_POINT ( 'NONE',  ( 11.81099999999999461, 7.239000000000000767, -0.3810000000000025033 ) ) ;
#10633 = VECTOR ( 'NONE', #10092, 1000.000000000000000 ) ;
#10634 = ORIENTED_EDGE ( 'NONE', *, *, #11324, .F. ) ;
#10635 = DIRECTION ( 'NONE',  ( -0.000000000000000000, 1.000000000000000000, 1.733406087350420004E-16 ) ) ;
#10636 = DIRECTION ( 'NONE',  ( 0.000000000000000000, 1.440069553722777130E-16, -1.000000000000000000 ) ) ;
#10637 = FACE_OUTER_BOUND ( 'NONE', #7925, .T. ) ;
#10638 = LINE ( 'NONE', #4918, #4415 ) ;
#10639 = CARTESIAN_POINT ( 'NONE',  ( -23.74900000000000588, 8.064500000000000668, 0.3809999999999964526 ) ) ;
#10640 = ORIENTED_EDGE ( 'NONE', *, *, #10574, .T. ) ;
#10641 = CARTESIAN_POINT ( 'NONE',  ( -6.731000000000004313, 8.064500000000000668, 0.3809999999999962861 ) ) ;
#10642 = DIRECTION ( 'NONE',  ( 0.000000000000000000, 1.000000000000000000, 0.000000000000000000 ) ) ;
#10643 = ORIENTED_EDGE ( 'NONE', *, *, #4596, .F. ) ;
#10644 = AXIS2_PLACEMENT_3D ( 'NONE', #8192, #1219, #241 ) ;
#10645 = PLANE ( 'NONE',  #9930 ) ;
#10646 = DIRECTION ( 'NONE',  ( 1.000000000000000000, 0.000000000000000000, 0.000000000000000000 ) ) ;
#10647 = VERTEX_POINT ( 'NONE', #1009 ) ;
#10648 = DIRECTION ( 'NONE',  ( 0.000000000000000000, 0.000000000000000000, 1.000000000000000000 ) ) ;
#10649 = ORIENTED_EDGE ( 'NONE', *, *, #8110, .F. ) ;
#10650 = VECTOR ( 'NONE', #3515, 1000.000000000000000 ) ;
#10651 = VECTOR ( 'NONE', #11888, 1000.000000000000000 ) ;
#10652 = CARTESIAN_POINT ( 'NONE',  ( 3.428999999999994497, 8.064500000000000668, 0.3809999999999964526 ) ) ;
#10653 = ORIENTED_EDGE ( 'NONE', *, *, #5391, .F. ) ;
#10654 = EDGE_CURVE ( 'NONE', #651, #4042, #4986, .T. ) ;
#10655 = CARTESIAN_POINT ( 'NONE',  ( 2.539999999999996927, 2.177422008883992879E-16, -0.8890000000000013447 ) ) ;
#10656 = CARTESIAN_POINT ( 'NONE',  ( -7.620000000000005436, 0.5080000000000002292, -0.7528818102449945648 ) ) ;
#10657 = CARTESIAN_POINT ( 'NONE',  ( -16.12900000000000489, 7.239000000000000767, 0.3809999999999962861 ) ) ;
#10658 = DIRECTION ( 'NONE',  ( 0.000000000000000000, -1.000000000000000000, 0.000000000000000000 ) ) ;
#10659 = ORIENTED_EDGE ( 'NONE', *, *, #4562, .T. ) ;
#10660 = CARTESIAN_POINT ( 'NONE',  ( 12.69999999999999574, 8.509000000000000341, 1.270000000000001128 ) ) ;
#10661 = ADVANCED_FACE ( 'NONE', ( #6091 ), #7983, .F. ) ;
#10662 = VECTOR ( 'NONE', #5746, 1000.000000000000000 ) ;
#10663 = ADVANCED_FACE ( 'NONE', ( #5113 ), #9086, .F. ) ;
#10664 = DIRECTION ( 'NONE',  ( 0.000000000000000000, -0.000000000000000000, -1.000000000000000000 ) ) ;
#10665 = VERTEX_POINT ( 'NONE', #2172 ) ;
#10666 = EDGE_CURVE ( 'NONE', #10537, #4837, #6162, .T. ) ;
#10667 = CARTESIAN_POINT ( 'NONE',  ( 17.77999999999999758, 2.177422008883992879E-16, -0.8890000000000013447 ) ) ;
#10668 = VECTOR ( 'NONE', #11233, 999.9999999999998863 ) ;
#10669 = EDGE_LOOP ( 'NONE', ( #3763, #4766, #2329, #6376 ) ) ;
#10670 = CARTESIAN_POINT ( 'NONE',  ( 15.23999999999999666, -1.925929944387235853E-31, 0.8889999999999991243 ) ) ;
#10671 = AXIS2_PLACEMENT_3D ( 'NONE', #10898, #12605, #4731 ) ;
#10672 = EDGE_CURVE ( 'NONE', #9493, #5074, #3341, .T. ) ;
#10673 = FACE_OUTER_BOUND ( 'NONE', #10313, .T. ) ;
#10674 = VERTEX_POINT ( 'NONE', #6363 ) ;
#10675 = MANIFOLD_SOLID_BREP ( 'LPattern1[2]', #189 ) ;
#10676 = ORIENTED_EDGE ( 'NONE', *, *, #1320, .F. ) ;
#10677 = ORIENTED_EDGE ( 'NONE', *, *, #7489, .T. ) ;
#10678 = ADVANCED_FACE ( 'NONE', ( #5312, #6430 ), #9213, .F. ) ;
#10679 =( NAMED_UNIT ( * ) PLANE_ANGLE_UNIT ( ) SI_UNIT ( $, .RADIAN. ) );
#10680 = EDGE_LOOP ( 'NONE', ( #8419, #9531, #6515, #8231 ) ) ;
#10681 = AXIS2_PLACEMENT_3D ( 'NONE', #7834, #2687, #11801 ) ;
#10682 = DIRECTION ( 'NONE',  ( 0.000000000000000000, 0.000000000000000000, 1.000000000000000000 ) ) ;
#10683 = ORIENTED_EDGE ( 'NONE', *, *, #5179, .T. ) ;
#10684 = CARTESIAN_POINT ( 'NONE',  ( -12.70000000000000639, 2.177422008883992879E-16, -0.8890000000000013447 ) ) ;
#10685 = ORIENTED_EDGE ( 'NONE', *, *, #2634, .T. ) ;
#10686 = VECTOR ( 'NONE', #1073, 1000.000000000000000 ) ;
#10687 = PLANE ( 'NONE',  #2129 ) ;
#10688 = FACE_OUTER_BOUND ( 'NONE', #5485, .T. ) ;
#10689 = VERTEX_POINT ( 'NONE', #5181 ) ;
#10690 = VECTOR ( 'NONE', #10346, 1000.000000000000000 ) ;
#10691 = LINE ( 'NONE', #10427, #11607 ) ;
#10692 = ORIENTED_EDGE ( 'NONE', *, *, #7935, .T. ) ;
#10693 = DIRECTION ( 'NONE',  ( -0.000000000000000000, 0.000000000000000000, -1.000000000000000000 ) ) ;
#10694 = EDGE_CURVE ( 'NONE', #9508, #4698, #8432, .T. ) ;
#10695 = LINE ( 'NONE', #12658, #3627 ) ;
#10696 = LINE ( 'NONE', #6618, #5941 ) ;
#10697 = EDGE_CURVE ( 'NONE', #4645, #6510, #7216, .T. ) ;
#10698 = VECTOR ( 'NONE', #12641, 1000.000000000000000 ) ;
#10699 = VECTOR ( 'NONE', #6830, 999.9999999999998863 ) ;
#10700 = CARTESIAN_POINT ( 'NONE',  ( -9.017000000000004789, 7.810500000000000220, -0.1270000000000020557 ) ) ;
#10701 = ORIENTED_EDGE ( 'NONE', *, *, #10718, .F. ) ;
#10702 = LINE ( 'NONE', #6742, #7339 ) ;
#10703 = LINE ( 'NONE', #2761, #9834 ) ;
#10704 = CARTESIAN_POINT ( 'NONE',  ( 5.968999999999994976, 7.239000000000000767, 0.3809999999999962861 ) ) ;
#10705 = DIRECTION ( 'NONE',  ( 0.000000000000000000, 0.000000000000000000, 1.000000000000000000 ) ) ;
#10706 = CARTESIAN_POINT ( 'NONE',  ( 26.28900000000000148, 8.064500000000000668, 0.3809999999999962861 ) ) ;
#10707 = EDGE_CURVE ( 'NONE', #2844, #7558, #11226, .T. ) ;
#10708 = ADVANCED_FACE ( 'NONE', ( #12149 ), #12407, .F. ) ;
#10709 = EDGE_CURVE ( 'NONE', #4873, #2415, #3481, .T. ) ;
#10710 = DIRECTION ( 'NONE',  ( 0.000000000000000000, 0.000000000000000000, 1.000000000000000000 ) ) ;
#10711 = AXIS2_PLACEMENT_3D ( 'NONE', #7973, #10899, #3014 ) ;
#10712 = DIRECTION ( 'NONE',  ( -1.000000000000000000, -0.000000000000000000, -0.000000000000000000 ) ) ;
#10713 = VERTEX_POINT ( 'NONE', #10240 ) ;
#10714 =( GEOMETRIC_REPRESENTATION_CONTEXT ( 3 ) GLOBAL_UNCERTAINTY_ASSIGNED_CONTEXT ( ( #12000 ) ) GLOBAL_UNIT_ASSIGNED_CONTEXT ( ( #1786, #10785, #5580 ) ) REPRESENTATION_CONTEXT ( 'NONE', 'WORKASPACE' ) );
#10715 = CARTESIAN_POINT ( 'NONE',  ( 21.97099999999999653, 7.239000000000000767, 0.3809999999999962861 ) ) ;
#10716 = CARTESIAN_POINT ( 'NONE',  ( 16.89099999999999469, 7.239000000000000767, 0.3809999999999962861 ) ) ;
#10717 = ORIENTED_EDGE ( 'NONE', *, *, #10914, .F. ) ;
#10718 = EDGE_CURVE ( 'NONE', #11841, #5719, #4330, .T. ) ;
#10719 = DIRECTION ( 'NONE',  ( 0.000000000000000000, 1.000000000000000000, 0.000000000000000000 ) ) ;
#10720 = VERTEX_POINT ( 'NONE', #6225 ) ;
#10721 = VECTOR ( 'NONE', #12517, 1000.000000000000000 ) ;
#10722 = AXIS2_PLACEMENT_3D ( 'NONE', #7969, #2826, #4913 ) ;
#10723 = VECTOR ( 'NONE', #8310, 1000.000000000000000 ) ;
#10724 = DIRECTION ( 'NONE',  ( -0.5773502691896252870, -0.5773502691896251759, -0.5773502691896267303 ) ) ;
#10725 = VECTOR ( 'NONE', #9665, 1000.000000000000000 ) ;
#10726 = LINE ( 'NONE', #22, #11713 ) ;
#10727 = FACE_OUTER_BOUND ( 'NONE', #9548, .T. ) ;
#10728 = DIRECTION ( 'NONE',  ( 0.000000000000000000, 1.733406087350420004E-16, -1.000000000000000000 ) ) ;
#10729 = LINE ( 'NONE', #4872, #2677 ) ;
#10730 = CARTESIAN_POINT ( 'NONE',  ( -18.92300000000000892, 7.810500000000000220, -0.1270000000000020557 ) ) ;
#10731 = ORIENTED_EDGE ( 'NONE', *, *, #2040, .T. ) ;
#10732 = FACE_OUTER_BOUND ( 'NONE', #9407, .T. ) ;
#10733 = AXIS2_PLACEMENT_3D ( 'NONE', #384, #4363, #4427 ) ;
#10734 = VECTOR ( 'NONE', #2136, 1000.000000000000000 ) ;
#10735 = EDGE_CURVE ( 'NONE', #9646, #10984, #218, .T. ) ;
#10736 = CARTESIAN_POINT ( 'NONE',  ( 15.23999999999999666, 0.5080000000000002292, -0.7528818102449945648 ) ) ;
#10737 = ORIENTED_EDGE ( 'NONE', *, *, #4705, .T. ) ;
#10738 = EDGE_CURVE ( 'NONE', #1633, #10551, #12276, .T. ) ;
#10739 = CARTESIAN_POINT ( 'NONE',  ( -5.080000000000004512, 0.5080000000000000071, 0.7528818102449925664 ) ) ;
#10740 = CARTESIAN_POINT ( 'NONE',  ( 1.269999999999996909, 0.000000000000000000, 0.000000000000000000 ) ) ;
#10741 = ORIENTED_EDGE ( 'NONE', *, *, #11900, .F. ) ;
#10742 = CARTESIAN_POINT ( 'NONE',  ( 28.19400000000000617, 2.177422008883992879E-16, -0.8890000000000013447 ) ) ;
#10743 = AXIS2_PLACEMENT_3D ( 'NONE', #780, #8523, #8778 ) ;
#10744 = VECTOR ( 'NONE', #11246, 1000.000000000000000 ) ;
#10745 = EDGE_CURVE ( 'NONE', #9810, #1010, #10314, .T. ) ;
#10746 = CARTESIAN_POINT ( 'NONE',  ( -25.40000000000000568, 3.110602869834277161E-16, -1.270000000000001128 ) ) ;
#10747 = VERTEX_POINT ( 'NONE', #9345 ) ;
#10748 = EDGE_CURVE ( 'NONE', #6068, #8312, #413, .T. ) ;
#10749 = CARTESIAN_POINT ( 'NONE',  ( -3.683000000000005603, 7.810500000000001108, 0.1269999999999965878 ) ) ;
#10750 = ORIENTED_EDGE ( 'NONE', *, *, #4048, .F. ) ;
#10751 = ORIENTED_EDGE ( 'NONE', *, *, #8127, .F. ) ;
#10752 = EDGE_CURVE ( 'NONE', #8408, #7203, #1822, .T. ) ;
#10753 = EDGE_LOOP ( 'NONE', ( #8076, #333, #6521, #2907 ) ) ;
#10754 = VECTOR ( 'NONE', #6517, 1000.000000000000000 ) ;
#10755 = ORIENTED_EDGE ( 'NONE', *, *, #10053, .T. ) ;
#10756 = CARTESIAN_POINT ( 'NONE',  ( -6.731000000000004313, 7.239000000000000767, -0.3810000000000025033 ) ) ;
#10757 = SURFACE_STYLE_USAGE ( .BOTH. , #6917 ) ;
#10758 = ORIENTED_EDGE ( 'NONE', *, *, #3871, .T. ) ;
#10759 = DIRECTION ( 'NONE',  ( 1.000000000000000000, 0.000000000000000000, 0.000000000000000000 ) ) ;
#10760 = LINE ( 'NONE', #12591, #5061 ) ;
#10761 = VERTEX_POINT ( 'NONE', #8798 ) ;
#10762 = DIRECTION ( 'NONE',  ( -0.5773502691896252870, -0.5773502691896251759, -0.5773502691896267303 ) ) ;
#10763 = VECTOR ( 'NONE', #947, 1000.000000000000000 ) ;
#10764 = VECTOR ( 'NONE', #9414, 1000.000000000000000 ) ;
#10765 = ORIENTED_EDGE ( 'NONE', *, *, #7560, .F. ) ;
#10766 = AXIS2_PLACEMENT_3D ( 'NONE', #4250, #9201, #6482 ) ;
#10767 = CARTESIAN_POINT ( 'NONE',  ( -9.715500000000005798, 8.509000000000000341, -0.8255000000000036753 ) ) ;
#10768 = LINE ( 'NONE', #11810, #8837 ) ;
#10769 = VECTOR ( 'NONE', #6545, 1000.000000000000000 ) ;
#10770 = PLANE ( 'NONE',  #11340 ) ;
#10771 = DIRECTION ( 'NONE',  ( -1.000000000000000000, -0.000000000000000000, -0.000000000000000000 ) ) ;
#10772 = VECTOR ( 'NONE', #9463, 1000.000000000000000 ) ;
#10773 = DIRECTION ( 'NONE',  ( 0.000000000000000000, -5.054934237236841843E-31, -1.000000000000000000 ) ) ;
#10774 = EDGE_CURVE ( 'NONE', #6722, #3085, #2683, .T. ) ;
#10775 = PLANE ( 'NONE',  #9433 ) ;
#10776 = LINE ( 'NONE', #6680, #10486 ) ;
#10777 = CARTESIAN_POINT ( 'NONE',  ( 6.730999999999993655, 7.239000000000000767, 0.3809999999999962861 ) ) ;
#10778 = CARTESIAN_POINT ( 'NONE',  ( -20.32000000000000384, 0.5080000000000002292, -0.7528818102449945648 ) ) ;
#10779 = EDGE_CURVE ( 'NONE', #9369, #5313, #2806, .T. ) ;
#10780 = CARTESIAN_POINT ( 'NONE',  ( 2.539999999999996927, -1.925929944387235853E-31, 0.8889999999999991243 ) ) ;
#10781 = LINE ( 'NONE', #1846, #2105 ) ;
#10782 = ORIENTED_EDGE ( 'NONE', *, *, #11847, .T. ) ;
#10783 = LINE ( 'NONE', #9010, #7443 ) ;
#10784 = AXIS2_PLACEMENT_3D ( 'NONE', #4938, #10927, #1992 ) ;
#10785 =( NAMED_UNIT ( * ) PLANE_ANGLE_UNIT ( ) SI_UNIT ( $, .RADIAN. ) );
#10786 = ORIENTED_EDGE ( 'NONE', *, *, #2835, .T. ) ;
#10787 = CARTESIAN_POINT ( 'NONE',  ( 25.39999999999999858, 3.110602869834277161E-16, -1.270000000000001128 ) ) ;
#10788 = ORIENTED_EDGE ( 'NONE', *, *, #11790, .F. ) ;
#10789 = ADVANCED_FACE ( 'NONE', ( #9772 ), #5751, .F. ) ;
#10790 = DIRECTION ( 'NONE',  ( -0.000000000000000000, 1.000000000000000000, 1.733406087350420004E-16 ) ) ;
#10791 = ORIENTED_EDGE ( 'NONE', *, *, #2293, .F. ) ;
#10792 = DIRECTION ( 'NONE',  ( 0.000000000000000000, -0.9659258262890699775, -0.2588190451025145222 ) ) ;
#10793 = PLANE ( 'NONE',  #7829 ) ;
#10794 = PLANE ( 'NONE',  #1938 ) ;
#10795 = VERTEX_POINT ( 'NONE', #2926 ) ;
#10796 = EDGE_CURVE ( 'NONE', #1864, #140, #982, .T. ) ;
#10797 = CARTESIAN_POINT ( 'NONE',  ( 5.079999999999993854, 0.5080000000000002292, -0.7528818102449945648 ) ) ;
#10798 = CLOSED_SHELL ( 'NONE', ( #138, #7264, #8097, #7325, #8651, #12504, #4867, #9742, #2543, #6040, #8711, #11726, #11392, #6080, #10269, #12703, #11633, #7126, #1706 ) ) ;
#10799 = CARTESIAN_POINT ( 'NONE',  ( 33.02000000000000313, 7.239000000000000767, -2.201425730935033664E-16 ) ) ;
#10800 = VECTOR ( 'NONE', #8317, 1000.000000000000114 ) ;
#10801 = ORIENTED_EDGE ( 'NONE', *, *, #2155, .F. ) ;
#10802 = ADVANCED_FACE ( 'NONE', ( #2743 ), #8728, .F. ) ;
#10803 = DIRECTION ( 'NONE',  ( 0.5773502691896253980, 0.5773502691896253980, -0.5773502691896265082 ) ) ;
#10804 = DIRECTION ( 'NONE',  ( 0.000000000000000000, -1.000000000000000000, 0.000000000000000000 ) ) ;
#10805 = VECTOR ( 'NONE', #6284, 1000.000000000000000 ) ;
#10806 = CARTESIAN_POINT ( 'NONE',  ( -21.20900000000000674, 7.239000000000000767, 0.3809999999999962861 ) ) ;
#10807 = ORIENTED_EDGE ( 'NONE', *, *, #8330, .T. ) ;
#10808 = MANIFOLD_SOLID_BREP ( 'LPattern1[19]', #4102 ) ;
#10809 = DIRECTION ( 'NONE',  ( 0.000000000000000000, 1.000000000000000000, 2.449293598294710852E-16 ) ) ;
#10810 = VERTEX_POINT ( 'NONE', #10684 ) ;
#10811 = ORIENTED_EDGE ( 'NONE', *, *, #5188, .T. ) ;
#10812 = CARTESIAN_POINT ( 'NONE',  ( 25.39999999999999858, 8.509000000000000341, -1.270000000000001128 ) ) ;
#10813 = VERTEX_POINT ( 'NONE', #5743 ) ;
#10814 = EDGE_LOOP ( 'NONE', ( #8197, #5066, #4929, #10009 ) ) ;
#10815 = EDGE_CURVE ( 'NONE', #10495, #12387, #12705, .T. ) ;
#10816 = CARTESIAN_POINT ( 'NONE',  ( -9.271000000000004349, 8.064500000000000668, 0.3809999999999964526 ) ) ;
#10817 = DIRECTION ( 'NONE',  ( 0.000000000000000000, -0.7071067811865484609, 0.7071067811865465735 ) ) ;
#10818 = ORIENTED_EDGE ( 'NONE', *, *, #3649, .F. ) ;
#10819 = DIRECTION ( 'NONE',  ( 0.000000000000000000, 0.9659258262890700886, -0.2588190451025140781 ) ) ;
#10820 = ADVANCED_FACE ( 'NONE', ( #1879 ), #3772, .F. ) ;
#10821 = DIRECTION ( 'NONE',  ( 0.5773502691896252870, -0.5773502691896251759, -0.5773502691896267303 ) ) ;
#10822 = ORIENTED_EDGE ( 'NONE', *, *, #9526, .T. ) ;
#10823 = CARTESIAN_POINT ( 'NONE',  ( 10.15999999999999481, 2.177422008883992879E-16, -0.8890000000000013447 ) ) ;
#10824 = VERTEX_POINT ( 'NONE', #9836 ) ;
#10825 = CARTESIAN_POINT ( 'NONE',  ( -10.16000000000000547, 0.5080000000000002292, -0.7528818102449945648 ) ) ;
#10826 = LINE ( 'NONE', #5024, #11739 ) ;
#10827 = ORIENTED_EDGE ( 'NONE', *, *, #2718, .F. ) ;
#10828 = EDGE_CURVE ( 'NONE', #10665, #8364, #8865, .T. ) ;
#10829 = EDGE_CURVE ( 'NONE', #2949, #10956, #11725, .T. ) ;
#10830 = DIRECTION ( 'NONE',  ( -0.5773502691896252870, -0.5773502691896251759, -0.5773502691896267303 ) ) ;
#10831 = EDGE_LOOP ( 'NONE', ( #8070, #5833, #7811, #10616 ) ) ;
#10832 = DIRECTION ( 'NONE',  ( 0.000000000000000000, 2.449293598294710852E-16, -1.000000000000000000 ) ) ;
#10833 = CARTESIAN_POINT ( 'NONE',  ( 0.4444999999999970086, 8.509000000000000341, -0.8255000000000036753 ) ) ;
#10834 = DIRECTION ( 'NONE',  ( -1.000000000000000000, -0.000000000000000000, -0.000000000000000000 ) ) ;
#10835 = CARTESIAN_POINT ( 'NONE',  ( -23.74900000000000588, 8.064500000000000668, 0.3809999999999962861 ) ) ;
#10836 = DIRECTION ( 'NONE',  ( 0.000000000000000000, -0.000000000000000000, 1.000000000000000000 ) ) ;
#10837 = EDGE_LOOP ( 'NONE', ( #10692, #2063, #4989, #7938 ) ) ;
#10838 = DIRECTION ( 'NONE',  ( 0.000000000000000000, -0.9659258262890699775, -0.2588190451025145222 ) ) ;
#10839 = DIRECTION ( 'NONE',  ( 0.000000000000000000, -0.000000000000000000, -1.000000000000000000 ) ) ;
#10840 = VERTEX_POINT ( 'NONE', #4894 ) ;
#10841 = FACE_OUTER_BOUND ( 'NONE', #8869, .T. ) ;
#10842 = VECTOR ( 'NONE', #4297, 1000.000000000000000 ) ;
#10843 = AXIS2_PLACEMENT_3D ( 'NONE', #3065, #8025, #8213 ) ;
#10844 = CARTESIAN_POINT ( 'NONE',  ( -7.620000000000005436, 3.110602869834277161E-16, -1.270000000000001128 ) ) ;
#10845 = ORIENTED_EDGE ( 'NONE', *, *, #10694, .T. ) ;
#10846 = FILL_AREA_STYLE_COLOUR ( '', #12783 ) ;
#10847 = VERTEX_POINT ( 'NONE', #12833 ) ;
#10848 = MANIFOLD_SOLID_BREP ( 'LPattern1[16]', #3681 ) ;
#10849 = CARTESIAN_POINT ( 'NONE',  ( -3.469446951953614189E-15, 0.5080000000000002292, -0.7528818102449945648 ) ) ;
#10850 = VERTEX_POINT ( 'NONE', #9248 ) ;
#10851 = DIRECTION ( 'NONE',  ( 0.000000000000000000, -1.440069553722777130E-16, 1.000000000000000000 ) ) ;
#10852 = CARTESIAN_POINT ( 'NONE',  ( 5.968999999999994976, 7.239000000000000767, 0.3809999999999962861 ) ) ;
#10853 = DIRECTION ( 'NONE',  ( 0.7071067811865475727, -0.7071067811865475727, 0.000000000000000000 ) ) ;
#10854 = VECTOR ( 'NONE', #589, 1000.000000000000000 ) ;
#10855 = CARTESIAN_POINT ( 'NONE',  ( 7.619999999999994778, -1.925929944387235853E-31, 0.8889999999999991243 ) ) ;
#10856 = PLANE ( 'NONE',  #12043 ) ;
#10857 = ORIENTED_EDGE ( 'NONE', *, *, #181, .T. ) ;
#10858 = FACE_OUTER_BOUND ( 'NONE', #6488, .T. ) ;
#10859 = EDGE_CURVE ( 'NONE', #6189, #7326, #5936, .T. ) ;
#10860 = VECTOR ( 'NONE', #10712, 1000.000000000000000 ) ;
#10861 = SURFACE_STYLE_USAGE ( .BOTH. , #2910 ) ;
#10862 = ORIENTED_EDGE ( 'NONE', *, *, #12548, .T. ) ;
#10863 = AXIS2_PLACEMENT_3D ( 'NONE', #8878, #11815, #8817 ) ;
#10864 = LINE ( 'NONE', #10739, #3610 ) ;
#10865 = SHAPE_DEFINITION_REPRESENTATION ( #8468, #9648 ) ;
#10866 = ORIENTED_EDGE ( 'NONE', *, *, #7414, .T. ) ;
#10867 = CARTESIAN_POINT ( 'NONE',  ( 23.74899999999999878, 8.064500000000000668, 0.3809999999999964526 ) ) ;
#10868 = ORIENTED_EDGE ( 'NONE', *, *, #590, .T. ) ;
#10869 = AXIS2_PLACEMENT_3D ( 'NONE', #11369, #5508, #8257 ) ;
#10870 = VECTOR ( 'NONE', #8924, 1000.000000000000000 ) ;
#10871 = EDGE_CURVE ( 'NONE', #1803, #10810, #1037, .T. ) ;
#10872 = VECTOR ( 'NONE', #4249, 1000.000000000000000 ) ;
#10873 = EDGE_LOOP ( 'NONE', ( #2544, #18, #988, #10626 ) ) ;
#10874 = SURFACE_STYLE_USAGE ( .BOTH. , #10552 ) ;
#10875 = AXIS2_PLACEMENT_3D ( 'NONE', #4852, #4733, #1778 ) ;
#10876 = VERTEX_POINT ( 'NONE', #8141 ) ;
#10877 = CARTESIAN_POINT ( 'NONE',  ( 14.35099999999999554, 7.239000000000000767, 0.3809999999999962861 ) ) ;
#10878 = AXIS2_PLACEMENT_3D ( 'NONE', #482, #4666, #2641 ) ;
#10879 = CARTESIAN_POINT ( 'NONE',  ( 16.12899999999999778, 7.239000000000000767, 0.3809999999999962861 ) ) ;
#10880 = ORIENTED_EDGE ( 'NONE', *, *, #12044, .F. ) ;
#10881 = LINE ( 'NONE', #9963, #10870 ) ;
#10882 = FACE_OUTER_BOUND ( 'NONE', #1682, .T. ) ;
#10883 = VERTEX_POINT ( 'NONE', #4107 ) ;
#10884 = FACE_OUTER_BOUND ( 'NONE', #7195, .T. ) ;
#10885 = ORIENTED_EDGE ( 'NONE', *, *, #193, .F. ) ;
#10886 = CARTESIAN_POINT ( 'NONE',  ( -12.70000000000000462, 3.110602869834277161E-16, -1.270000000000001128 ) ) ;
#10887 = VECTOR ( 'NONE', #6479, 1000.000000000000000 ) ;
#10888 = CARTESIAN_POINT ( 'NONE',  ( 5.968999999999994976, 7.239000000000000767, -0.3810000000000025033 ) ) ;
#10889 = ORIENTED_EDGE ( 'NONE', *, *, #3814, .F. ) ;
#10890 = ADVANCED_FACE ( 'NONE', ( #8981 ), #6196, .F. ) ;
#10891 = VECTOR ( 'NONE', #7728, 1000.000000000000000 ) ;
#10892 = ADVANCED_FACE ( 'NONE', ( #3120 ), #6124, .F. ) ;
#10893 = DIRECTION ( 'NONE',  ( 0.000000000000000000, 0.2588190451025145222, -0.9659258262890699775 ) ) ;
#10894 = ORIENTED_EDGE ( 'NONE', *, *, #8088, .T. ) ;
#10895 =( GEOMETRIC_REPRESENTATION_CONTEXT ( 3 ) GLOBAL_UNCERTAINTY_ASSIGNED_CONTEXT ( ( #1956 ) ) GLOBAL_UNIT_ASSIGNED_CONTEXT ( ( #10627, #1641, #10370 ) ) REPRESENTATION_CONTEXT ( 'NONE', 'WORKASPACE' ) );
#10896 = VECTOR ( 'NONE', #12444, 1000.000000000000000 ) ;
#10897 = LINE ( 'NONE', #141, #3786 ) ;
#10898 = CARTESIAN_POINT ( 'NONE',  ( 27.94000000000000128, 0.5080000000000000071, 0.7528818102449925664 ) ) ;
#10899 = DIRECTION ( 'NONE',  ( -1.000000000000000000, 0.000000000000000000, -0.000000000000000000 ) ) ;
#10900 = LINE ( 'NONE', #9134, #3977 ) ;
#10901 = DIRECTION ( 'NONE',  ( 0.000000000000000000, -1.000000000000000000, -1.733406087350420004E-16 ) ) ;
#10902 = EDGE_CURVE ( 'NONE', #2937, #2065, #1231, .T. ) ;
#10903 = ORIENTED_EDGE ( 'NONE', *, *, #325, .F. ) ;
#10904 = CARTESIAN_POINT ( 'NONE',  ( 12.69999999999999574, 8.509000000000000341, 1.270000000000001128 ) ) ;
#10905 = DIRECTION ( 'NONE',  ( 1.000000000000000000, 0.000000000000000000, -0.000000000000000000 ) ) ;
#10906 = VERTEX_POINT ( 'NONE', #5073 ) ;
#10907 = VECTOR ( 'NONE', #97, 1000.000000000000000 ) ;
#10908 = EDGE_CURVE ( 'NONE', #4798, #1157, #3061, .T. ) ;
#10909 = PLANE ( 'NONE',  #10336 ) ;
#10910 = EDGE_CURVE ( 'NONE', #9773, #2787, #4230, .T. ) ;
#10911 = VECTOR ( 'NONE', #4611, 1000.000000000000000 ) ;
#10912 = DIRECTION ( 'NONE',  ( 0.000000000000000000, -1.000000000000000000, 0.000000000000000000 ) ) ;
#10913 = ORIENTED_EDGE ( 'NONE', *, *, #6424, .F. ) ;
#10914 = EDGE_CURVE ( 'NONE', #4320, #5010, #9118, .T. ) ;
#10915 = DIRECTION ( 'NONE',  ( 0.000000000000000000, -2.449293598294710852E-16, 1.000000000000000000 ) ) ;
#10916 = EDGE_CURVE ( 'NONE', #7421, #11889, #8209, .T. ) ;
#10917 = VERTEX_POINT ( 'NONE', #12188 ) ;
#10918 = CARTESIAN_POINT ( 'NONE',  ( -6.731000000000004313, 7.239000000000000767, -0.3810000000000025033 ) ) ;
#10919 = EDGE_LOOP ( 'NONE', ( #249, #12083, #9063, #8091 ) ) ;
#10920 = VECTOR ( 'NONE', #393, 1000.000000000000000 ) ;
#10921 = AXIS2_PLACEMENT_3D ( 'NONE', #8882, #6017, #936 ) ;
#10922 = CARTESIAN_POINT ( 'NONE',  ( 20.31999999999999673, 0.000000000000000000, 1.269999999999998908 ) ) ;
#10923 = VECTOR ( 'NONE', #12355, 1000.000000000000000 ) ;
#10924 = LINE ( 'NONE', #1072, #3008 ) ;
#10925 = DIRECTION ( 'NONE',  ( -0.000000000000000000, 0.000000000000000000, 1.000000000000000000 ) ) ;
#10926 = CARTESIAN_POINT ( 'NONE',  ( 6.730999999999993655, 8.064500000000000668, 0.3809999999999964526 ) ) ;
#10927 = DIRECTION ( 'NONE',  ( -0.000000000000000000, 0.2588190451025140781, 0.9659258262890700886 ) ) ;
#10928 = EDGE_LOOP ( 'NONE', ( #4088, #3715, #5291, #10978 ) ) ;
#10929 = CARTESIAN_POINT ( 'NONE',  ( 28.19400000000000617, 0.000000000000000000, 1.269999999999998908 ) ) ;
#10930 = SURFACE_STYLE_USAGE ( .BOTH. , #9882 ) ;
#10931 = VECTOR ( 'NONE', #7743, 1000.000000000000000 ) ;
#10932 = EDGE_LOOP ( 'NONE', ( #3324, #4828, #2864, #1854 ) ) ;
#10933 = VECTOR ( 'NONE', #5040, 1000.000000000000000 ) ;
#10934 = PLANE ( 'NONE',  #69 ) ;
#10935 = AXIS2_PLACEMENT_3D ( 'NONE', #4842, #12780, #7706 ) ;
#10936 = ORIENTED_EDGE ( 'NONE', *, *, #2794, .F. ) ;
#10937 = CARTESIAN_POINT ( 'NONE',  ( -20.32000000000000384, 0.5080000000000000071, 0.7528818102449925664 ) ) ;
#10938 = FACE_OUTER_BOUND ( 'NONE', #7367, .T. ) ;
#10939 = ADVANCED_FACE ( 'NONE', ( #9054 ), #192, .F. ) ;
#10940 = STYLED_ITEM ( 'NONE', ( #7301 ), #11075 ) ;
#10941 = CARTESIAN_POINT ( 'NONE',  ( -5.080000000000004512, -1.925929944387235853E-31, 0.8889999999999991243 ) ) ;
#10942 = DIRECTION ( 'NONE',  ( 0.000000000000000000, 0.2588190451025145222, -0.9659258262890699775 ) ) ;
#10943 = ORIENTED_EDGE ( 'NONE', *, *, #1935, .T. ) ;
#10944 = VECTOR ( 'NONE', #11175, 1000.000000000000000 ) ;
#10945 = EDGE_CURVE ( 'NONE', #6504, #1793, #1103, .T. ) ;
#10946 = ORIENTED_EDGE ( 'NONE', *, *, #5053, .F. ) ;
#10947 = ORIENTED_EDGE ( 'NONE', *, *, #10262, .F. ) ;
#10948 = CARTESIAN_POINT ( 'NONE',  ( 15.68449999999999633, 8.509000000000000341, -1.270000000000001128 ) ) ;
#10949 = DIRECTION ( 'NONE',  ( 1.000000000000000000, 0.000000000000000000, -0.000000000000000000 ) ) ;
#10950 =( GEOMETRIC_REPRESENTATION_CONTEXT ( 3 ) GLOBAL_UNCERTAINTY_ASSIGNED_CONTEXT ( ( #6589 ) ) GLOBAL_UNIT_ASSIGNED_CONTEXT ( ( #2728, #1805, #7881 ) ) REPRESENTATION_CONTEXT ( 'NONE', 'WORKASPACE' ) );
#10951 = EDGE_CURVE ( 'NONE', #6140, #10761, #7117, .T. ) ;
#10952 = CARTESIAN_POINT ( 'NONE',  ( -21.97100000000000364, 8.064500000000000668, 0.3809999999999964526 ) ) ;
#10953 = EDGE_LOOP ( 'NONE', ( #5283, #6714, #10553, #11968 ) ) ;
#10954 = DIRECTION ( 'NONE',  ( 1.000000000000000000, 0.000000000000000000, 0.000000000000000000 ) ) ;
#10955 = CARTESIAN_POINT ( 'NONE',  ( 12.69999999999999574, 0.000000000000000000, 0.000000000000000000 ) ) ;
#10956 = VERTEX_POINT ( 'NONE', #1171 ) ;
#10957 = DIRECTION ( 'NONE',  ( 0.000000000000000000, -1.000000000000000000, -2.338910953479677683E-16 ) ) ;
#10958 = ORIENTED_EDGE ( 'NONE', *, *, #4128, .F. ) ;
#10959 = CARTESIAN_POINT ( 'NONE',  ( -16.89100000000000179, 7.239000000000000767, -0.3810000000000025033 ) ) ;
#10960 = EDGE_CURVE ( 'NONE', #8932, #12856, #10407, .T. ) ;
#10961 = PRODUCT_DEFINITION_CONTEXT ( 'detailed design', #506, 'design' ) ;
#10962 = AXIS2_PLACEMENT_3D ( 'NONE', #8652, #9695, #5647 ) ;
#10963 = DIRECTION ( 'NONE',  ( 0.000000000000000000, 0.000000000000000000, -1.000000000000000000 ) ) ;
#10964 = VECTOR ( 'NONE', #8270, 1000.000000000000000 ) ;
#10965 = ORIENTED_EDGE ( 'NONE', *, *, #978, .T. ) ;
#10966 = ADVANCED_FACE ( 'NONE', ( #8268 ), #6450, .F. ) ;
#10967 = CARTESIAN_POINT ( 'NONE',  ( -12.70000000000000462, 0.000000000000000000, 1.269999999999998908 ) ) ;
#10968 = ORIENTED_EDGE ( 'NONE', *, *, #2057, .T. ) ;
#10969 = DIRECTION ( 'NONE',  ( 0.000000000000000000, 1.440069553722777130E-16, -1.000000000000000000 ) ) ;
#10970 = PLANE ( 'NONE',  #9650 ) ;
#10971 = LINE ( 'NONE', #9854, #9871 ) ;
#10972 = DIRECTION ( 'NONE',  ( 0.000000000000000000, -1.440069553722777130E-16, 1.000000000000000000 ) ) ;
#10973 = CARTESIAN_POINT ( 'NONE',  ( -14.35100000000000442, 8.064500000000000668, 0.3809999999999964526 ) ) ;
#10974 = DIRECTION ( 'NONE',  ( 0.000000000000000000, -1.000000000000000000, -2.548365665731588345E-16 ) ) ;
#10975 = CARTESIAN_POINT ( 'NONE',  ( 22.85999999999999943, 8.509000000000000341, -0.8255000000000036753 ) ) ;
#10976 = FACE_OUTER_BOUND ( 'NONE', #11730, .T. ) ;
#10977 = EDGE_CURVE ( 'NONE', #2627, #9185, #4487, .T. ) ;
#10978 = ORIENTED_EDGE ( 'NONE', *, *, #34, .T. ) ;
#10979 = LINE ( 'NONE', #8827, #2439 ) ;
#10980 = CARTESIAN_POINT ( 'NONE',  ( -18.66900000000000404, 8.064500000000000668, -0.3810000000000023368 ) ) ;
#10981 = EDGE_CURVE ( 'NONE', #468, #3390, #8643, .T. ) ;
#10982 = ORIENTED_EDGE ( 'NONE', *, *, #3859, .T. ) ;
#10983 = DIRECTION ( 'NONE',  ( 1.000000000000000000, 0.000000000000000000, 0.000000000000000000 ) ) ;
#10984 = VERTEX_POINT ( 'NONE', #4897 ) ;
#10985 = CARTESIAN_POINT ( 'NONE',  ( -3.469446951953614189E-15, -1.925929944387235853E-31, 0.8889999999999991243 ) ) ;
#10986 = CARTESIAN_POINT ( 'NONE',  ( -28.19400000000000617, 0.000000000000000000, 1.269999999999998908 ) ) ;
#10987 = LINE ( 'NONE', #6100, #8585 ) ;
#10988 = CARTESIAN_POINT ( 'NONE',  ( 7.619999999999994778, -1.925929944387235853E-31, 0.8889999999999991243 ) ) ;
#10989 = CARTESIAN_POINT ( 'NONE',  ( -11.30300000000000793, 7.810500000000001108, 0.1269999999999965878 ) ) ;
#10990 = ORIENTED_EDGE ( 'NONE', *, *, #5774, .F. ) ;
#10991 =( REPRESENTATION_RELATIONSHIP ('NONE','NONE', #7825, #3815 ) REPRESENTATION_RELATIONSHIP_WITH_TRANSFORMATION ( #6311 )SHAPE_REPRESENTATION_RELATIONSHIP( ) );
#10992 = DIRECTION ( 'NONE',  ( 0.000000000000000000, 0.000000000000000000, -1.000000000000000000 ) ) ;
#10993 = PLANE ( 'NONE',  #8215 ) ;
#10994 = ORIENTED_EDGE ( 'NONE', *, *, #7055, .T. ) ;
#10995 = DIRECTION ( 'NONE',  ( 1.000000000000000000, 0.000000000000000000, 0.000000000000000000 ) ) ;
#10996 = EDGE_CURVE ( 'NONE', #259, #6730, #52, .T. ) ;
#10997 = ORIENTED_EDGE ( 'NONE', *, *, #1762, .F. ) ;
#10998 = FACE_OUTER_BOUND ( 'NONE', #10837, .T. ) ;
#10999 = DIRECTION ( 'NONE',  ( 0.000000000000000000, 0.2588190451025145222, -0.9659258262890699775 ) ) ;
#11000 = CARTESIAN_POINT ( 'NONE',  ( 27.94000000000000128, 3.110602869834277161E-16, -1.270000000000001128 ) ) ;
#11001 = LINE ( 'NONE', #9110, #1876 ) ;
#11002 = VERTEX_POINT ( 'NONE', #11261 ) ;
#11003 = VERTEX_POINT ( 'NONE', #5211 ) ;
#11004 = ORIENTED_EDGE ( 'NONE', *, *, #1704, .T. ) ;
#11005 = CARTESIAN_POINT ( 'NONE',  ( 4.635499999999994181, 8.509000000000000341, -1.270000000000001128 ) ) ;
#11006 = CARTESIAN_POINT ( 'NONE',  ( 13.58899999999999686, 8.064500000000000668, 0.3809999999999964526 ) ) ;
#11007 =( NAMED_UNIT ( * ) PLANE_ANGLE_UNIT ( ) SI_UNIT ( $, .RADIAN. ) );
#11008 = DIRECTION ( 'NONE',  ( 0.000000000000000000, -0.9659258262890699775, -0.2588190451025145222 ) ) ;
#11009 = ORIENTED_EDGE ( 'NONE', *, *, #5057, .F. ) ;
#11010 = CARTESIAN_POINT ( 'NONE',  ( -10.16000000000000547, 0.5080000000000002292, -0.7528818102449945648 ) ) ;
#11011 = PLANE ( 'NONE',  #4844 ) ;
#11012 = CARTESIAN_POINT ( 'NONE',  ( 19.43099999999999739, 8.064500000000000668, 0.3809999999999962861 ) ) ;
#11013 = ORIENTED_EDGE ( 'NONE', *, *, #11051, .F. ) ;
#11014 = DIRECTION ( 'NONE',  ( 0.000000000000000000, -0.9659258262890699775, -0.2588190451025145222 ) ) ;
#11015 = ORIENTED_EDGE ( 'NONE', *, *, #12708, .F. ) ;
#11016 = CARTESIAN_POINT ( 'NONE',  ( -4.191000000000003389, 7.239000000000000767, -0.3810000000000025033 ) ) ;
#11017 = CARTESIAN_POINT ( 'NONE',  ( -13.58900000000000574, 8.064500000000000668, 0.3809999999999962861 ) ) ;
#11018 = ORIENTED_EDGE ( 'NONE', *, *, #556, .T. ) ;
#11019 = EDGE_CURVE ( 'NONE', #1539, #3440, #9179, .T. ) ;
#11020 = CARTESIAN_POINT ( 'NONE',  ( -27.94000000000000483, 0.000000000000000000, 0.000000000000000000 ) ) ;
#11021 = ORIENTED_EDGE ( 'NONE', *, *, #3372, .T. ) ;
#11022 = FACE_OUTER_BOUND ( 'NONE', #4167, .T. ) ;
#11023 = DIRECTION ( 'NONE',  ( -1.000000000000000000, -0.000000000000000000, -0.000000000000000000 ) ) ;
#11024 = CARTESIAN_POINT ( 'NONE',  ( 2.539999999999996927, 2.177422008883992879E-16, -0.8890000000000013447 ) ) ;
#11025 = CARTESIAN_POINT ( 'NONE',  ( -7.620000000000005436, -1.925929944387235853E-31, 0.8889999999999991243 ) ) ;
#11026 = FACE_OUTER_BOUND ( 'NONE', #11038, .T. ) ;
#11027 = PLANE ( 'NONE',  #4619 ) ;
#11028 = EDGE_LOOP ( 'NONE', ( #1503, #12438, #6529, #1838, #4237, #2348, #874, #3550 ) ) ;
#11029 = DIRECTION ( 'NONE',  ( 0.000000000000000000, 1.000000000000000000, 0.000000000000000000 ) ) ;
#11030 = CARTESIAN_POINT ( 'NONE',  ( 18.66899999999999693, 7.239000000000000767, 0.3809999999999962861 ) ) ;
#11031 = EDGE_CURVE ( 'NONE', #6722, #7847, #3257, .T. ) ;
#11032 = DIRECTION ( 'NONE',  ( 0.000000000000000000, -0.000000000000000000, -1.000000000000000000 ) ) ;
#11033 = FILL_AREA_STYLE_COLOUR ( '', #3226 ) ;
#11034 = PRESENTATION_LAYER_ASSIGNMENT (  '', '', ( #3127 ) ) ;
#11035 = CARTESIAN_POINT ( 'NONE',  ( 8.508999999999995012, 7.239000000000000767, -0.3810000000000025033 ) ) ;
#11036 = ORIENTED_EDGE ( 'NONE', *, *, #10392, .T. ) ;
#11037 = DIRECTION ( 'NONE',  ( 0.000000000000000000, -0.000000000000000000, -1.000000000000000000 ) ) ;
#11038 = EDGE_LOOP ( 'NONE', ( #8713, #11585, #2613, #4963 ) ) ;
#11039 = CARTESIAN_POINT ( 'NONE',  ( 16.12899999999999778, 7.239000000000000767, 0.3809999999999962861 ) ) ;
#11040 = PLANE ( 'NONE',  #6142 ) ;
#11041 = CARTESIAN_POINT ( 'NONE',  ( 5.079999999999993854, 2.177422008883992879E-16, -0.8890000000000013447 ) ) ;
#11042 = CARTESIAN_POINT ( 'NONE',  ( 25.39999999999999858, 0.000000000000000000, 0.000000000000000000 ) ) ;
#11043 = DIRECTION ( 'NONE',  ( 0.000000000000000000, 0.000000000000000000, -1.000000000000000000 ) ) ;
#11044 = DIRECTION ( 'NONE',  ( 0.000000000000000000, -1.000000000000000000, 0.000000000000000000 ) ) ;
#11045 = ORIENTED_EDGE ( 'NONE', *, *, #7491, .T. ) ;
#11046 = VECTOR ( 'NONE', #9900, 1000.000000000000000 ) ;
#11047 = DIRECTION ( 'NONE',  ( 1.000000000000000000, 0.000000000000000000, 0.000000000000000000 ) ) ;
#11048 = DIRECTION ( 'NONE',  ( -1.000000000000000000, -0.000000000000000000, -0.000000000000000000 ) ) ;
#11049 = ORIENTED_EDGE ( 'NONE', *, *, #4576, .T. ) ;
#11050 = CARTESIAN_POINT ( 'NONE',  ( 8.508999999999995012, 8.064500000000000668, 0.3809999999999962861 ) ) ;
#11051 = EDGE_CURVE ( 'NONE', #2285, #10017, #5281, .T. ) ;
#11052 = VECTOR ( 'NONE', #12823, 1000.000000000000000 ) ;
#11053 = CARTESIAN_POINT ( 'NONE',  ( 12.69999999999999574, 3.110602869834277161E-16, -1.270000000000001128 ) ) ;
#11054 = DIRECTION ( 'NONE',  ( 1.000000000000000000, 0.000000000000000000, -0.000000000000000000 ) ) ;
#11055 = VERTEX_POINT ( 'NONE', #4301 ) ;
#11056 = CARTESIAN_POINT ( 'NONE',  ( -2.540000000000004032, 8.509000000000000341, -1.270000000000001128 ) ) ;
#11057 = ORIENTED_EDGE ( 'NONE', *, *, #7926, .F. ) ;
#11058 = EDGE_CURVE ( 'NONE', #11535, #9262, #12251, .T. ) ;
#11059 = EDGE_CURVE ( 'NONE', #9254, #5775, #8909, .T. ) ;
#11060 = EDGE_CURVE ( 'NONE', #4873, #7356, #9705, .T. ) ;
#11061 = VECTOR ( 'NONE', #3034, 999.9999999999998863 ) ;
#11062 = ORIENTED_EDGE ( 'NONE', *, *, #1893, .F. ) ;
#11063 = FACE_OUTER_BOUND ( 'NONE', #2151, .T. ) ;
#11064 = LINE ( 'NONE', #11918, #326 ) ;
#11065 = LINE ( 'NONE', #10147, #10631 ) ;
#11066 = CARTESIAN_POINT ( 'NONE',  ( -2.540000000000004032, 8.509000000000000341, -1.270000000000001128 ) ) ;
#11068 = EDGE_CURVE ( 'NONE', #1370, #10230, #11714, .T. ) ;
#11067 = ORIENTED_EDGE ( 'NONE', *, *, #5403, .T. ) ;
#11069 = AXIS2_PLACEMENT_3D ( 'NONE', #343, #12461, #6414 ) ;
#11070 = CARTESIAN_POINT ( 'NONE',  ( 20.31999999999999673, 3.110602869834277161E-16, -1.270000000000001128 ) ) ;
#11071 = LINE ( 'NONE', #8925, #8756 ) ;
#11072 = ORIENTED_EDGE ( 'NONE', *, *, #4219, .F. ) ;
#11073 = EDGE_CURVE ( 'NONE', #10473, #2895, #10004, .T. ) ;
#11074 = CARTESIAN_POINT ( 'NONE',  ( -22.86000000000000654, 8.509000000000000341, -1.270000000000001128 ) ) ;
#11075 = ADVANCED_BREP_SHAPE_REPRESENTATION ( '', ( #10434, #1564 ), #5949 ) ;
#11076 = ORIENTED_EDGE ( 'NONE', *, *, #10102, .T. ) ;
#11077 = LINE ( 'NONE', #12128, #3877 ) ;
#11078 = LINE ( 'NONE', #8095, #1341 ) ;
#11079 = EDGE_LOOP ( 'NONE', ( #4997, #11727, #6650, #7546 ) ) ;
#11080 = VECTOR ( 'NONE', #2487, 1000.000000000000000 ) ;
#11081 = CARTESIAN_POINT ( 'NONE',  ( 50.80000000000000426, 7.239000000000000767, -2.201425730935033664E-16 ) ) ;
#11082 = ORIENTED_EDGE ( 'NONE', *, *, #12063, .T. ) ;
#11083 = DIRECTION ( 'NONE',  ( -1.000000000000000000, -0.000000000000000000, -0.000000000000000000 ) ) ;
#11084 = FACE_OUTER_BOUND ( 'NONE', #550, .T. ) ;
#11085 = ADVANCED_FACE ( 'NONE', ( #10938 ), #4217, .F. ) ;
#11086 = FACE_OUTER_BOUND ( 'NONE', #7347, .T. ) ;
#11087 = CARTESIAN_POINT ( 'NONE',  ( 21.20899999999999963, 7.239000000000000767, 0.3809999999999962861 ) ) ;
#11088 = AXIS2_PLACEMENT_3D ( 'NONE', #9292, #8252, #9094 ) ;
#11089 = DIRECTION ( 'NONE',  ( 0.000000000000000000, 0.000000000000000000, 1.000000000000000000 ) ) ;
#11090 = LINE ( 'NONE', #4123, #1473 ) ;
#11091 = ORIENTED_EDGE ( 'NONE', *, *, #6542, .F. ) ;
#11092 = LINE ( 'NONE', #9138, #2463 ) ;
#11093 = LINE ( 'NONE', #9082, #871 ) ;
#11094 = DIRECTION ( 'NONE',  ( -0.5773502691896252870, -0.5773502691896251759, -0.5773502691896267303 ) ) ;
#11095 = ORIENTED_EDGE ( 'NONE', *, *, #11288, .T. ) ;
#11096 = LINE ( 'NONE', #4189, #1187 ) ;
#11097 = DIRECTION ( 'NONE',  ( 0.000000000000000000, 0.9659258262890699775, 0.2588190451025145222 ) ) ;
#11098 = VECTOR ( 'NONE', #6423, 1000.000000000000000 ) ;
#11099 = VECTOR ( 'NONE', #6416, 1000.000000000000000 ) ;
#11100 = DIRECTION ( 'NONE',  ( 0.000000000000000000, 1.000000000000000000, 2.548365665731588345E-16 ) ) ;
#11101 = DIRECTION ( 'NONE',  ( -1.000000000000000000, 0.000000000000000000, 0.000000000000000000 ) ) ;
#11102 = VERTEX_POINT ( 'NONE', #5137 ) ;
#11103 = CARTESIAN_POINT ( 'NONE',  ( -7.620000000000005436, 3.110602869834277161E-16, -1.270000000000001128 ) ) ;
#11104 = EDGE_CURVE ( 'NONE', #5365, #11849, #1087, .T. ) ;
#11105 = EDGE_LOOP ( 'NONE', ( #939, #1271, #9966, #3492 ) ) ;
#11106 = EDGE_CURVE ( 'NONE', #6484, #12127, #7107, .T. ) ;
#11107 = EDGE_CURVE ( 'NONE', #903, #6693, #10076, .T. ) ;
#11108 = FACE_OUTER_BOUND ( 'NONE', #1089, .T. ) ;
#11109 = DIRECTION ( 'NONE',  ( 0.000000000000000000, 0.000000000000000000, -1.000000000000000000 ) ) ;
#11110 = CARTESIAN_POINT ( 'NONE',  ( 21.20899999999999963, 8.064500000000000668, -0.3810000000000023368 ) ) ;
#11111 = DIRECTION ( 'NONE',  ( 0.000000000000000000, 0.9659258262890700886, -0.2588190451025140781 ) ) ;
#11112 = CARTESIAN_POINT ( 'NONE',  ( 27.49549999999999983, 8.509000000000000341, 0.8254999999999981242 ) ) ;
#11113 = FACE_OUTER_BOUND ( 'NONE', #4150, .T. ) ;
#11114 = ORIENTED_EDGE ( 'NONE', *, *, #8200, .T. ) ;
#11115 = AXIS2_PLACEMENT_3D ( 'NONE', #1084, #4212, #3167 ) ;
#11116 = LINE ( 'NONE', #8902, #8467 ) ;
#11117 = EDGE_CURVE ( 'NONE', #8478, #11796, #1282, .T. ) ;
#11118 =( LENGTH_UNIT ( ) NAMED_UNIT ( * ) SI_UNIT ( .MILLI., .METRE. ) );
#11119 = ORIENTED_EDGE ( 'NONE', *, *, #7798, .F. ) ;
#11120 = FACE_OUTER_BOUND ( 'NONE', #3125, .T. ) ;
#11121 = ORIENTED_EDGE ( 'NONE', *, *, #1590, .F. ) ;
#11122 = AXIS2_PLACEMENT_3D ( 'NONE', #5682, #2630, #1698 ) ;
#11123 = VECTOR ( 'NONE', #12538, 1000.000000000000000 ) ;
#11124 = VECTOR ( 'NONE', #12125, 1000.000000000000000 ) ;
#11125 = VECTOR ( 'NONE', #11048, 1000.000000000000000 ) ;
#11126 = CARTESIAN_POINT ( 'NONE',  ( -20.32000000000000384, -1.925929944387235853E-31, 0.8889999999999991243 ) ) ;
#11127 = PLANE ( 'NONE',  #12607 ) ;
#11128 = ORIENTED_EDGE ( 'NONE', *, *, #1566, .F. ) ;
#11129 = PRESENTATION_STYLE_ASSIGNMENT (( #6048 ) ) ;
#11130 = ORIENTED_EDGE ( 'NONE', *, *, #2681, .F. ) ;
#11131 = MECHANICAL_DESIGN_GEOMETRIC_PRESENTATION_REPRESENTATION (  '', ( #8014 ), #4267 ) ;
#11132 = AXIS2_PLACEMENT_3D ( 'NONE', #12572, #1678, #3638 ) ;
#11133 = AXIS2_PLACEMENT_3D ( 'NONE', #569, #5386, #8448 ) ;
#11134 = ORIENTED_EDGE ( 'NONE', *, *, #6204, .F. ) ;
#11135 = PLANE ( 'NONE',  #3853 ) ;
#11136 = DIRECTION ( 'NONE',  ( 0.000000000000000000, 0.000000000000000000, 1.000000000000000000 ) ) ;
#11137 = ADVANCED_FACE ( 'NONE', ( #3243 ), #5062, .F. ) ;
#11138 =( GEOMETRIC_REPRESENTATION_CONTEXT ( 3 ) GLOBAL_UNCERTAINTY_ASSIGNED_CONTEXT ( ( #4497 ) ) GLOBAL_UNIT_ASSIGNED_CONTEXT ( ( #4960, #3058, #6915 ) ) REPRESENTATION_CONTEXT ( 'NONE', 'WORKASPACE' ) );
#11139 = EDGE_CURVE ( 'NONE', #11984, #6384, #5266, .T. ) ;
#11140 = MECHANICAL_DESIGN_GEOMETRIC_PRESENTATION_REPRESENTATION (  '', ( #11554 ), #5939 ) ;
#11141 = FACE_OUTER_BOUND ( 'NONE', #12456, .T. ) ;
#11142 = DIRECTION ( 'NONE',  ( 0.000000000000000000, 0.000000000000000000, 1.000000000000000000 ) ) ;
#11143 = ORIENTED_EDGE ( 'NONE', *, *, #1032, .T. ) ;
#11144 = LINE ( 'NONE', #4235, #11124 ) ;
#11145 = EDGE_CURVE ( 'NONE', #6885, #7838, #1159, .T. ) ;
#11146 = ADVANCED_FACE ( 'NONE', ( #309 ), #6115, .F. ) ;
#11147 = ORIENTED_EDGE ( 'NONE', *, *, #7710, .T. ) ;
#11148 = VERTEX_POINT ( 'NONE', #12046 ) ;
#11149 = DIRECTION ( 'NONE',  ( 0.000000000000000000, -2.449293598294710852E-16, 1.000000000000000000 ) ) ;
#11150 = AXIS2_PLACEMENT_3D ( 'NONE', #4090, #10071, #11843 ) ;
#11151 = ORIENTED_EDGE ( 'NONE', *, *, #11832, .T. ) ;
#11152 = AXIS2_PLACEMENT_3D ( 'NONE', #9108, #11054, #2262 ) ;
#11153 = EDGE_LOOP ( 'NONE', ( #7996, #11799, #706, #12452 ) ) ;
#11154 = DIRECTION ( 'NONE',  ( -1.000000000000000000, -0.000000000000000000, -0.000000000000000000 ) ) ;
#11155 = ORIENTED_EDGE ( 'NONE', *, *, #10544, .F. ) ;
#11156 = PLANE ( 'NONE',  #2119 ) ;
#11157 = AXIS2_PLACEMENT_3D ( 'NONE', #8715, #3566, #4759 ) ;
#11158 = CARTESIAN_POINT ( 'NONE',  ( -10.60450000000000692, 8.509000000000000341, -0.8255000000000036753 ) ) ;
#11159 = CARTESIAN_POINT ( 'NONE',  ( -12.70000000000000639, 0.5080000000000000071, 0.7528818102449925664 ) ) ;
#11160 = LINE ( 'NONE', #1967, #10030 ) ;
#11161 = CARTESIAN_POINT ( 'NONE',  ( -2.540000000000004032, 0.5080000000000002292, -0.7528818102449945648 ) ) ;
#11162 = DIRECTION ( 'NONE',  ( 0.000000000000000000, 0.000000000000000000, 1.000000000000000000 ) ) ;
#11163 = ORIENTED_EDGE ( 'NONE', *, *, #12221, .T. ) ;
#11164 = CARTESIAN_POINT ( 'NONE',  ( -12.70000000000000462, 8.509000000000000341, 1.270000000000001128 ) ) ;
#11165 = PLANE ( 'NONE',  #4634 ) ;
#11166 = SURFACE_SIDE_STYLE ('',( #5176 ) ) ;
#11167 = ORIENTED_EDGE ( 'NONE', *, *, #5076, .F. ) ;
#11168 = FACE_OUTER_BOUND ( 'NONE', #10669, .T. ) ;
#11169 = AXIS2_PLACEMENT_3D ( 'NONE', #9812, #2783, #8577 ) ;
#11170 = DIRECTION ( 'NONE',  ( 0.000000000000000000, -0.9659258262890700886, 0.2588190451025140781 ) ) ;
#11171 = EDGE_LOOP ( 'NONE', ( #7111, #6333, #11939, #2679 ) ) ;
#11172 = FACE_OUTER_BOUND ( 'NONE', #7661, .T. ) ;
#11173 = ADVANCED_FACE ( 'NONE', ( #5991 ), #11127, .F. ) ;
#11174 = PLANE ( 'NONE',  #1720 ) ;
#11175 = DIRECTION ( 'NONE',  ( 1.000000000000000000, 0.000000000000000000, 0.000000000000000000 ) ) ;
#11176 = CARTESIAN_POINT ( 'NONE',  ( -12.70000000000000462, 2.177422008883992879E-16, -0.8890000000000013447 ) ) ;
#11177 = DIRECTION ( 'NONE',  ( 0.000000000000000000, 0.2588190451025145222, -0.9659258262890699775 ) ) ;
#11178 = DIRECTION ( 'NONE',  ( -0.3420201433256659929, 0.9396926207859094271, 1.098928681830094149E-16 ) ) ;
#11179 = CARTESIAN_POINT ( 'NONE',  ( 10.15999999999999481, 8.509000000000000341, 1.270000000000001128 ) ) ;
#11180 = EDGE_LOOP ( 'NONE', ( #3756, #1373, #11209, #9592 ) ) ;
#11181 = AXIS2_PLACEMENT_3D ( 'NONE', #3233, #3355, #424 ) ;
#11182 = LINE ( 'NONE', #6752, #7642 ) ;
#11183 = VECTOR ( 'NONE', #1439, 1000.000000000000000 ) ;
#11184 = EDGE_LOOP ( 'NONE', ( #3382, #6210, #12518, #7448 ) ) ;
#11185 = LINE ( 'NONE', #6241, #7783 ) ;
#11186 = ORIENTED_EDGE ( 'NONE', *, *, #2111, .F. ) ;
#11187 = DIRECTION ( 'NONE',  ( 0.000000000000000000, 0.000000000000000000, -1.000000000000000000 ) ) ;
#11188 = VECTOR ( 'NONE', #4735, 1000.000000000000000 ) ;
#11189 = AXIS2_PLACEMENT_3D ( 'NONE', #8678, #8541, #4522 ) ;
#11190 = CARTESIAN_POINT ( 'NONE',  ( 10.15999999999999481, 3.110602869834277161E-16, -1.270000000000001128 ) ) ;
#11191 = LINE ( 'NONE', #5334, #8670 ) ;
#11192 = ADVANCED_FACE ( 'NONE', ( #2201 ), #10195, .F. ) ;
#11193 = ORIENTED_EDGE ( 'NONE', *, *, #7531, .T. ) ;
#11194 = PLANE ( 'NONE',  #7109 ) ;
#11195 = VERTEX_POINT ( 'NONE', #7239 ) ;
#11196 = VECTOR ( 'NONE', #7764, 1000.000000000000000 ) ;
#11197 = ORIENTED_EDGE ( 'NONE', *, *, #3177, .F. ) ;
#11198 =( NAMED_UNIT ( * ) SI_UNIT ( $, .STERADIAN. ) SOLID_ANGLE_UNIT ( ) );
#11199 = CARTESIAN_POINT ( 'NONE',  ( -13.14450000000000429, 8.509000000000000341, -1.270000000000001128 ) ) ;
#11200 =( NAMED_UNIT ( * ) SI_UNIT ( $, .STERADIAN. ) SOLID_ANGLE_UNIT ( ) );
#11201 = DIRECTION ( 'NONE',  ( -0.000000000000000000, 1.000000000000000000, 1.733406087350420004E-16 ) ) ;
#11202 = CARTESIAN_POINT ( 'NONE',  ( 13.58899999999999686, 7.239000000000000767, 0.3809999999999962861 ) ) ;
#11203 = ORIENTED_EDGE ( 'NONE', *, *, #9558, .F. ) ;
#11204 = FILL_AREA_STYLE_COLOUR ( '', #7192 ) ;
#11205 = ORIENTED_EDGE ( 'NONE', *, *, #683, .T. ) ;
#11206 = ORIENTED_EDGE ( 'NONE', *, *, #10262, .T. ) ;
#11207 = CARTESIAN_POINT ( 'NONE',  ( 10.15999999999999481, 8.509000000000000341, 1.270000000000001128 ) ) ;
#11208 = ORIENTED_EDGE ( 'NONE', *, *, #4718, .F. ) ;
#11209 = ORIENTED_EDGE ( 'NONE', *, *, #1572, .T. ) ;
#11210 = EDGE_CURVE ( 'NONE', #9258, #6978, #8074, .T. ) ;
#11211 = CARTESIAN_POINT ( 'NONE',  ( 7.619999999999994778, 0.5080000000000000071, 0.7528818102449925664 ) ) ;
#11212 = ORIENTED_EDGE ( 'NONE', *, *, #1097, .T. ) ;
#11213 = DIRECTION ( 'NONE',  ( -1.000000000000000000, -0.000000000000000000, -0.000000000000000000 ) ) ;
#11214 = LINE ( 'NONE', #9132, #11306 ) ;
#11215 = ORIENTED_EDGE ( 'NONE', *, *, #8193, .T. ) ;
#11216 = DIRECTION ( 'NONE',  ( -0.000000000000000000, 0.000000000000000000, 1.000000000000000000 ) ) ;
#11217 = DIRECTION ( 'NONE',  ( -1.000000000000000000, 0.000000000000000000, 0.000000000000000000 ) ) ;
#11218 = LINE ( 'NONE', #6278, #5771 ) ;
#11219 = ORIENTED_EDGE ( 'NONE', *, *, #8232, .F. ) ;
#11220 = FACE_OUTER_BOUND ( 'NONE', #7627, .T. ) ;
#11221 = LINE ( 'NONE', #10308, #12130 ) ;
#11222 = DIRECTION ( 'NONE',  ( 0.000000000000000000, 5.054934237236841843E-31, 1.000000000000000000 ) ) ;
#11223 = ADVANCED_FACE ( 'NONE', ( #4154 ), #8131, .F. ) ;
#11224 = ORIENTED_EDGE ( 'NONE', *, *, #3403, .F. ) ;
#11225 = EDGE_CURVE ( 'NONE', #10419, #2995, #1535, .T. ) ;
#11226 = LINE ( 'NONE', #9144, #4498 ) ;
#11227 = EDGE_CURVE ( 'NONE', #6571, #688, #9306, .T. ) ;
#11228 = ORIENTED_EDGE ( 'NONE', *, *, #3220, .T. ) ;
#11229 = DIRECTION ( 'NONE',  ( 0.000000000000000000, 0.9659258262890700886, -0.2588190451025140781 ) ) ;
#11230 = EDGE_CURVE ( 'NONE', #4047, #2351, #5451, .T. ) ;
#11231 = DIRECTION ( 'NONE',  ( 0.000000000000000000, -0.000000000000000000, -1.000000000000000000 ) ) ;
#11232 = PLANE ( 'NONE',  #12173 ) ;
#11233 = DIRECTION ( 'NONE',  ( -0.5773502691896253980, 0.5773502691896253980, -0.5773502691896265082 ) ) ;
#11234 = DIRECTION ( 'NONE',  ( 0.000000000000000000, -0.9659258262890699775, -0.2588190451025145222 ) ) ;
#11235 = FACE_OUTER_BOUND ( 'NONE', #9475, .T. ) ;
#11236 = CARTESIAN_POINT ( 'NONE',  ( -7.620000000000005436, 2.177422008883992879E-16, -0.8890000000000013447 ) ) ;
#11237 = VERTEX_POINT ( 'NONE', #2465 ) ;
#11238 = EDGE_CURVE ( 'NONE', #7836, #943, #7482, .T. ) ;
#11239 = DIRECTION ( 'NONE',  ( 0.000000000000000000, 0.9659258262890700886, -0.2588190451025140781 ) ) ;
#11240 = CARTESIAN_POINT ( 'NONE',  ( -28.19400000000000617, 0.5080000000000000071, 0.7528818102449925664 ) ) ;
#11241 = ORIENTED_EDGE ( 'NONE', *, *, #1975, .T. ) ;
#11242 = LINE ( 'NONE', #5388, #4874 ) ;
#11243 = ORIENTED_EDGE ( 'NONE', *, *, #64, .T. ) ;
#11244 = PLANE ( 'NONE',  #10644 ) ;
#11245 = LINE ( 'NONE', #8328, #5538 ) ;
#11246 = DIRECTION ( 'NONE',  ( 0.000000000000000000, 0.000000000000000000, 1.000000000000000000 ) ) ;
#11247 = VECTOR ( 'NONE', #8970, 999.9999999999998863 ) ;
#11248 = ORIENTED_EDGE ( 'NONE', *, *, #10069, .F. ) ;
#11249 = DIRECTION ( 'NONE',  ( 0.000000000000000000, -0.9659258262890699775, -0.2588190451025145222 ) ) ;
#11250 = ORIENTED_EDGE ( 'NONE', *, *, #10709, .F. ) ;
#11251 = EDGE_CURVE ( 'NONE', #11467, #11405, #7352, .T. ) ;
#11252 = ORIENTED_EDGE ( 'NONE', *, *, #3569, .T. ) ;
#11253 = CARTESIAN_POINT ( 'NONE',  ( -20.32000000000000384, 0.000000000000000000, 1.269999999999998908 ) ) ;
#11254 = EDGE_CURVE ( 'NONE', #2084, #9714, #11245, .T. ) ;
#11255 = ORIENTED_EDGE ( 'NONE', *, *, #9089, .T. ) ;
#11256 = EDGE_CURVE ( 'NONE', #468, #6687, #634, .T. ) ;
#11257 = AXIS2_PLACEMENT_3D ( 'NONE', #7136, #3082, #8043 ) ;
#11258 = CARTESIAN_POINT ( 'NONE',  ( 2.539999999999996927, 0.5080000000000000071, 0.7528818102449925664 ) ) ;
#11259 = PLANE ( 'NONE',  #10422 ) ;
#11260 = PRODUCT ( 'Pin - Gold', 'Pin - Gold', '', ( #2055 ) ) ;
#11261 = CARTESIAN_POINT ( 'NONE',  ( 2.539999999999996927, 8.509000000000000341, 1.270000000000001128 ) ) ;
#11262 = ADVANCED_FACE ( 'NONE', ( #8269 ), #435, .F. ) ;
#11263 = DIRECTION ( 'NONE',  ( -0.000000000000000000, 0.2588190451025140781, 0.9659258262890700886 ) ) ;
#11264 = ORIENTED_EDGE ( 'NONE', *, *, #7611, .T. ) ;
#11265 = LINE ( 'NONE', #6332, #9281 ) ;
#11266 = VECTOR ( 'NONE', #7742, 1000.000000000000114 ) ;
#11267 = ORIENTED_EDGE ( 'NONE', *, *, #2742, .F. ) ;
#11268 = EDGE_LOOP ( 'NONE', ( #8040, #1672, #11896, #945 ) ) ;
#11269 = DIRECTION ( 'NONE',  ( -1.000000000000000000, -0.000000000000000000, -0.000000000000000000 ) ) ;
#11270 = VERTEX_POINT ( 'NONE', #8511 ) ;
#11271 = EDGE_CURVE ( 'NONE', #12761, #8971, #3554, .T. ) ;
#11272 = VERTEX_POINT ( 'NONE', #11384 ) ;
#11273 = VECTOR ( 'NONE', #10832, 1000.000000000000000 ) ;
#11274 = LINE ( 'NONE', #4578, #9696 ) ;
#11275 = ORIENTED_EDGE ( 'NONE', *, *, #2939, .T. ) ;
#11276 = CARTESIAN_POINT ( 'NONE',  ( 16.12899999999999778, 8.064500000000000668, -0.3810000000000023368 ) ) ;
#11277 = DIRECTION ( 'NONE',  ( -0.000000000000000000, 0.000000000000000000, -1.000000000000000000 ) ) ;
#11278 = ORIENTED_EDGE ( 'NONE', *, *, #12176, .T. ) ;
#11279 = DIRECTION ( 'NONE',  ( 0.7071067811865475727, -0.7071067811865475727, 0.000000000000000000 ) ) ;
#11280 = CARTESIAN_POINT ( 'NONE',  ( 20.31999999999999673, 8.509000000000000341, 0.8254999999999981242 ) ) ;
#11281 = CARTESIAN_POINT ( 'NONE',  ( -7.620000000000005436, 0.5080000000000002292, -0.7528818102449945648 ) ) ;
#11282 = EDGE_LOOP ( 'NONE', ( #2841, #5583, #1829, #3691 ) ) ;
#11283 = CARTESIAN_POINT ( 'NONE',  ( 27.94000000000000483, 8.509000000000000341, 1.270000000000001128 ) ) ;
#11284 = DIRECTION ( 'NONE',  ( 0.000000000000000000, 5.054934237236841843E-31, 1.000000000000000000 ) ) ;
#11285 = CARTESIAN_POINT ( 'NONE',  ( -3.469446951953614189E-15, 3.110602869834277161E-16, -1.270000000000001128 ) ) ;
#11286 = AXIS2_PLACEMENT_3D ( 'NONE', #6301, #11431, #7408 ) ;
#11287 = VECTOR ( 'NONE', #6386, 1000.000000000000114 ) ;
#11288 = EDGE_CURVE ( 'NONE', #12327, #11670, #12494, .T. ) ;
#11289 = FACE_OUTER_BOUND ( 'NONE', #2935, .T. ) ;
#11290 = ORIENTED_EDGE ( 'NONE', *, *, #10960, .T. ) ;
#11291 = EDGE_CURVE ( 'NONE', #10647, #6480, #3438, .T. ) ;
#11292 = DIRECTION ( 'NONE',  ( 0.000000000000000000, -0.000000000000000000, -1.000000000000000000 ) ) ;
#11293 = ORIENTED_EDGE ( 'NONE', *, *, #9483, .F. ) ;
#11294 = VECTOR ( 'NONE', #1325, 1000.000000000000000 ) ;
#11295 = EDGE_CURVE ( 'NONE', #8038, #116, #3305, .T. ) ;
#11296 = DIRECTION ( 'NONE',  ( 0.000000000000000000, 0.000000000000000000, -1.000000000000000000 ) ) ;
#11297 = EDGE_CURVE ( 'NONE', #1544, #11270, #3501, .T. ) ;
#11298 = CARTESIAN_POINT ( 'NONE',  ( 22.85999999999999943, 0.000000000000000000, 0.000000000000000000 ) ) ;
#11299 = CARTESIAN_POINT ( 'NONE',  ( 2.539999999999993818, 0.000000000000000000, 0.000000000000000000 ) ) ;
#11300 = CARTESIAN_POINT ( 'NONE',  ( -15.24000000000000554, 0.5080000000000002292, -0.7528818102449945648 ) ) ;
#11301 = DIRECTION ( 'NONE',  ( 0.000000000000000000, 1.000000000000000000, 0.000000000000000000 ) ) ;
#11302 = DIRECTION ( 'NONE',  ( -1.000000000000000000, 0.000000000000000000, 0.000000000000000000 ) ) ;
#11303 = EDGE_LOOP ( 'NONE', ( #6535, #1138, #8663, #9521 ) ) ;
#11304 = EDGE_CURVE ( 'NONE', #7789, #12863, #7542, .T. ) ;
#11305 = LINE ( 'NONE', #10384, #4103 ) ;
#11306 = VECTOR ( 'NONE', #11023, 1000.000000000000000 ) ;
#11307 = SURFACE_SIDE_STYLE ('',( #299 ) ) ;
#11308 = ORIENTED_EDGE ( 'NONE', *, *, #4380, .F. ) ;
#11309 = DIRECTION ( 'NONE',  ( 1.000000000000000000, 0.000000000000000000, 0.000000000000000000 ) ) ;
#11310 = EDGE_LOOP ( 'NONE', ( #5083, #7827, #2354, #11718 ) ) ;
#11311 = VECTOR ( 'NONE', #4688, 1000.000000000000000 ) ;
#11312 = CARTESIAN_POINT ( 'NONE',  ( -3.469446951953614189E-15, 0.5080000000000000071, 0.7528818102449925664 ) ) ;
#11313 = VECTOR ( 'NONE', #8584, 1000.000000000000000 ) ;
#11314 = CARTESIAN_POINT ( 'NONE',  ( 22.85999999999999943, 2.177422008883992879E-16, -0.8890000000000013447 ) ) ;
#11315 = LINE ( 'NONE', #9366, #6540 ) ;
#11316 = ORIENTED_EDGE ( 'NONE', *, *, #9983, .F. ) ;
#11317 = CARTESIAN_POINT ( 'NONE',  ( 20.76449999999999818, 8.509000000000000341, -1.270000000000001128 ) ) ;
#11318 = ORIENTED_EDGE ( 'NONE', *, *, #6222, .T. ) ;
#11319 = CARTESIAN_POINT ( 'NONE',  ( 21.20899999999999963, 7.239000000000000767, 0.3809999999999962861 ) ) ;
#11320 = ORIENTED_EDGE ( 'NONE', *, *, #978, .F. ) ;
#11321 = VECTOR ( 'NONE', #3091, 1000.000000000000000 ) ;
#11322 = DIRECTION ( 'NONE',  ( 1.000000000000000000, 0.000000000000000000, 0.000000000000000000 ) ) ;
#11323 = EDGE_CURVE ( 'NONE', #9262, #4492, #10395, .T. ) ;
#11324 = EDGE_CURVE ( 'NONE', #4017, #1109, #4353, .T. ) ;
#11325 = VECTOR ( 'NONE', #6865, 1000.000000000000114 ) ;
#11326 = AXIS2_PLACEMENT_3D ( 'NONE', #10704, #4598, #8746 ) ;
#11327 = PLANE ( 'NONE',  #11826 ) ;
#11328 = ORIENTED_EDGE ( 'NONE', *, *, #2100, .F. ) ;
#11329 = VECTOR ( 'NONE', #3299, 1000.000000000000000 ) ;
#11330 = LINE ( 'NONE', #652, #83 ) ;
#11331 = EDGE_LOOP ( 'NONE', ( #3514, #6914, #6109, #12343 ) ) ;
#11332 = ORIENTED_EDGE ( 'NONE', *, *, #5218, .T. ) ;
#11333 = AXIS2_PLACEMENT_3D ( 'NONE', #6815, #5573, #682 ) ;
#11334 = CARTESIAN_POINT ( 'NONE',  ( 0.3810000000000000053, -2.692399999999995686, -0.2032000000000001028 ) ) ;
#11335 = ORIENTED_EDGE ( 'NONE', *, *, #11107, .T. ) ;
#11336 = ADVANCED_FACE ( 'NONE', ( #12432 ), #7293, .F. ) ;
#11337 = VERTEX_POINT ( 'NONE', #2392 ) ;
#11338 = VECTOR ( 'NONE', #6780, 1000.000000000000000 ) ;
#11339 = PRESENTATION_LAYER_ASSIGNMENT (  '', '', ( #4270 ) ) ;
#11340 = AXIS2_PLACEMENT_3D ( 'NONE', #3595, #8738, #3667 ) ;
#11341 = DIRECTION ( 'NONE',  ( 0.000000000000000000, 0.000000000000000000, -1.000000000000000000 ) ) ;
#11342 = ORIENTED_EDGE ( 'NONE', *, *, #8765, .F. ) ;
#11343 = DIRECTION ( 'NONE',  ( 0.000000000000000000, 1.000000000000000000, -5.054934237236841843E-31 ) ) ;
#11344 = LINE ( 'NONE', #7572, #6114 ) ;
#11345 = ORIENTED_EDGE ( 'NONE', *, *, #6459, .T. ) ;
#11346 = EDGE_CURVE ( 'NONE', #2598, #11148, #7423, .T. ) ;
#11347 = CARTESIAN_POINT ( 'NONE',  ( -3.937000000000002942, 7.810500000000000220, -0.1270000000000020557 ) ) ;
#11348 = PLANE ( 'NONE',  #6826 ) ;
#11349 = CARTESIAN_POINT ( 'NONE',  ( -12.70000000000000462, 8.509000000000000341, 0.8254999999999981242 ) ) ;
#11350 = ADVANCED_FACE ( 'NONE', ( #6452 ), #10334, .F. ) ;
#11351 = ORIENTED_EDGE ( 'NONE', *, *, #4159, .F. ) ;
#11352 = VECTOR ( 'NONE', #538, 1000.000000000000000 ) ;
#11353 = CARTESIAN_POINT ( 'NONE',  ( 7.619999999999994778, 2.177422008883992879E-16, -0.8890000000000013447 ) ) ;
#11354 = PRESENTATION_STYLE_ASSIGNMENT (( #5367 ) ) ;
#11355 = VECTOR ( 'NONE', #433, 1000.000000000000000 ) ;
#11356 = CARTESIAN_POINT ( 'NONE',  ( -5.080000000000004512, 2.177422008883992879E-16, -0.8890000000000013447 ) ) ;
#11357 = EDGE_LOOP ( 'NONE', ( #5338, #10142, #618, #11203 ) ) ;
#11358 = ADVANCED_FACE ( 'NONE', ( #9749 ), #8766, .F. ) ;
#11359 =( NAMED_UNIT ( * ) SI_UNIT ( $, .STERADIAN. ) SOLID_ANGLE_UNIT ( ) );
#11360 = CARTESIAN_POINT ( 'NONE',  ( 25.39999999999999858, -1.925929944387235853E-31, 0.8889999999999991243 ) ) ;
#11361 = ORIENTED_EDGE ( 'NONE', *, *, #12874, .T. ) ;
#11362 = VERTEX_POINT ( 'NONE', #11006 ) ;
#11363 = CARTESIAN_POINT ( 'NONE',  ( 2.095499999999996810, 8.509000000000000341, -0.8255000000000036753 ) ) ;
#11364 = CARTESIAN_POINT ( 'NONE',  ( -22.86000000000000654, 2.177422008883992879E-16, -0.8890000000000013447 ) ) ;
#11365 = DIRECTION ( 'NONE',  ( 0.000000000000000000, 1.000000000000000000, 1.733406087350420004E-16 ) ) ;
#11366 = CARTESIAN_POINT ( 'NONE',  ( 1.650999999999996248, 8.064500000000000668, -0.3810000000000023368 ) ) ;
#11367 = ADVANCED_FACE ( 'NONE', ( #3883 ), #10793, .F. ) ;
#11368 = DIRECTION ( 'NONE',  ( 0.000000000000000000, 1.000000000000000000, 1.733406087350420004E-16 ) ) ;
#11369 = CARTESIAN_POINT ( 'NONE',  ( -10.16000000000000547, 8.509000000000000341, -1.270000000000001128 ) ) ;
#11370 = ORIENTED_EDGE ( 'NONE', *, *, #11106, .T. ) ;
#11371 = DIRECTION ( 'NONE',  ( -0.5773502691896252870, -0.5773502691896251759, -0.5773502691896267303 ) ) ;
#11372 = EDGE_CURVE ( 'NONE', #6189, #5767, #7871, .T. ) ;
#11373 = AXIS2_PLACEMENT_3D ( 'NONE', #6648, #703, #11774 ) ;
#11374 = EDGE_CURVE ( 'NONE', #2918, #4241, #829, .T. ) ;
#11375 = CARTESIAN_POINT ( 'NONE',  ( 25.39999999999999858, 8.509000000000000341, 1.270000000000001128 ) ) ;
#11376 = ORIENTED_EDGE ( 'NONE', *, *, #11256, .T. ) ;
#11377 = FACE_OUTER_BOUND ( 'NONE', #1978, .T. ) ;
#11378 = CONTEXT_DEPENDENT_SHAPE_REPRESENTATION ( #7425, #3462 ) ;
#11379 = VERTEX_POINT ( 'NONE', #2778 ) ;
#11380 = DIRECTION ( 'NONE',  ( 0.000000000000000000, 0.9659258262890700886, -0.2588190451025140781 ) ) ;
#11381 = ORIENTED_EDGE ( 'NONE', *, *, #7492, .T. ) ;
#11382 = ADVANCED_FACE ( 'NONE', ( #8646 ), #1667, .F. ) ;
#11383 = DIRECTION ( 'NONE',  ( 0.000000000000000000, -1.440069553722777130E-16, 1.000000000000000000 ) ) ;
#11384 = CARTESIAN_POINT ( 'NONE',  ( -4.191000000000003389, 7.239000000000000767, -0.3810000000000025033 ) ) ;
#11385 = DIRECTION ( 'NONE',  ( -1.000000000000000000, 0.000000000000000000, 0.000000000000000000 ) ) ;
#11386 = VECTOR ( 'NONE', #82, 1000.000000000000000 ) ;
#11387 = EDGE_LOOP ( 'NONE', ( #7668, #9713, #4137, #8217 ) ) ;
#11388 = DIRECTION ( 'NONE',  ( 0.000000000000000000, -0.000000000000000000, -1.000000000000000000 ) ) ;
#11389 = ORIENTED_EDGE ( 'NONE', *, *, #2867, .T. ) ;
#11390 = DIRECTION ( 'NONE',  ( -0.7071067811865475727, -0.7071067811865475727, 0.000000000000000000 ) ) ;
#11391 = UNCERTAINTY_MEASURE_WITH_UNIT (LENGTH_MEASURE( 1.000000000000000082E-05 ), #902, 'distance_accuracy_value', 'NONE');
#11392 = ADVANCED_FACE ( 'NONE', ( #2656 ), #11835, .F. ) ;
#11393 = EDGE_LOOP ( 'NONE', ( #11278, #12770, #2567, #3682 ) ) ;
#11394 = CARTESIAN_POINT ( 'NONE',  ( 16.12899999999999778, 7.239000000000000767, -0.3810000000000025033 ) ) ;
#11395 = AXIS2_PLACEMENT_3D ( 'NONE', #7273, #5303, #8238 ) ;
#11396 = DIRECTION ( 'NONE',  ( 0.000000000000000000, 0.000000000000000000, 1.000000000000000000 ) ) ;
#11397 = FACE_OUTER_BOUND ( 'NONE', #5224, .T. ) ;
#11398 = PLANE ( 'NONE',  #3861 ) ;
#11399 = ORIENTED_EDGE ( 'NONE', *, *, #9563, .F. ) ;
#11400 = CARTESIAN_POINT ( 'NONE',  ( 17.77999999999999758, 8.509000000000000341, -1.270000000000001128 ) ) ;
#11401 = VECTOR ( 'NONE', #4921, 1000.000000000000114 ) ;
#11402 = ORIENTED_EDGE ( 'NONE', *, *, #9394, .F. ) ;
#11403 = ORIENTED_EDGE ( 'NONE', *, *, #7168, .F. ) ;
#11404 = VECTOR ( 'NONE', #9533, 1000.000000000000000 ) ;
#11405 = VERTEX_POINT ( 'NONE', #10656 ) ;
#11406 = CARTESIAN_POINT ( 'NONE',  ( -12.70000000000000462, 3.110602869834277161E-16, -1.270000000000001128 ) ) ;
#11407 = ORIENTED_EDGE ( 'NONE', *, *, #1595, .F. ) ;
#11408 = ORIENTED_EDGE ( 'NONE', *, *, #112, .T. ) ;
#11409 = CARTESIAN_POINT ( 'NONE',  ( -22.86000000000000654, 0.5080000000000000071, 0.7528818102449925664 ) ) ;
#11410 = ORIENTED_EDGE ( 'NONE', *, *, #9085, .T. ) ;
#11411 = CARTESIAN_POINT ( 'NONE',  ( 18.66899999999999693, 8.064500000000000668, 0.3809999999999962861 ) ) ;
#11412 = DIRECTION ( 'NONE',  ( 0.000000000000000000, 0.000000000000000000, -1.000000000000000000 ) ) ;
#11413 = ORIENTED_EDGE ( 'NONE', *, *, #3424, .T. ) ;
#11414 = CARTESIAN_POINT ( 'NONE',  ( 3.428999999999994497, 8.064500000000000668, 0.3809999999999964526 ) ) ;
#11415 = CARTESIAN_POINT ( 'NONE',  ( -15.24000000000000554, 0.000000000000000000, 1.269999999999998908 ) ) ;
#11416 = ORIENTED_EDGE ( 'NONE', *, *, #6292, .T. ) ;
#11417 = DIRECTION ( 'NONE',  ( 0.5773502691896252870, -0.5773502691896251759, -0.5773502691896267303 ) ) ;
#11418 = DIRECTION ( 'NONE',  ( -1.000000000000000000, 0.000000000000000000, 0.000000000000000000 ) ) ;
#11419 = SURFACE_SIDE_STYLE ('',( #11671 ) ) ;
#11420 = ADVANCED_FACE ( 'NONE', ( #10594 ), #7609, .F. ) ;
#11421 = LINE ( 'NONE', #3666, #7187 ) ;
#11422 = CARTESIAN_POINT ( 'NONE',  ( -9.271000000000004349, 7.239000000000000767, 0.3809999999999962861 ) ) ;
#11423 = CARTESIAN_POINT ( 'NONE',  ( -17.78000000000000469, -1.925929944387235853E-31, 0.8889999999999991243 ) ) ;
#11424 = DIRECTION ( 'NONE',  ( 0.000000000000000000, -0.000000000000000000, -1.000000000000000000 ) ) ;
#11425 = ORIENTED_EDGE ( 'NONE', *, *, #3255, .T. ) ;
#11426 = CARTESIAN_POINT ( 'NONE',  ( -12.70000000000000639, 8.509000000000000341, 1.270000000000001128 ) ) ;
#11427 = LINE ( 'NONE', #483, #5507 ) ;
#11428 = PLANE ( 'NONE',  #8616 ) ;
#11429 = CARTESIAN_POINT ( 'NONE',  ( 10.15999999999999481, -1.925929944387235853E-31, 0.8889999999999991243 ) ) ;
#11430 = LINE ( 'NONE', #6498, #6199 ) ;
#11431 = DIRECTION ( 'NONE',  ( 1.000000000000000000, 0.000000000000000000, 0.000000000000000000 ) ) ;
#11432 = ORIENTED_EDGE ( 'NONE', *, *, #11139, .T. ) ;
#11433 = DIRECTION ( 'NONE',  ( -1.000000000000000000, -0.000000000000000000, -0.000000000000000000 ) ) ;
#11434 = CARTESIAN_POINT ( 'NONE',  ( 25.39999999999999858, 3.110602869834277161E-16, -1.270000000000001128 ) ) ;
#11435 = ORIENTED_EDGE ( 'NONE', *, *, #2061, .T. ) ;
#11436 = DIRECTION ( 'NONE',  ( -1.000000000000000000, -0.000000000000000000, -0.000000000000000000 ) ) ;
#11437 = ORIENTED_EDGE ( 'NONE', *, *, #4208, .F. ) ;
#11438 = DIRECTION ( 'NONE',  ( 0.000000000000000000, -5.054934237236841843E-31, -1.000000000000000000 ) ) ;
#11439 = DIRECTION ( 'NONE',  ( 0.000000000000000000, -1.000000000000000000, -2.548365665731588345E-16 ) ) ;
#11440 = CARTESIAN_POINT ( 'NONE',  ( 27.94000000000000128, 0.5080000000000002292, -0.7528818102449945648 ) ) ;
#11441 = PLANE ( 'NONE',  #12566 ) ;
#11442 = ORIENTED_EDGE ( 'NONE', *, *, #4369, .T. ) ;
#11443 = ORIENTED_EDGE ( 'NONE', *, *, #7638, .F. ) ;
#11444 = CARTESIAN_POINT ( 'NONE',  ( 5.079999999999993854, 8.509000000000000341, 1.270000000000001128 ) ) ;
#11445 = EDGE_CURVE ( 'NONE', #4974, #9913, #8841, .T. ) ;
#11446 = ORIENTED_EDGE ( 'NONE', *, *, #11484, .T. ) ;
#11447 = EDGE_CURVE ( 'NONE', #5116, #6818, #12806, .T. ) ;
#11448 = CARTESIAN_POINT ( 'NONE',  ( -17.78000000000000469, 0.5080000000000000071, 0.7528818102449925664 ) ) ;
#11449 = SHAPE_REPRESENTATION_RELATIONSHIP ( 'NONE' , 'NONE' ,  #9648, #4092 ) ;
#11450 = AXIS2_PLACEMENT_3D ( 'NONE', #6656, #4764, #9822 ) ;
#11451 = PLANE ( 'NONE',  #6075 ) ;
#11452 = ADVANCED_FACE ( 'NONE', ( #4748 ), #12743, .F. ) ;
#11453 = ADVANCED_FACE ( 'NONE', ( #10727 ), #9875, .F. ) ;
#11454 = CARTESIAN_POINT ( 'NONE',  ( -3.469446951953614189E-15, 8.509000000000000341, -1.270000000000001128 ) ) ;
#11455 = ORIENTED_EDGE ( 'NONE', *, *, #1225, .T. ) ;
#11456 = ADVANCED_FACE ( 'NONE', ( #6763 ), #3744, .F. ) ;
#11457 =( NAMED_UNIT ( * ) PLANE_ANGLE_UNIT ( ) SI_UNIT ( $, .RADIAN. ) );
#11458 = ORIENTED_EDGE ( 'NONE', *, *, #12586, .F. ) ;
#11459 = ORIENTED_EDGE ( 'NONE', *, *, #10945, .F. ) ;
#11460 = EDGE_CURVE ( 'NONE', #12015, #1486, #7727, .T. ) ;
#11461 = CARTESIAN_POINT ( 'NONE',  ( -15.24000000000000554, 8.509000000000000341, 1.270000000000001128 ) ) ;
#11462 = AXIS2_PLACEMENT_3D ( 'NONE', #7189, #1175, #9905 ) ;
#11463 = ORIENTED_EDGE ( 'NONE', *, *, #1070, .F. ) ;
#11464 = ORIENTED_EDGE ( 'NONE', *, *, #5649, .F. ) ;
#11465 = EDGE_CURVE ( 'NONE', #8312, #10294, #11700, .T. ) ;
#11466 = DIRECTION ( 'NONE',  ( 0.000000000000000000, -0.000000000000000000, -1.000000000000000000 ) ) ;
#11467 = VERTEX_POINT ( 'NONE', #11770 ) ;
#11468 = MECHANICAL_DESIGN_GEOMETRIC_PRESENTATION_REPRESENTATION (  '', ( #5239 ), #1894 ) ;
#11469 = ADVANCED_FACE ( 'NONE', ( #8061 ), #3154, .F. ) ;
#11470 = VECTOR ( 'NONE', #12554, 1000.000000000000000 ) ;
#11471 = FACE_OUTER_BOUND ( 'NONE', #6391, .T. ) ;
#11472 = CARTESIAN_POINT ( 'NONE',  ( 5.968999999999994976, 7.239000000000000767, 0.3809999999999962861 ) ) ;
#11473 = EDGE_LOOP ( 'NONE', ( #7078, #8855, #7409, #3344 ) ) ;
#11474 = CARTESIAN_POINT ( 'NONE',  ( 24.51099999999999923, 7.239000000000000767, -0.3810000000000025033 ) ) ;
#11475 = CARTESIAN_POINT ( 'NONE',  ( 7.619999999999994778, 2.177422008883992879E-16, -0.8890000000000013447 ) ) ;
#11476 = ORIENTED_EDGE ( 'NONE', *, *, #406, .F. ) ;
#11477 = DIRECTION ( 'NONE',  ( -0.000000000000000000, 1.000000000000000000, 1.440069553722777130E-16 ) ) ;
#11478 = PRESENTATION_STYLE_ASSIGNMENT (( #3477 ) ) ;
#11479 = CARTESIAN_POINT ( 'NONE',  ( 27.94000000000000483, 8.509000000000000341, -1.270000000000001128 ) ) ;
#11480 = ORIENTED_EDGE ( 'NONE', *, *, #398, .F. ) ;
#11481 = VECTOR ( 'NONE', #12721, 1000.000000000000000 ) ;
#11482 = FACE_OUTER_BOUND ( 'NONE', #1958, .T. ) ;
#11483 = ORIENTED_EDGE ( 'NONE', *, *, #8916, .T. ) ;
#11484 = EDGE_CURVE ( 'NONE', #8244, #12536, #8177, .T. ) ;
#11485 = CARTESIAN_POINT ( 'NONE',  ( 24.25699999999999790, 7.810500000000000220, -0.1270000000000020557 ) ) ;
#11486 = VECTOR ( 'NONE', #279, 1000.000000000000000 ) ;
#11487 = CARTESIAN_POINT ( 'NONE',  ( -16.12900000000000489, 7.239000000000000767, -0.3810000000000025033 ) ) ;
#11488 = AXIS2_PLACEMENT_3D ( 'NONE', #10130, #6103, #904 ) ;
#11489 = DIRECTION ( 'NONE',  ( 0.000000000000000000, 5.054934237236841843E-31, 1.000000000000000000 ) ) ;
#11490 = CARTESIAN_POINT ( 'NONE',  ( 4.190999999999993619, 8.064500000000000668, 0.3809999999999962861 ) ) ;
#11491 = VECTOR ( 'NONE', #10954, 1000.000000000000000 ) ;
#11492 = FACE_OUTER_BOUND ( 'NONE', #489, .T. ) ;
#11493 = EDGE_CURVE ( 'NONE', #3497, #4316, #4013, .T. ) ;
#11494 = AXIS2_PLACEMENT_3D ( 'NONE', #4978, #8938, #12070 ) ;
#11495 = ORIENTED_EDGE ( 'NONE', *, *, #11858, .T. ) ;
#11496 = CARTESIAN_POINT ( 'NONE',  ( -17.78000000000000469, 2.177422008883992879E-16, -0.8890000000000013447 ) ) ;
#11497 = DIRECTION ( 'NONE',  ( 0.000000000000000000, 0.000000000000000000, -1.000000000000000000 ) ) ;
#11498 = VERTEX_POINT ( 'NONE', #226 ) ;
#11499 = CARTESIAN_POINT ( 'NONE',  ( 25.39999999999999858, 8.509000000000000341, 0.8254999999999981242 ) ) ;
#11500 = CARTESIAN_POINT ( 'NONE',  ( -3.469446951953614189E-15, 0.5080000000000002292, -0.7528818102449945648 ) ) ;
#11501 = ORIENTED_EDGE ( 'NONE', *, *, #10908, .F. ) ;
#11502 = VECTOR ( 'NONE', #4736, 1000.000000000000000 ) ;
#11503 = VECTOR ( 'NONE', #72, 999.9999999999998863 ) ;
#11504 = ADVANCED_FACE ( 'NONE', ( #8117 ), #3037, .F. ) ;
#11506 = ADVANCED_FACE ( 'NONE', ( #1989 ), #11040, .F. ) ;
#11505 = DIRECTION ( 'NONE',  ( -0.000000000000000000, 0.000000000000000000, -1.000000000000000000 ) ) ;
#11507 = EDGE_LOOP ( 'NONE', ( #12393, #1340, #6784, #3625 ) ) ;
#11508 = PLANE ( 'NONE',  #12312 ) ;
#11509 = ORIENTED_EDGE ( 'NONE', *, *, #8304, .T. ) ;
#11510 = PLANE ( 'NONE',  #1918 ) ;
#11511 = CARTESIAN_POINT ( 'NONE',  ( -27.05100000000000549, 8.064500000000000668, 0.3809999999999962861 ) ) ;
#11512 = FACE_OUTER_BOUND ( 'NONE', #12466, .T. ) ;
#11513 = EDGE_LOOP ( 'NONE', ( #582, #5839, #3189, #3516 ) ) ;
#11514 =( NAMED_UNIT ( * ) SI_UNIT ( $, .STERADIAN. ) SOLID_ANGLE_UNIT ( ) );
#11515 = ORIENTED_EDGE ( 'NONE', *, *, #3414, .F. ) ;
#11516 = AXIS2_PLACEMENT_3D ( 'NONE', #10621, #11861, #3777 ) ;
#11517 = ADVANCED_FACE ( 'NONE', ( #6171 ), #10126, .F. ) ;
#11518 = CARTESIAN_POINT ( 'NONE',  ( -2.540000000000004032, 0.5080000000000002292, -0.7528818102449945648 ) ) ;
#11519 = ORIENTED_EDGE ( 'NONE', *, *, #558, .F. ) ;
#11520 = EDGE_CURVE ( 'NONE', #6470, #6247, #10924, .T. ) ;
#11521 = DIRECTION ( 'NONE',  ( 0.000000000000000000, -0.7071067811865484609, 0.7071067811865465735 ) ) ;
#11522 = CARTESIAN_POINT ( 'NONE',  ( -13.97000000000000419, 0.000000000000000000, 0.000000000000000000 ) ) ;
#11523 = VERTEX_POINT ( 'NONE', #5047 ) ;
#11524 = VECTOR ( 'NONE', #4799, 1000.000000000000000 ) ;
#11525 = CARTESIAN_POINT ( 'NONE',  ( 23.74899999999999878, 7.239000000000000767, 0.3809999999999962861 ) ) ;
#11526 = DIRECTION ( 'NONE',  ( 0.000000000000000000, 1.733406087350420004E-16, -1.000000000000000000 ) ) ;
#11527 = ORIENTED_EDGE ( 'NONE', *, *, #8826, .T. ) ;
#11528 = DIRECTION ( 'NONE',  ( -0.000000000000000000, 0.000000000000000000, 1.000000000000000000 ) ) ;
#11529 = ORIENTED_EDGE ( 'NONE', *, *, #4285, .F. ) ;
#11530 = ORIENTED_EDGE ( 'NONE', *, *, #10981, .T. ) ;
#11531 = VECTOR ( 'NONE', #8712, 1000.000000000000000 ) ;
#11532 = FILL_AREA_STYLE_COLOUR ( '', #3222 ) ;
#11533 = VECTOR ( 'NONE', #11622, 1000.000000000000000 ) ;
#11534 = ORIENTED_EDGE ( 'NONE', *, *, #6052, .T. ) ;
#11535 = VERTEX_POINT ( 'NONE', #9020 ) ;
#11536 = ADVANCED_FACE ( 'NONE', ( #7224 ), #9153, .F. ) ;
#11537 = EDGE_CURVE ( 'NONE', #11773, #5199, #3946, .T. ) ;
#11538 = DIRECTION ( 'NONE',  ( 0.000000000000000000, 1.000000000000000000, 2.548365665731588345E-16 ) ) ;
#11539 = ORIENTED_EDGE ( 'NONE', *, *, #9599, .F. ) ;
#11540 = AXIS2_PLACEMENT_3D ( 'NONE', #4388, #12339, #5368 ) ;
#11541 = VECTOR ( 'NONE', #9792, 1000.000000000000000 ) ;
#11542 = VECTOR ( 'NONE', #1337, 1000.000000000000000 ) ;
#11543 = DIRECTION ( 'NONE',  ( 0.000000000000000000, 0.000000000000000000, -1.000000000000000000 ) ) ;
#11544 = EDGE_CURVE ( 'NONE', #10550, #1203, #6032, .T. ) ;
#11545 = CARTESIAN_POINT ( 'NONE',  ( 8.508999999999995012, 8.064500000000000668, 0.3809999999999964526 ) ) ;
#11546 = ORIENTED_EDGE ( 'NONE', *, *, #1651, .F. ) ;
#11547 = LINE ( 'NONE', #10563, #11814 ) ;
#11548 = ADVANCED_FACE ( 'NONE', ( #7930 ), #2248, .F. ) ;
#11549 = ORIENTED_EDGE ( 'NONE', *, *, #12515, .F. ) ;
#11550 = SURFACE_SIDE_STYLE ('',( #6486 ) ) ;
#11551 = FACE_OUTER_BOUND ( 'NONE', #9830, .T. ) ;
#11552 = VECTOR ( 'NONE', #12663, 1000.000000000000000 ) ;
#11553 = CARTESIAN_POINT ( 'NONE',  ( 18.66899999999999693, 8.064500000000000668, 0.3809999999999962861 ) ) ;
#11554 = STYLED_ITEM ( 'NONE', ( #2501 ), #10675 ) ;
#11555 = EDGE_CURVE ( 'NONE', #8876, #358, #4199, .T. ) ;
#11556 = VECTOR ( 'NONE', #6873, 1000.000000000000000 ) ;
#11557 = CARTESIAN_POINT ( 'NONE',  ( -15.24000000000000554, 3.110602869834277161E-16, -1.270000000000001128 ) ) ;
#11558 = VERTEX_POINT ( 'NONE', #1015 ) ;
#11559 = EDGE_CURVE ( 'NONE', #10072, #957, #11892, .T. ) ;
#11560 = DIRECTION ( 'NONE',  ( 0.000000000000000000, 2.449293598294710852E-16, -1.000000000000000000 ) ) ;
#11561 = VECTOR ( 'NONE', #9747, 1000.000000000000000 ) ;
#11562 = FACE_OUTER_BOUND ( 'NONE', #3195, .T. ) ;
#11563 = CARTESIAN_POINT ( 'NONE',  ( -25.40000000000000568, 0.5080000000000000071, 0.7528818102449925664 ) ) ;
#11564 = CARTESIAN_POINT ( 'NONE',  ( -7.620000000000005436, 0.000000000000000000, 0.000000000000000000 ) ) ;
#11565 = CARTESIAN_POINT ( 'NONE',  ( -15.24000000000000554, 8.509000000000000341, 1.270000000000001128 ) ) ;
#11566 = DIRECTION ( 'NONE',  ( 0.000000000000000000, 1.733406087350420004E-16, -1.000000000000000000 ) ) ;
#11567 = ORIENTED_EDGE ( 'NONE', *, *, #1094, .T. ) ;
#11568 = CARTESIAN_POINT ( 'NONE',  ( 3.428999999999994497, 8.064500000000000668, 0.3809999999999964526 ) ) ;
#11569 = ADVANCED_FACE ( 'NONE', ( #4077 ), #4992, .F. ) ;
#11570 = ORIENTED_EDGE ( 'NONE', *, *, #6208, .F. ) ;
#11571 = LINE ( 'NONE', #1721, #4686 ) ;
#11572 = ORIENTED_EDGE ( 'NONE', *, *, #2091, .T. ) ;
#11573 = PLANE ( 'NONE',  #2098 ) ;
#11574 = ORIENTED_EDGE ( 'NONE', *, *, #12235, .T. ) ;
#11575 = DIRECTION ( 'NONE',  ( -1.000000000000000000, 0.000000000000000000, 0.000000000000000000 ) ) ;
#11576 = CARTESIAN_POINT ( 'NONE',  ( -5.080000000000004512, 2.177422008883992879E-16, -0.8890000000000013447 ) ) ;
#11577 = CARTESIAN_POINT ( 'NONE',  ( -0.3810000000000000053, 0.5079999999999998961, -0.2031999999999997419 ) ) ;
#11578 = SURFACE_STYLE_USAGE ( .BOTH. , #3623 ) ;
#11579 = VERTEX_POINT ( 'NONE', #6232 ) ;
#11580 = VECTOR ( 'NONE', #4404, 1000.000000000000000 ) ;
#11581 = VECTOR ( 'NONE', #5563, 1000.000000000000000 ) ;
#11582 = DIRECTION ( 'NONE',  ( -1.000000000000000000, 0.000000000000000000, 0.000000000000000000 ) ) ;
#11583 = ADVANCED_FACE ( 'NONE', ( #7090 ), #10059, .F. ) ;
#11584 = CARTESIAN_POINT ( 'NONE',  ( 27.94000000000000128, 0.5080000000000002292, -0.7528818102449945648 ) ) ;
#11585 = ORIENTED_EDGE ( 'NONE', *, *, #4742, .T. ) ;
#11586 = DIRECTION ( 'NONE',  ( 1.000000000000000000, 0.000000000000000000, 0.000000000000000000 ) ) ;
#11587 = CARTESIAN_POINT ( 'NONE',  ( 26.66999999999999815, 0.000000000000000000, 0.000000000000000000 ) ) ;
#11588 = EDGE_LOOP ( 'NONE', ( #5298, #11609, #7375, #573 ) ) ;
#11589 = ADVANCED_FACE ( 'NONE', ( #10378 ), #418, .F. ) ;
#11590 = DIRECTION ( 'NONE',  ( 0.000000000000000000, 0.000000000000000000, -1.000000000000000000 ) ) ;
#11591 = AXIS2_PLACEMENT_3D ( 'NONE', #8183, #12286, #6304 ) ;
#11592 = VECTOR ( 'NONE', #6235, 1000.000000000000114 ) ;
#11593 = LINE ( 'NONE', #2670, #2180 ) ;
#11594 = ORIENTED_EDGE ( 'NONE', *, *, #4215, .F. ) ;
#11595 = DIRECTION ( 'NONE',  ( -0.000000000000000000, 1.000000000000000000, 1.440069553722777130E-16 ) ) ;
#11596 = EDGE_CURVE ( 'NONE', #4914, #8668, #5317, .T. ) ;
#11597 = EDGE_LOOP ( 'NONE', ( #2304, #4209, #9956, #6718 ) ) ;
#11598 = ORIENTED_EDGE ( 'NONE', *, *, #9558, .T. ) ;
#11599 = VECTOR ( 'NONE', #877, 1000.000000000000000 ) ;
#11600 = CARTESIAN_POINT ( 'NONE',  ( 7.619999999999994778, 0.5080000000000000071, 0.7528818102449925664 ) ) ;
#11601 = VECTOR ( 'NONE', #1248, 999.9999999999998863 ) ;
#11602 = EDGE_LOOP ( 'NONE', ( #2740, #2447, #6316, #3308 ) ) ;
#11603 = ORIENTED_EDGE ( 'NONE', *, *, #11106, .F. ) ;
#11604 = DIRECTION ( 'NONE',  ( 0.000000000000000000, -5.054934237236841843E-31, -1.000000000000000000 ) ) ;
#11605 = EDGE_LOOP ( 'NONE', ( #7643, #2716, #7354, #777 ) ) ;
#11606 = CARTESIAN_POINT ( 'NONE',  ( 19.87549999999999883, 8.509000000000000341, 0.8254999999999981242 ) ) ;
#11607 = VECTOR ( 'NONE', #3590, 1000.000000000000000 ) ;
#11608 = CARTESIAN_POINT ( 'NONE',  ( 11.81099999999999461, 8.064500000000000668, 0.3809999999999964526 ) ) ;
#11609 = ORIENTED_EDGE ( 'NONE', *, *, #2199, .F. ) ;
#11610 = CARTESIAN_POINT ( 'NONE',  ( 15.23999999999999666, -1.925929944387235853E-31, 0.8889999999999991243 ) ) ;
#11611 = ORIENTED_EDGE ( 'NONE', *, *, #4590, .F. ) ;
#11612 = DIRECTION ( 'NONE',  ( 1.000000000000000000, 0.000000000000000000, 0.000000000000000000 ) ) ;
#11613 = CARTESIAN_POINT ( 'NONE',  ( -10.16000000000000547, 0.5080000000000000071, 0.7528818102449925664 ) ) ;
#11614 = PLANE ( 'NONE',  #3644 ) ;
#11615 = VECTOR ( 'NONE', #11837, 1000.000000000000114 ) ;
#11616 = CARTESIAN_POINT ( 'NONE',  ( -6.731000000000004313, 8.064500000000000668, 0.3809999999999962861 ) ) ;
#11617 = ORIENTED_EDGE ( 'NONE', *, *, #6632, .T. ) ;
#11618 = CARTESIAN_POINT ( 'NONE',  ( -0.8890000000000043423, 8.064500000000000668, -0.3810000000000023368 ) ) ;
#11619 = DIRECTION ( 'NONE',  ( -1.000000000000000000, -0.000000000000000000, -0.000000000000000000 ) ) ;
#11620 = CARTESIAN_POINT ( 'NONE',  ( -17.33550000000000324, 8.509000000000000341, 0.8254999999999981242 ) ) ;
#11621 = DIRECTION ( 'NONE',  ( -1.000000000000000000, -0.000000000000000000, -0.000000000000000000 ) ) ;
#11622 = DIRECTION ( 'NONE',  ( -0.000000000000000000, 1.000000000000000000, 1.733406087350420004E-16 ) ) ;
#11623 = EDGE_CURVE ( 'NONE', #8038, #9562, #10319, .T. ) ;
#11624 = CARTESIAN_POINT ( 'NONE',  ( 9.715499999999995140, 8.509000000000000341, -0.8255000000000036753 ) ) ;
#11625 = CARTESIAN_POINT ( 'NONE',  ( -7.620000000000005436, 8.509000000000000341, 1.270000000000001128 ) ) ;
#11626 = ORIENTED_EDGE ( 'NONE', *, *, #9013, .T. ) ;
#11627 = EDGE_CURVE ( 'NONE', #5544, #1019, #2571, .T. ) ;
#11628 = DIRECTION ( 'NONE',  ( 0.000000000000000000, -1.000000000000000000, -1.733406087350420004E-16 ) ) ;
#11629 = DIRECTION ( 'NONE',  ( -0.000000000000000000, 1.000000000000000000, 1.733406087350420004E-16 ) ) ;
#11630 = LINE ( 'NONE', #2711, #3631 ) ;
#11631 = ORIENTED_EDGE ( 'NONE', *, *, #862, .F. ) ;
#11632 = DIRECTION ( 'NONE',  ( -1.000000000000000000, -0.000000000000000000, -0.000000000000000000 ) ) ;
#11633 = ADVANCED_FACE ( 'NONE', ( #8495 ), #9409, .F. ) ;
#11634 = ORIENTED_EDGE ( 'NONE', *, *, #12037, .T. ) ;
#11635 = CARTESIAN_POINT ( 'NONE',  ( 25.39999999999999858, 3.110602869834277161E-16, -1.270000000000001128 ) ) ;
#11636 = ORIENTED_EDGE ( 'NONE', *, *, #9353, .T. ) ;
#11637 = DIRECTION ( 'NONE',  ( -1.000000000000000000, 0.000000000000000000, -0.000000000000000000 ) ) ;
#11638 = EDGE_CURVE ( 'NONE', #10302, #9432, #1396, .T. ) ;
#11639 = CARTESIAN_POINT ( 'NONE',  ( -3.429000000000005155, 8.064500000000000668, 0.3809999999999962861 ) ) ;
#11640 = LINE ( 'NONE', #1859, #6960 ) ;
#11641 = VERTEX_POINT ( 'NONE', #5375 ) ;
#11642 = CARTESIAN_POINT ( 'NONE',  ( 7.619999999999994778, -1.925929944387235853E-31, 0.8889999999999991243 ) ) ;
#11643 = CARTESIAN_POINT ( 'NONE',  ( -3.469446951953614189E-15, -1.925929944387235853E-31, 0.8889999999999991243 ) ) ;
#11644 = ORIENTED_EDGE ( 'NONE', *, *, #156, .F. ) ;
#11645 = DIRECTION ( 'NONE',  ( -0.000000000000000000, -0.7071067811865482389, -0.7071067811865469066 ) ) ;
#11646 = DIRECTION ( 'NONE',  ( 0.000000000000000000, 0.000000000000000000, 1.000000000000000000 ) ) ;
#11647 = ORIENTED_EDGE ( 'NONE', *, *, #4506, .F. ) ;
#11648 = VECTOR ( 'NONE', #6528, 1000.000000000000000 ) ;
#11649 = CARTESIAN_POINT ( 'NONE',  ( 7.619999999999994778, 3.110602869834277161E-16, -1.270000000000001128 ) ) ;
#11650 =( REPRESENTATION_RELATIONSHIP ('NONE','NONE', #7825, #3815 ) REPRESENTATION_RELATIONSHIP_WITH_TRANSFORMATION ( #9303 )SHAPE_REPRESENTATION_RELATIONSHIP( ) );
#11651 = ADVANCED_FACE ( 'NONE', ( #10183 ), #11232, .F. ) ;
#11652 = EDGE_CURVE ( 'NONE', #4042, #8789, #9293, .T. ) ;
#11653 = ORIENTED_EDGE ( 'NONE', *, *, #3301, .F. ) ;
#11654 = ORIENTED_EDGE ( 'NONE', *, *, #7491, .F. ) ;
#11655 = EDGE_LOOP ( 'NONE', ( #7684, #11402, #9662, #11789 ) ) ;
#11656 = EDGE_CURVE ( 'NONE', #8337, #10218, #291, .T. ) ;
#11657 = PRESENTATION_STYLE_ASSIGNMENT (( #10479 ) ) ;
#11658 = ORIENTED_EDGE ( 'NONE', *, *, #551, .T. ) ;
#11659 = VECTOR ( 'NONE', #12697, 1000.000000000000000 ) ;
#11660 = VERTEX_POINT ( 'NONE', #8315 ) ;
#11661 = EDGE_CURVE ( 'NONE', #9964, #7922, #6435, .T. ) ;
#11662 = ADVANCED_FACE ( 'NONE', ( #5432 ), #7337, .T. ) ;
#11663 = CARTESIAN_POINT ( 'NONE',  ( 28.19400000000000617, 8.509000000000000341, -1.270000000000001128 ) ) ;
#11664 = ORIENTED_EDGE ( 'NONE', *, *, #7865, .T. ) ;
#11665 = DIRECTION ( 'NONE',  ( 0.000000000000000000, 0.000000000000000000, 1.000000000000000000 ) ) ;
#11666 = FACE_BOUND ( 'NONE', #10476, .T. ) ;
#11667 = ORIENTED_EDGE ( 'NONE', *, *, #1032, .F. ) ;
#11668 = CARTESIAN_POINT ( 'NONE',  ( -21.97100000000000364, 7.239000000000000767, -0.3810000000000025033 ) ) ;
#11669 = COLOUR_RGB ( '',0.2509803921568627416, 0.2509803921568627416, 0.2509803921568627416 ) ;
#11670 = VERTEX_POINT ( 'NONE', #12224 ) ;
#11671 = SURFACE_STYLE_FILL_AREA ( #8614 ) ;
#11672 = PLANE ( 'NONE',  #7591 ) ;
#11673 = LINE ( 'NONE', #1700, #10725 ) ;
#11674 =( GEOMETRIC_REPRESENTATION_CONTEXT ( 3 ) GLOBAL_UNCERTAINTY_ASSIGNED_CONTEXT ( ( #10600 ) ) GLOBAL_UNIT_ASSIGNED_CONTEXT ( ( #2292, #11007, #12768 ) ) REPRESENTATION_CONTEXT ( 'NONE', 'WORKASPACE' ) );
#11675 = PLANE ( 'NONE',  #2823 ) ;
#11676 = ORIENTED_EDGE ( 'NONE', *, *, #9951, .T. ) ;
#11677 = DIRECTION ( 'NONE',  ( -0.000000000000000000, 0.000000000000000000, -1.000000000000000000 ) ) ;
#11678 = DIRECTION ( 'NONE',  ( 0.000000000000000000, -1.440069553722777130E-16, 1.000000000000000000 ) ) ;
#11679 = CARTESIAN_POINT ( 'NONE',  ( -22.86000000000000654, 0.000000000000000000, 1.269999999999998908 ) ) ;
#11680 = PLANE ( 'NONE',  #9817 ) ;
#11681 = LINE ( 'NONE', #7714, #1335 ) ;
#11682 = EDGE_CURVE ( 'NONE', #4885, #12153, #11427, .T. ) ;
#11683 = DIRECTION ( 'NONE',  ( -0.000000000000000000, 1.000000000000000000, 1.733406087350420004E-16 ) ) ;
#11684 = CARTESIAN_POINT ( 'NONE',  ( -10.16000000000000547, 8.509000000000000341, -1.270000000000001128 ) ) ;
#11685 = EDGE_LOOP ( 'NONE', ( #6413, #8536, #789, #9104 ) ) ;
#11686 = COLOUR_RGB ( '',0.2509803921568627416, 0.2509803921568627416, 0.2509803921568627416 ) ;
#11687 = AXIS2_PLACEMENT_3D ( 'NONE', #448, #1677, #10347 ) ;
#11688 = EDGE_CURVE ( 'NONE', #12153, #186, #2372, .T. ) ;
#11689 = DIRECTION ( 'NONE',  ( -1.000000000000000000, -0.000000000000000000, -0.000000000000000000 ) ) ;
#11690 = VECTOR ( 'NONE', #4790, 1000.000000000000000 ) ;
#11691 = DIRECTION ( 'NONE',  ( 0.000000000000000000, -0.9659258262890700886, 0.2588190451025140781 ) ) ;
#11692 = ORIENTED_EDGE ( 'NONE', *, *, #7093, .F. ) ;
#11693 = CARTESIAN_POINT ( 'NONE',  ( 23.74899999999999878, 7.239000000000000767, 0.3809999999999962861 ) ) ;
#11694 = EDGE_CURVE ( 'NONE', #10883, #8932, #2505, .T. ) ;
#11695 = ORIENTED_EDGE ( 'NONE', *, *, #6986, .T. ) ;
#11696 = EDGE_CURVE ( 'NONE', #8533, #6323, #5502, .T. ) ;
#11697 = AXIS2_PLACEMENT_3D ( 'NONE', #10317, #9291, #12474 ) ;
#11698 = PLANE ( 'NONE',  #10019 ) ;
#11699 = DIRECTION ( 'NONE',  ( 0.000000000000000000, 2.449293598294710852E-16, -1.000000000000000000 ) ) ;
#11700 = LINE ( 'NONE', #1795, #2800 ) ;
#11701 = CARTESIAN_POINT ( 'NONE',  ( 11.04899999999999594, 7.239000000000000767, -0.3810000000000025033 ) ) ;
#11702 = EDGE_CURVE ( 'NONE', #5271, #346, #559, .T. ) ;
#11703 = ORIENTED_EDGE ( 'NONE', *, *, #3472, .F. ) ;
#11704 = DIRECTION ( 'NONE',  ( -0.000000000000000000, -0.7071067811865482389, -0.7071067811865469066 ) ) ;
#11705 = VECTOR ( 'NONE', #98, 1000.000000000000000 ) ;
#11706 = VECTOR ( 'NONE', #633, 1000.000000000000000 ) ;
#11707 = LINE ( 'NONE', #9571, #2171 ) ;
#11708 = ORIENTED_EDGE ( 'NONE', *, *, #12176, .F. ) ;
#11709 = DIRECTION ( 'NONE',  ( 0.000000000000000000, -1.000000000000000000, -1.733406087350420004E-16 ) ) ;
#11710 = DIRECTION ( 'NONE',  ( 1.000000000000000000, 0.000000000000000000, 0.000000000000000000 ) ) ;
#11711 = ORIENTED_EDGE ( 'NONE', *, *, #10329, .T. ) ;
#11712 = LINE ( 'NONE', #8853, #7529 ) ;
#11713 = VECTOR ( 'NONE', #11699, 1000.000000000000000 ) ;
#11714 = LINE ( 'NONE', #114, #8034 ) ;
#11715 =( NAMED_UNIT ( * ) PLANE_ANGLE_UNIT ( ) SI_UNIT ( $, .RADIAN. ) );
#11716 = ORIENTED_EDGE ( 'NONE', *, *, #7088, .F. ) ;
#11717 = LINE ( 'NONE', #1870, #4647 ) ;
#11718 = ORIENTED_EDGE ( 'NONE', *, *, #4783, .T. ) ;
#11719 = ORIENTED_EDGE ( 'NONE', *, *, #9440, .F. ) ;
#11720 = CARTESIAN_POINT ( 'NONE',  ( -10.16000000000000547, 2.177422008883992879E-16, -0.8890000000000013447 ) ) ;
#11721 = ORIENTED_EDGE ( 'NONE', *, *, #10259, .F. ) ;
#11722 = VECTOR ( 'NONE', #4056, 1000.000000000000000 ) ;
#11723 = VERTEX_POINT ( 'NONE', #8253 ) ;
#11724 = SURFACE_STYLE_FILL_AREA ( #9771 ) ;
#11725 = LINE ( 'NONE', #1945, #8641 ) ;
#11726 = ADVANCED_FACE ( 'NONE', ( #7281 ), #2307, .F. ) ;
#11727 = ORIENTED_EDGE ( 'NONE', *, *, #322, .F. ) ;
#11728 = CARTESIAN_POINT ( 'NONE',  ( 28.19400000000000617, 0.5080000000000002292, -0.7528818102449945648 ) ) ;
#11729 = LINE ( 'NONE', #1827, #8816 ) ;
#11730 = EDGE_LOOP ( 'NONE', ( #4601, #9586, #6946, #10555 ) ) ;
#11731 = ORIENTED_EDGE ( 'NONE', *, *, #6011, .T. ) ;
#11732 = VECTOR ( 'NONE', #10466, 1000.000000000000000 ) ;
#11733 = DIRECTION ( 'NONE',  ( -1.000000000000000000, -0.000000000000000000, -0.000000000000000000 ) ) ;
#11734 = ORIENTED_EDGE ( 'NONE', *, *, #2590, .F. ) ;
#11735 = DIRECTION ( 'NONE',  ( 1.000000000000000000, 0.000000000000000000, 0.000000000000000000 ) ) ;
#11736 = CARTESIAN_POINT ( 'NONE',  ( -3.469446951953614189E-15, 0.000000000000000000, 0.000000000000000000 ) ) ;
#11737 = EDGE_CURVE ( 'NONE', #6653, #3999, #7851, .T. ) ;
#11738 = DIRECTION ( 'NONE',  ( -0.000000000000000000, 0.2588190451025140781, 0.9659258262890700886 ) ) ;
#11739 = VECTOR ( 'NONE', #3922, 1000.000000000000114 ) ;
#11740 = AXIS2_PLACEMENT_3D ( 'NONE', #3098, #166, #23 ) ;
#11741 = VECTOR ( 'NONE', #8949, 1000.000000000000000 ) ;
#11742 = CARTESIAN_POINT ( 'NONE',  ( 12.69999999999999574, 0.5080000000000000071, 0.7528818102449925664 ) ) ;
#11743 = ORIENTED_EDGE ( 'NONE', *, *, #8466, .F. ) ;
#11744 = AXIS2_PLACEMENT_3D ( 'NONE', #10443, #1520, #9605 ) ;
#11745 = LINE ( 'NONE', #2828, #8776 ) ;
#11746 = EDGE_CURVE ( 'NONE', #11796, #10850, #7655, .T. ) ;
#11747 = FACE_OUTER_BOUND ( 'NONE', #1869, .T. ) ;
#11748 = DIRECTION ( 'NONE',  ( 0.000000000000000000, -1.000000000000000000, 0.000000000000000000 ) ) ;
#11749 = CARTESIAN_POINT ( 'NONE',  ( -2.540000000000004032, 0.5080000000000000071, 0.7528818102449925664 ) ) ;
#11750 = DIRECTION ( 'NONE',  ( -1.000000000000000000, 0.000000000000000000, -0.000000000000000000 ) ) ;
#11751 = ORIENTED_EDGE ( 'NONE', *, *, #2293, .T. ) ;
#11752 = CARTESIAN_POINT ( 'NONE',  ( 26.28900000000000148, 7.239000000000000767, 0.3809999999999962861 ) ) ;
#11753 = VECTOR ( 'NONE', #8439, 1000.000000000000000 ) ;
#11754 = CARTESIAN_POINT ( 'NONE',  ( -25.40000000000000568, -1.925929944387235853E-31, 0.8889999999999991243 ) ) ;
#11755 = ORIENTED_EDGE ( 'NONE', *, *, #5614, .F. ) ;
#11756 = MECHANICAL_DESIGN_GEOMETRIC_PRESENTATION_REPRESENTATION (  '', ( #9472 ), #6145 ) ;
#11757 = EDGE_CURVE ( 'NONE', #8247, #6978, #7588, .T. ) ;
#11758 = LINE ( 'NONE', #567, #11807 ) ;
#11759 = SURFACE_STYLE_USAGE ( .BOTH. , #10586 ) ;
#11760 = ORIENTED_EDGE ( 'NONE', *, *, #9755, .T. ) ;
#11761 = DIRECTION ( 'NONE',  ( -0.000000000000000000, 1.000000000000000000, 1.733406087350420004E-16 ) ) ;
#11762 = EDGE_LOOP ( 'NONE', ( #2781, #2735, #4923, #5568 ) ) ;
#11763 = AXIS2_PLACEMENT_3D ( 'NONE', #9829, #907, #4890 ) ;
#11764 = AXIS2_PLACEMENT_3D ( 'NONE', #3092, #2102, #11101 ) ;
#11765 =( GEOMETRIC_REPRESENTATION_CONTEXT ( 3 ) GLOBAL_UNCERTAINTY_ASSIGNED_CONTEXT ( ( #6007 ) ) GLOBAL_UNIT_ASSIGNED_CONTEXT ( ( #3253, #7184, #11200 ) ) REPRESENTATION_CONTEXT ( 'NONE', 'WORKASPACE' ) );
#11766 = DIRECTION ( 'NONE',  ( 0.000000000000000000, -0.9659258262890700886, 0.2588190451025140781 ) ) ;
#11767 = EDGE_CURVE ( 'NONE', #12299, #4419, #3673, .T. ) ;
#11768 = VECTOR ( 'NONE', #6927, 1000.000000000000000 ) ;
#11769 = CARTESIAN_POINT ( 'NONE',  ( 20.31999999999999673, 0.5080000000000002292, -0.7528818102449945648 ) ) ;
#11770 = CARTESIAN_POINT ( 'NONE',  ( -7.620000000000005436, 0.5080000000000000071, 0.7528818102449925664 ) ) ;
#11771 = DIRECTION ( 'NONE',  ( -1.000000000000000000, -0.000000000000000000, -0.000000000000000000 ) ) ;
#11772 = FACE_OUTER_BOUND ( 'NONE', #9030, .T. ) ;
#11773 = VERTEX_POINT ( 'NONE', #11620 ) ;
#11774 = DIRECTION ( 'NONE',  ( 0.000000000000000000, 1.000000000000000000, 1.733406087350420004E-16 ) ) ;
#11775 = ADVANCED_FACE ( 'NONE', ( #11562 ), #6624, .F. ) ;
#11776 = AXIS2_PLACEMENT_3D ( 'NONE', #4812, #10467, #2601 ) ;
#11777 = VECTOR ( 'NONE', #8705, 1000.000000000000000 ) ;
#11778 = DIRECTION ( 'NONE',  ( 0.000000000000000000, -1.000000000000000000, -2.548365665731588345E-16 ) ) ;
#11779 = EDGE_LOOP ( 'NONE', ( #11275, #1394, #5787, #8323 ) ) ;
#11780 = CARTESIAN_POINT ( 'NONE',  ( -14.35100000000000442, 7.239000000000000767, 0.3809999999999962861 ) ) ;
#11781 = ADVANCED_FACE ( 'NONE', ( #10637 ), #2702, .F. ) ;
#11782 = DIRECTION ( 'NONE',  ( 0.000000000000000000, 0.000000000000000000, 1.000000000000000000 ) ) ;
#11783 = ORIENTED_EDGE ( 'NONE', *, *, #9914, .F. ) ;
#11784 = LINE ( 'NONE', #1867, #5240 ) ;
#11785 = CARTESIAN_POINT ( 'NONE',  ( 7.619999999999994778, 0.000000000000000000, 1.269999999999998908 ) ) ;
#11786 = ORIENTED_EDGE ( 'NONE', *, *, #2938, .F. ) ;
#11787 = FACE_OUTER_BOUND ( 'NONE', #8082, .T. ) ;
#11788 = EDGE_LOOP ( 'NONE', ( #10252, #10355, #1242, #6312 ) ) ;
#11789 = ORIENTED_EDGE ( 'NONE', *, *, #8380, .F. ) ;
#11790 = EDGE_CURVE ( 'NONE', #9933, #6571, #1587, .T. ) ;
#11791 = EDGE_CURVE ( 'NONE', #8337, #9432, #5571, .T. ) ;
#11792 =( NAMED_UNIT ( * ) SI_UNIT ( $, .STERADIAN. ) SOLID_ANGLE_UNIT ( ) );
#11793 = ORIENTED_EDGE ( 'NONE', *, *, #11068, .F. ) ;
#11794 = AXIS2_PLACEMENT_3D ( 'NONE', #8123, #10066, #1994 ) ;
#11795 = ADVANCED_FACE ( 'NONE', ( #5689 ), #11817, .F. ) ;
#11796 = VERTEX_POINT ( 'NONE', #11679 ) ;
#11797 = CARTESIAN_POINT ( 'NONE',  ( -9.271000000000004349, 7.239000000000000767, 0.3809999999999962861 ) ) ;
#11798 = CARTESIAN_POINT ( 'NONE',  ( 16.38299999999999912, 7.810500000000000220, -0.1270000000000020557 ) ) ;
#11799 = ORIENTED_EDGE ( 'NONE', *, *, #4435, .F. ) ;
#11800 = FACE_OUTER_BOUND ( 'NONE', #4794, .T. ) ;
#11801 = DIRECTION ( 'NONE',  ( 0.000000000000000000, 1.000000000000000000, 1.733406087350420004E-16 ) ) ;
#11802 = ORIENTED_EDGE ( 'NONE', *, *, #4543, .T. ) ;
#11803 = ORIENTED_EDGE ( 'NONE', *, *, #2177, .F. ) ;
#11804 = EDGE_CURVE ( 'NONE', #9519, #8475, #12668, .T. ) ;
#11805 = CARTESIAN_POINT ( 'NONE',  ( 0.3810000000000000053, 0.5079999999999997851, 0.2032000000000010465 ) ) ;
#11806 = CLOSED_SHELL ( 'NONE', ( #11907, #1724, #7100, #2992, #2908, #3182, #11589, #9380, #6024, #2701, #10966, #3374, #3270, #9569, #6163, #5577, #9915, #7261, #3580 ) ) ;
#11807 = VECTOR ( 'NONE', #11629, 1000.000000000000000 ) ;
#11808 = ORIENTED_EDGE ( 'NONE', *, *, #2660, .F. ) ;
#11809 = DIRECTION ( 'NONE',  ( 0.7071067811865475727, -0.7071067811865475727, 0.000000000000000000 ) ) ;
#11810 = CARTESIAN_POINT ( 'NONE',  ( -10.16000000000000547, 0.5080000000000000071, 0.7528818102449925664 ) ) ;
#11811 = ORIENTED_EDGE ( 'NONE', *, *, #5902, .T. ) ;
#11812 = CARTESIAN_POINT ( 'NONE',  ( 5.968999999999994976, 7.239000000000000767, -0.3810000000000025033 ) ) ;
#11813 = ORIENTED_EDGE ( 'NONE', *, *, #3632, .T. ) ;
#11814 = VECTOR ( 'NONE', #5613, 1000.000000000000114 ) ;
#11815 = DIRECTION ( 'NONE',  ( -0.000000000000000000, 1.000000000000000000, 1.440069553722777130E-16 ) ) ;
#11816 = CARTESIAN_POINT ( 'NONE',  ( 16.12899999999999778, 7.239000000000000767, 0.3809999999999962861 ) ) ;
#11817 = PLANE ( 'NONE',  #5718 ) ;
#11818 = CARTESIAN_POINT ( 'NONE',  ( -22.86000000000000654, 0.000000000000000000, 1.269999999999998908 ) ) ;
#11819 = FACE_OUTER_BOUND ( 'NONE', #36, .T. ) ;
#11820 = EDGE_LOOP ( 'NONE', ( #6801, #3380, #12619, #1429, #8934, #10818, #7736, #8859 ) ) ;
#11821 = CARTESIAN_POINT ( 'NONE',  ( 28.19400000000000617, 2.177422008883992879E-16, -0.8890000000000013447 ) ) ;
#11822 = PLANE ( 'NONE',  #8793 ) ;
#11823 = ORIENTED_EDGE ( 'NONE', *, *, #2270, .F. ) ;
#11824 = CARTESIAN_POINT ( 'NONE',  ( 25.39999999999999858, -1.925929944387235853E-31, 0.8889999999999991243 ) ) ;
#11825 = EDGE_CURVE ( 'NONE', #3232, #11864, #10776, .T. ) ;
#11826 = AXIS2_PLACEMENT_3D ( 'NONE', #12252, #9253, #6401 ) ;
#11827 = ORIENTED_EDGE ( 'NONE', *, *, #6400, .T. ) ;
#11828 = CARTESIAN_POINT ( 'NONE',  ( -22.86000000000000654, 8.509000000000000341, 1.270000000000001128 ) ) ;
#11829 = ORIENTED_EDGE ( 'NONE', *, *, #2140, .F. ) ;
#11830 = CLOSED_SHELL ( 'NONE', ( #10592, #8518, #7840, #5933, #3093, #1024, #7802, #4428, #7646, #7230, #2492, #11367, #5007, #2629, #12191, #5539, #9762, #1227, #10275 ) ) ;
#11831 = PLANE ( 'NONE',  #12321 ) ;
#11832 = EDGE_CURVE ( 'NONE', #6966, #7096, #9603, .T. ) ;
#11833 = ORIENTED_EDGE ( 'NONE', *, *, #459, .F. ) ;
#11834 = CARTESIAN_POINT ( 'NONE',  ( 17.33549999999999613, 8.509000000000000341, 0.8254999999999981242 ) ) ;
#11835 = PLANE ( 'NONE',  #2831 ) ;
#11836 = PLANE ( 'NONE',  #8607 ) ;
#11837 = DIRECTION ( 'NONE',  ( -0.5773502691896252870, -0.5773502691896251759, -0.5773502691896267303 ) ) ;
#11838 = EDGE_LOOP ( 'NONE', ( #12094, #4643, #3118, #8513 ) ) ;
#11839 = DIRECTION ( 'NONE',  ( 0.000000000000000000, 1.000000000000000000, 2.548365665731588345E-16 ) ) ;
#11840 = DIRECTION ( 'NONE',  ( 0.000000000000000000, -0.9659258262890699775, -0.2588190451025145222 ) ) ;
#11841 = VERTEX_POINT ( 'NONE', #10513 ) ;
#11842 = FACE_OUTER_BOUND ( 'NONE', #9970, .T. ) ;
#11843 = DIRECTION ( 'NONE',  ( 1.000000000000000000, 0.000000000000000000, 0.000000000000000000 ) ) ;
#11844 = CARTESIAN_POINT ( 'NONE',  ( 23.74899999999999878, 7.239000000000000767, 0.3809999999999962861 ) ) ;
#11845 = SURFACE_STYLE_USAGE ( .BOTH. , #3959 ) ;
#11846 = VERTEX_POINT ( 'NONE', #4851 ) ;
#11847 = EDGE_CURVE ( 'NONE', #10416, #6021, #8819, .T. ) ;
#11848 = ORIENTED_EDGE ( 'NONE', *, *, #3407, .T. ) ;
#11849 = VERTEX_POINT ( 'NONE', #1841 ) ;
#11850 = DIRECTION ( 'NONE',  ( -0.000000000000000000, 0.000000000000000000, -1.000000000000000000 ) ) ;
#11851 = EDGE_CURVE ( 'NONE', #3373, #6613, #9671, .T. ) ;
#11852 = ORIENTED_EDGE ( 'NONE', *, *, #4783, .F. ) ;
#11853 = ORIENTED_EDGE ( 'NONE', *, *, #5819, .T. ) ;
#11854 = DIRECTION ( 'NONE',  ( 1.000000000000000000, 0.000000000000000000, 0.000000000000000000 ) ) ;
#11855 = PLANE ( 'NONE',  #9799 ) ;
#11856 = FILL_AREA_STYLE_COLOUR ( '', #9057 ) ;
#11857 = ORIENTED_EDGE ( 'NONE', *, *, #1506, .F. ) ;
#11858 = EDGE_CURVE ( 'NONE', #2497, #12826, #620, .T. ) ;
#11859 = ADVANCED_FACE ( 'NONE', ( #7712 ), #2762, .F. ) ;
#11860 = LINE ( 'NONE', #2997, #10442 ) ;
#11861 = DIRECTION ( 'NONE',  ( 1.000000000000000000, 0.000000000000000000, -0.000000000000000000 ) ) ;
#11862 = ORIENTED_EDGE ( 'NONE', *, *, #10996, .T. ) ;
#11863 = CARTESIAN_POINT ( 'NONE',  ( -3.469446951953614189E-15, 0.000000000000000000, 1.269999999999998908 ) ) ;
#11864 = VERTEX_POINT ( 'NONE', #4917 ) ;
#11865 = FACE_OUTER_BOUND ( 'NONE', #2294, .T. ) ;
#11866 = CARTESIAN_POINT ( 'NONE',  ( -20.32000000000000384, 0.5080000000000000071, 0.7528818102449925664 ) ) ;
#11867 = EDGE_LOOP ( 'NONE', ( #592, #6176, #9707, #5294 ) ) ;
#11868 = LINE ( 'NONE', #3787, #6574 ) ;
#11869 = EDGE_LOOP ( 'NONE', ( #4982, #11224, #4752, #7519 ) ) ;
#11870 = AXIS2_PLACEMENT_3D ( 'NONE', #2468, #12300, #4222 ) ;
#11871 = FACE_OUTER_BOUND ( 'NONE', #1061, .T. ) ;
#11872 = CARTESIAN_POINT ( 'NONE',  ( -6.731000000000004313, 8.064500000000000668, 0.3809999999999964526 ) ) ;
#11873 = PLANE ( 'NONE',  #12379 ) ;
#11874 = LINE ( 'NONE', #1709, #7739 ) ;
#11875 = LINE ( 'NONE', #9856, #4901 ) ;
#11876 = VERTEX_POINT ( 'NONE', #5168 ) ;
#11877 = LINE ( 'NONE', #1905, #1618 ) ;
#11878 = LINE ( 'NONE', #4984, #12111 ) ;
#11879 = VERTEX_POINT ( 'NONE', #6871 ) ;
#11880 = EDGE_LOOP ( 'NONE', ( #6604, #1920, #10765, #9909 ) ) ;
#11881 = DIRECTION ( 'NONE',  ( -1.000000000000000000, 0.000000000000000000, 0.000000000000000000 ) ) ;
#11882 = VECTOR ( 'NONE', #981, 1000.000000000000000 ) ;
#11883 =( NAMED_UNIT ( * ) PLANE_ANGLE_UNIT ( ) SI_UNIT ( $, .RADIAN. ) );
#11884 = ORIENTED_EDGE ( 'NONE', *, *, #11661, .T. ) ;
#11885 = ADVANCED_FACE ( 'NONE', ( #2888 ), #6942, .F. ) ;
#11886 = PLANE ( 'NONE',  #6974 ) ;
#11887 = VERTEX_POINT ( 'NONE', #8937 ) ;
#11888 = DIRECTION ( 'NONE',  ( -1.000000000000000000, -0.000000000000000000, -0.000000000000000000 ) ) ;
#11889 = VERTEX_POINT ( 'NONE', #7010 ) ;
#11890 = LINE ( 'NONE', #9748, #1509 ) ;
#11891 = COLOUR_RGB ( '',0.2509803921568627416, 0.2509803921568627416, 0.2509803921568627416 ) ;
#11892 = LINE ( 'NONE', #96, #8015 ) ;
#11893 = DIRECTION ( 'NONE',  ( 1.000000000000000000, 0.000000000000000000, 0.000000000000000000 ) ) ;
#11894 = VECTOR ( 'NONE', #713, 1000.000000000000000 ) ;
#11895 = CARTESIAN_POINT ( 'NONE',  ( -7.620000000000005436, 0.000000000000000000, 1.269999999999998908 ) ) ;
#11896 = ORIENTED_EDGE ( 'NONE', *, *, #2662, .F. ) ;
#11897 = FACE_OUTER_BOUND ( 'NONE', #11393, .T. ) ;
#11898 = ADVANCED_FACE ( 'NONE', ( #9075 ), #5885, .F. ) ;
#11899 = EDGE_CURVE ( 'NONE', #4864, #4075, #9133, .T. ) ;
#11900 = EDGE_CURVE ( 'NONE', #12826, #8273, #10971, .T. ) ;
#11901 = DIRECTION ( 'NONE',  ( 0.000000000000000000, -0.7071067811865484609, 0.7071067811865465735 ) ) ;
#11902 = ORIENTED_EDGE ( 'NONE', *, *, #5996, .T. ) ;
#11903 = VECTOR ( 'NONE', #11083, 1000.000000000000000 ) ;
#11904 = PLANE ( 'NONE',  #12363 ) ;
#11905 = VERTEX_POINT ( 'NONE', #11024 ) ;
#11906 = LINE ( 'NONE', #1933, #5653 ) ;
#11907 = ADVANCED_FACE ( 'NONE', ( #9921, #11086 ), #10108, .F. ) ;
#11908 = CARTESIAN_POINT ( 'NONE',  ( 15.23999999999999666, 2.177422008883992879E-16, -0.8890000000000013447 ) ) ;
#11909 = EDGE_CURVE ( 'NONE', #880, #1236, #1966, .T. ) ;
#11910 = PLANE ( 'NONE',  #9789 ) ;
#11911 = ORIENTED_EDGE ( 'NONE', *, *, #4782, .F. ) ;
#11912 = VECTOR ( 'NONE', #7285, 1000.000000000000000 ) ;
#11913 = VECTOR ( 'NONE', #4416, 1000.000000000000000 ) ;
#11914 = EDGE_LOOP ( 'NONE', ( #4770, #6854, #7433, #6887 ) ) ;
#11915 = EDGE_CURVE ( 'NONE', #9340, #12751, #3990, .T. ) ;
#11916 = VECTOR ( 'NONE', #4668, 1000.000000000000000 ) ;
#11917 = EDGE_LOOP ( 'NONE', ( #2264, #1927, #9015, #7132 ) ) ;
#11918 = CARTESIAN_POINT ( 'NONE',  ( 8.508999999999995012, 8.064500000000000668, -0.3810000000000023368 ) ) ;
#11919 = VECTOR ( 'NONE', #9601, 1000.000000000000000 ) ;
#11920 = PRESENTATION_STYLE_ASSIGNMENT (( #2805 ) ) ;
#11921 = ORIENTED_EDGE ( 'NONE', *, *, #5935, .F. ) ;
#11922 = DIRECTION ( 'NONE',  ( -1.000000000000000000, 0.000000000000000000, 0.000000000000000000 ) ) ;
#11923 = EDGE_CURVE ( 'NONE', #1448, #6291, #2088, .T. ) ;
#11924 = PLANE ( 'NONE',  #4825 ) ;
#11925 = ORIENTED_EDGE ( 'NONE', *, *, #912, .F. ) ;
#11926 = DIRECTION ( 'NONE',  ( 0.000000000000000000, 0.000000000000000000, -1.000000000000000000 ) ) ;
#11927 = ORIENTED_EDGE ( 'NONE', *, *, #900, .F. ) ;
#11928 = LINE ( 'NONE', #804, #8226 ) ;
#11929 = ADVANCED_FACE ( 'NONE', ( #5031 ), #4120, .F. ) ;
#11930 = AXIS2_PLACEMENT_3D ( 'NONE', #2623, #1308, #11277 ) ;
#11931 = DIRECTION ( 'NONE',  ( 0.000000000000000000, -5.054934237236841843E-31, -1.000000000000000000 ) ) ;
#11932 = EDGE_CURVE ( 'NONE', #2547, #8849, #8102, .T. ) ;
#11933 = ORIENTED_EDGE ( 'NONE', *, *, #3928, .T. ) ;
#11934 = EDGE_CURVE ( 'NONE', #12048, #10410, #1000, .T. ) ;
#11935 = VECTOR ( 'NONE', #11965, 1000.000000000000114 ) ;
#11936 = ADVANCED_FACE ( 'NONE', ( #4057 ), #11873, .F. ) ;
#11937 = EDGE_CURVE ( 'NONE', #11237, #10495, #12011, .T. ) ;
#11938 = CARTESIAN_POINT ( 'NONE',  ( -7.620000000000005436, 8.509000000000000341, -1.270000000000001128 ) ) ;
#11939 = ORIENTED_EDGE ( 'NONE', *, *, #8843, .F. ) ;
#11940 = VECTOR ( 'NONE', #4426, 1000.000000000000000 ) ;
#11941 = DIRECTION ( 'NONE',  ( 0.000000000000000000, 0.000000000000000000, 1.000000000000000000 ) ) ;
#11942 = EDGE_CURVE ( 'NONE', #7919, #11887, #5099, .T. ) ;
#11943 = FACE_OUTER_BOUND ( 'NONE', #11331, .T. ) ;
#11944 = DIRECTION ( 'NONE',  ( 0.000000000000000000, 0.9659258262890700886, -0.2588190451025140781 ) ) ;
#11945 = CARTESIAN_POINT ( 'NONE',  ( 25.39999999999999858, 0.000000000000000000, 1.269999999999998908 ) ) ;
#11946 = CARTESIAN_POINT ( 'NONE',  ( 10.15999999999999481, -1.925929944387235853E-31, 0.8889999999999991243 ) ) ;
#11947 =( NAMED_UNIT ( * ) PLANE_ANGLE_UNIT ( ) SI_UNIT ( $, .RADIAN. ) );
#11948 = ORIENTED_EDGE ( 'NONE', *, *, #10367, .F. ) ;
#11949 = CARTESIAN_POINT ( 'NONE',  ( 6.730999999999993655, 7.239000000000000767, -0.3810000000000025033 ) ) ;
#11950 = CARTESIAN_POINT ( 'NONE',  ( 2.539999999999996927, 0.000000000000000000, 1.269999999999998908 ) ) ;
#11951 = CARTESIAN_POINT ( 'NONE',  ( -3.469446951953614189E-15, 8.509000000000000341, -0.8255000000000036753 ) ) ;
#11952 = AXIS2_PLACEMENT_3D ( 'NONE', #10799, #1671, #10664 ) ;
#11953 = CARTESIAN_POINT ( 'NONE',  ( -16.12900000000000489, 8.064500000000000668, -0.3810000000000023368 ) ) ;
#11954 = AXIS2_PLACEMENT_3D ( 'NONE', #11564, #6747, #2644 ) ;
#11955 = CARTESIAN_POINT ( 'NONE',  ( -9.271000000000004349, 7.239000000000000767, 0.3809999999999962861 ) ) ;
#11956 = EDGE_CURVE ( 'NONE', #2768, #564, #2159, .T. ) ;
#11957 = ORIENTED_EDGE ( 'NONE', *, *, #10509, .F. ) ;
#11958 = LINE ( 'NONE', #20, #12114 ) ;
#11959 = ORIENTED_EDGE ( 'NONE', *, *, #8047, .T. ) ;
#11960 = VECTOR ( 'NONE', #7444, 1000.000000000000000 ) ;
#11961 = VECTOR ( 'NONE', #1901, 1000.000000000000000 ) ;
#11962 = FACE_OUTER_BOUND ( 'NONE', #9711, .T. ) ;
#11963 = STYLED_ITEM ( 'NONE', ( #4609 ), #10548 ) ;
#11964 = CARTESIAN_POINT ( 'NONE',  ( -16.89100000000000179, 8.064500000000000668, 0.3809999999999962861 ) ) ;
#11965 = DIRECTION ( 'NONE',  ( -0.5773502691896252870, -0.5773502691896251759, -0.5773502691896267303 ) ) ;
#11966 = DIRECTION ( 'NONE',  ( -0.000000000000000000, 0.2588190451025140781, 0.9659258262890700886 ) ) ;
#11967 = CARTESIAN_POINT ( 'NONE',  ( 7.619999999999994778, 8.509000000000000341, -1.270000000000001128 ) ) ;
#11968 = ORIENTED_EDGE ( 'NONE', *, *, #9775, .T. ) ;
#11969 = PLANE ( 'NONE',  #3888 ) ;
#11970 = VECTOR ( 'NONE', #5546, 1000.000000000000000 ) ;
#11971 = DIRECTION ( 'NONE',  ( 0.000000000000000000, 0.000000000000000000, 1.000000000000000000 ) ) ;
#11972 = AXIS2_PLACEMENT_3D ( 'NONE', #7815, #6884, #1915 ) ;
#11973 = ORIENTED_EDGE ( 'NONE', *, *, #8060, .F. ) ;
#11974 = VECTOR ( 'NONE', #3913, 1000.000000000000000 ) ;
#11975 = CARTESIAN_POINT ( 'NONE',  ( 17.77999999999999758, 3.110602869834277161E-16, -1.270000000000001128 ) ) ;
#11976 = ORIENTED_EDGE ( 'NONE', *, *, #11804, .T. ) ;
#11977 = FACE_OUTER_BOUND ( 'NONE', #5469, .T. ) ;
#11978 = DIRECTION ( 'NONE',  ( 1.000000000000000000, -0.000000000000000000, -0.000000000000000000 ) ) ;
#11979 = VECTOR ( 'NONE', #9959, 1000.000000000000000 ) ;
#11980 = SURFACE_SIDE_STYLE ('',( #5065 ) ) ;
#11981 = VERTEX_POINT ( 'NONE', #209 ) ;
#11982 = VECTOR ( 'NONE', #8718, 1000.000000000000000 ) ;
#11983 = EDGE_CURVE ( 'NONE', #1655, #12259, #4179, .T. ) ;
#11984 = VERTEX_POINT ( 'NONE', #8420 ) ;
#11985 = ORIENTED_EDGE ( 'NONE', *, *, #10697, .F. ) ;
#11986 = EDGE_CURVE ( 'NONE', #11887, #5799, #5417, .T. ) ;
#11987 = DIRECTION ( 'NONE',  ( 0.000000000000000000, 1.000000000000000000, 2.548365665731588345E-16 ) ) ;
#11988 = CARTESIAN_POINT ( 'NONE',  ( 0.000000000000000000, 0.000000000000000000, 0.000000000000000000 ) ) ;
#11989 = DIRECTION ( 'NONE',  ( 1.000000000000000000, 0.000000000000000000, 0.000000000000000000 ) ) ;
#11990 = DIRECTION ( 'NONE',  ( -1.000000000000000000, -0.000000000000000000, -0.000000000000000000 ) ) ;
#11991 = VECTOR ( 'NONE', #4185, 1000.000000000000000 ) ;
#11992 = VERTEX_POINT ( 'NONE', #10227 ) ;
#11993 = PLANE ( 'NONE',  #2548 ) ;
#11994 = ADVANCED_FACE ( 'NONE', ( #9337 ), #7322, .F. ) ;
#11995 = DIRECTION ( 'NONE',  ( 0.000000000000000000, 0.000000000000000000, -1.000000000000000000 ) ) ;
#11996 = VERTEX_POINT ( 'NONE', #5229 ) ;
#11997 = CARTESIAN_POINT ( 'NONE',  ( 20.31999999999999673, 8.509000000000000341, -1.270000000000001128 ) ) ;
#11998 = VERTEX_POINT ( 'NONE', #12138 ) ;
#11999 = DIRECTION ( 'NONE',  ( -0.000000000000000000, 1.000000000000000000, 1.733406087350420004E-16 ) ) ;
#12000 = UNCERTAINTY_MEASURE_WITH_UNIT (LENGTH_MEASURE( 1.000000000000000082E-05 ), #1786, 'distance_accuracy_value', 'NONE');
#12001 = DIRECTION ( 'NONE',  ( -1.000000000000000000, -0.000000000000000000, -0.000000000000000000 ) ) ;
#12002 = VECTOR ( 'NONE', #12303, 1000.000000000000114 ) ;
#12003 = DIRECTION ( 'NONE',  ( 0.000000000000000000, -1.440069553722777130E-16, 1.000000000000000000 ) ) ;
#12004 = VECTOR ( 'NONE', #1127, 1000.000000000000000 ) ;
#12005 = ORIENTED_EDGE ( 'NONE', *, *, #8267, .F. ) ;
#12006 = CARTESIAN_POINT ( 'NONE',  ( -6.731000000000004313, 7.239000000000000767, -0.3810000000000025033 ) ) ;
#12007 = ORIENTED_EDGE ( 'NONE', *, *, #6293, .F. ) ;
#12008 = LINE ( 'NONE', #4245, #3575 ) ;
#12009 = AXIS2_PLACEMENT_3D ( 'NONE', #4985, #9798, #154 ) ;
#12010 = CARTESIAN_POINT ( 'NONE',  ( 2.539999999999996927, -1.925929944387235853E-31, 0.8889999999999991243 ) ) ;
#12011 = LINE ( 'NONE', #3081, #1342 ) ;
#12012 = CARTESIAN_POINT ( 'NONE',  ( -26.28900000000000858, 8.064500000000000668, 0.3809999999999962861 ) ) ;
#12013 = DIRECTION ( 'NONE',  ( 0.000000000000000000, -1.733406087350420004E-16, 1.000000000000000000 ) ) ;
#12014 = CARTESIAN_POINT ( 'NONE',  ( 28.19400000000000617, 0.5080000000000000071, 0.7528818102449925664 ) ) ;
#12015 = VERTEX_POINT ( 'NONE', #402 ) ;
#12016 = DIRECTION ( 'NONE',  ( 0.000000000000000000, -1.000000000000000000, 0.000000000000000000 ) ) ;
#12017 = CARTESIAN_POINT ( 'NONE',  ( 7.619999999999994778, 0.000000000000000000, 1.269999999999998908 ) ) ;
#12018 = FACE_BOUND ( 'NONE', #3764, .T. ) ;
#12019 = LINE ( 'NONE', #10844, #4260 ) ;
#12020 = LINE ( 'NONE', #8111, #11321 ) ;
#12021 = PLANE ( 'NONE',  #11764 ) ;
#12022 = ORIENTED_EDGE ( 'NONE', *, *, #10482, .F. ) ;
#12023 = EDGE_CURVE ( 'NONE', #3041, #11876, #9641, .T. ) ;
#12024 = CARTESIAN_POINT ( 'NONE',  ( -6.731000000000004313, 8.064500000000000668, 0.3809999999999964526 ) ) ;
#12025 = ORIENTED_EDGE ( 'NONE', *, *, #1986, .F. ) ;
#12026 = EDGE_CURVE ( 'NONE', #4636, #10795, #465, .T. ) ;
#12027 = DIRECTION ( 'NONE',  ( -1.000000000000000000, -0.000000000000000000, -0.000000000000000000 ) ) ;
#12028 = EDGE_CURVE ( 'NONE', #3999, #9634, #8301, .T. ) ;
#12029 = DIRECTION ( 'NONE',  ( 0.5773502691896252870, -0.5773502691896251759, -0.5773502691896267303 ) ) ;
#12030 = CARTESIAN_POINT ( 'NONE',  ( 1.396999999999995357, 7.810500000000001108, 0.1269999999999965878 ) ) ;
#12031 = LINE ( 'NONE', #3100, #3153 ) ;
#12032 = VECTOR ( 'NONE', #7471, 1000.000000000000000 ) ;
#12033 = LINE ( 'NONE', #4144, #1800 ) ;
#12034 = CARTESIAN_POINT ( 'NONE',  ( 9.715499999999995140, 8.509000000000000341, 0.8254999999999981242 ) ) ;
#12035 = ORIENTED_EDGE ( 'NONE', *, *, #7625, .F. ) ;
#12036 = DIRECTION ( 'NONE',  ( 0.000000000000000000, 1.000000000000000000, -5.054934237236841843E-31 ) ) ;
#12037 = EDGE_CURVE ( 'NONE', #9559, #9187, #4701, .T. ) ;
#12038 = LINE ( 'NONE', #12878, #3837 ) ;
#12039 = VERTEX_POINT ( 'NONE', #9273 ) ;
#12040 = DIRECTION ( 'NONE',  ( -1.000000000000000000, 0.000000000000000000, 0.000000000000000000 ) ) ;
#12041 = ITEM_DEFINED_TRANSFORMATION ( 'NONE', 'NONE', #3874,  #1564 ) ;
#12042 = ORIENTED_EDGE ( 'NONE', *, *, #428, .T. ) ;
#12043 = AXIS2_PLACEMENT_3D ( 'NONE', #7033, #1926, #5910 ) ;
#12044 = EDGE_CURVE ( 'NONE', #12632, #6730, #10364, .T. ) ;
#12045 = LINE ( 'NONE', #11053, #7737 ) ;
#12046 = CARTESIAN_POINT ( 'NONE',  ( 9.270999999999993690, 8.064500000000000668, 0.3809999999999964526 ) ) ;
#12047 = CARTESIAN_POINT ( 'NONE',  ( 17.33549999999999613, 8.509000000000000341, -1.270000000000001128 ) ) ;
#12048 = VERTEX_POINT ( 'NONE', #3396 ) ;
#12049 =( LENGTH_UNIT ( ) NAMED_UNIT ( * ) SI_UNIT ( .MILLI., .METRE. ) );
#12050 = ORIENTED_EDGE ( 'NONE', *, *, #4624, .F. ) ;
#12051 = CLOSED_SHELL ( 'NONE', ( #2854, #4312, #9839, #8983, #3943, #9740, #4677, #2784 ) ) ;
#12052 = EDGE_LOOP ( 'NONE', ( #3526, #906, #1462, #3461, #6750, #2218, #915, #1256 ) ) ;
#12053 = CARTESIAN_POINT ( 'NONE',  ( 8.508999999999995012, 8.064500000000000668, 0.3809999999999962861 ) ) ;
#12054 = DIRECTION ( 'NONE',  ( -0.000000000000000000, -0.000000000000000000, 1.000000000000000000 ) ) ;
#12055 = LINE ( 'NONE', #3123, #5878 ) ;
#12056 = PLANE ( 'NONE',  #10843 ) ;
#12057 = ORIENTED_EDGE ( 'NONE', *, *, #4949, .F. ) ;
#12058 = PLANE ( 'NONE',  #12373 ) ;
#12059 = ORIENTED_EDGE ( 'NONE', *, *, #9968, .T. ) ;
#12060 = DIRECTION ( 'NONE',  ( 0.000000000000000000, 0.000000000000000000, 1.000000000000000000 ) ) ;
#12061 = ORIENTED_EDGE ( 'NONE', *, *, #9718, .F. ) ;
#12062 = ADVANCED_FACE ( 'NONE', ( #6276 ), #12328, .T. ) ;
#12063 = EDGE_CURVE ( 'NONE', #10906, #1892, #1381, .T. ) ;
#12064 = CARTESIAN_POINT ( 'NONE',  ( -28.19400000000000617, 0.5080000000000000071, 0.7528818102449925664 ) ) ;
#12065 = ORIENTED_EDGE ( 'NONE', *, *, #4742, .F. ) ;
#12066 = CARTESIAN_POINT ( 'NONE',  ( 15.23999999999999666, 0.5080000000000000071, 0.7528818102449925664 ) ) ;
#12067 =( REPRESENTATION_RELATIONSHIP ('NONE','NONE', #7825, #3815 ) REPRESENTATION_RELATIONSHIP_WITH_TRANSFORMATION ( #2320 )SHAPE_REPRESENTATION_RELATIONSHIP( ) );
#12068 = LINE ( 'NONE', #10107, #7363 ) ;
#12069 = DIRECTION ( 'NONE',  ( -0.000000000000000000, 1.000000000000000000, 1.733406087350420004E-16 ) ) ;
#12070 = DIRECTION ( 'NONE',  ( 0.000000000000000000, 0.9659258262890699775, 0.2588190451025145222 ) ) ;
#12071 = LINE ( 'NONE', #5101, #11556 ) ;
#12072 = CARTESIAN_POINT ( 'NONE',  ( 10.15999999999999481, 8.509000000000000341, -1.270000000000001128 ) ) ;
#12073 = ORIENTED_EDGE ( 'NONE', *, *, #998, .F. ) ;
#12074 = CARTESIAN_POINT ( 'NONE',  ( -16.89100000000000179, 7.239000000000000767, -0.3810000000000025033 ) ) ;
#12075 = DIRECTION ( 'NONE',  ( -1.000000000000000000, -0.000000000000000000, -0.000000000000000000 ) ) ;
#12076 = CARTESIAN_POINT ( 'NONE',  ( -1.143000000000005123, 7.810500000000001108, 0.1269999999999965878 ) ) ;
#12077 = ORIENTED_EDGE ( 'NONE', *, *, #1572, .F. ) ;
#12078 = LINE ( 'NONE', #2097, #4318 ) ;
#12079 = CARTESIAN_POINT ( 'NONE',  ( -2.540000000000004032, 2.177422008883992879E-16, -0.8890000000000013447 ) ) ;
#12080 = STYLED_ITEM ( 'NONE', ( #2265 ), #6231 ) ;
#12081 = CARTESIAN_POINT ( 'NONE',  ( -8.509000000000005670, 8.064500000000000668, -0.3810000000000023368 ) ) ;
#12082 = DIRECTION ( 'NONE',  ( 0.000000000000000000, -0.9659258262890699775, -0.2588190451025145222 ) ) ;
#12083 = ORIENTED_EDGE ( 'NONE', *, *, #8324, .T. ) ;
#12084 = CARTESIAN_POINT ( 'NONE',  ( -7.620000000000005436, 0.5080000000000002292, -0.7528818102449945648 ) ) ;
#12085 = EDGE_LOOP ( 'NONE', ( #2984, #1904, #11793, #12585 ) ) ;
#12086 = ADVANCED_FACE ( 'NONE', ( #8233 ), #7626, .F. ) ;
#12087 = DIRECTION ( 'NONE',  ( 0.000000000000000000, -1.000000000000000000, 0.000000000000000000 ) ) ;
#12088 = DIRECTION ( 'NONE',  ( 0.000000000000000000, 1.000000000000000000, -5.054934237236841843E-31 ) ) ;
#12089 = CARTESIAN_POINT ( 'NONE',  ( -9.271000000000004349, 8.064500000000000668, 0.3809999999999962861 ) ) ;
#12090 = DIRECTION ( 'NONE',  ( 0.000000000000000000, 0.9659258262890700886, -0.2588190451025140781 ) ) ;
#12091 = EDGE_CURVE ( 'NONE', #9519, #8991, #5362, .T. ) ;
#12092 = LINE ( 'NONE', #4341, #7036 ) ;
#12093 = CARTESIAN_POINT ( 'NONE',  ( -28.19400000000000617, 2.177422008883992879E-16, -0.8890000000000013447 ) ) ;
#12094 = ORIENTED_EDGE ( 'NONE', *, *, #2140, .T. ) ;
#12095 = VECTOR ( 'NONE', #8514, 1000.000000000000000 ) ;
#12096 = LINE ( 'NONE', #5128, #568 ) ;
#12097 = EDGE_CURVE ( 'NONE', #12314, #6693, #6418, .T. ) ;
#12098 = CARTESIAN_POINT ( 'NONE',  ( 23.74899999999999878, 7.239000000000000767, -0.3810000000000025033 ) ) ;
#12099 = VERTEX_POINT ( 'NONE', #3275 ) ;
#12100 = EDGE_CURVE ( 'NONE', #4971, #9332, #11593, .T. ) ;
#12101 = DIRECTION ( 'NONE',  ( 0.000000000000000000, -1.000000000000000000, -2.548365665731588345E-16 ) ) ;
#12102 = CONTEXT_DEPENDENT_SHAPE_REPRESENTATION ( #2328, #2956 ) ;
#12103 = ORIENTED_EDGE ( 'NONE', *, *, #10144, .T. ) ;
#12104 = VECTOR ( 'NONE', #1531, 1000.000000000000000 ) ;
#12105 = EDGE_CURVE ( 'NONE', #12301, #2598, #2289, .T. ) ;
#12106 = DIRECTION ( 'NONE',  ( 0.000000000000000000, -0.000000000000000000, -1.000000000000000000 ) ) ;
#12107 = FACE_OUTER_BOUND ( 'NONE', #391, .T. ) ;
#12108 = VERTEX_POINT ( 'NONE', #4248 ) ;
#12109 = DIRECTION ( 'NONE',  ( 0.000000000000000000, 1.000000000000000000, -5.054934237236841843E-31 ) ) ;
#12110 = EDGE_LOOP ( 'NONE', ( #11163, #4612, #723, #2952 ) ) ;
#12111 = VECTOR ( 'NONE', #12075, 1000.000000000000000 ) ;
#12112 = VECTOR ( 'NONE', #10380, 1000.000000000000000 ) ;
#12113 = ADVANCED_FACE ( 'NONE', ( #10608 ), #3203, .F. ) ;
#12114 = VECTOR ( 'NONE', #3150, 1000.000000000000000 ) ;
#12115 = EDGE_LOOP ( 'NONE', ( #247, #11852, #11403, #10866 ) ) ;
#12116 = CARTESIAN_POINT ( 'NONE',  ( -25.40000000000000568, 0.5080000000000002292, -0.7528818102449945648 ) ) ;
#12117 = CARTESIAN_POINT ( 'NONE',  ( 6.476999999999993207, 7.810500000000000220, -0.1270000000000020557 ) ) ;
#12118 = CARTESIAN_POINT ( 'NONE',  ( 5.524499999999994415, 8.509000000000000341, -1.270000000000001128 ) ) ;
#12119 = CARTESIAN_POINT ( 'NONE',  ( 2.539999999999996927, 0.5080000000000000071, 0.7528818102449925664 ) ) ;
#12120 = VECTOR ( 'NONE', #6499, 1000.000000000000000 ) ;
#12121 = VECTOR ( 'NONE', #4379, 1000.000000000000000 ) ;
#12122 = CARTESIAN_POINT ( 'NONE',  ( 10.15999999999999481, 0.5080000000000000071, 0.7528818102449925664 ) ) ;
#12123 = CARTESIAN_POINT ( 'NONE',  ( -17.78000000000000469, 2.177422008883992879E-16, -0.8890000000000013447 ) ) ;
#12124 = EDGE_LOOP ( 'NONE', ( #542, #6631, #4283, #6200 ) ) ;
#12125 = DIRECTION ( 'NONE',  ( -1.000000000000000000, 0.000000000000000000, 0.000000000000000000 ) ) ;
#12126 = EDGE_LOOP ( 'NONE', ( #11206, #8894, #8836, #9163 ) ) ;
#12127 = VERTEX_POINT ( 'NONE', #5729 ) ;
#12128 = CARTESIAN_POINT ( 'NONE',  ( 15.23999999999999666, 0.000000000000000000, 1.269999999999998908 ) ) ;
#12129 = CARTESIAN_POINT ( 'NONE',  ( 12.69999999999999574, 0.000000000000000000, 1.269999999999998908 ) ) ;
#12130 = VECTOR ( 'NONE', #5304, 1000.000000000000000 ) ;
#12131 = ORIENTED_EDGE ( 'NONE', *, *, #9287, .T. ) ;
#12132 = VECTOR ( 'NONE', #6367, 1000.000000000000000 ) ;
#12133 = ORIENTED_EDGE ( 'NONE', *, *, #2057, .F. ) ;
#12134 = CARTESIAN_POINT ( 'NONE',  ( 0.8889999999999974589, 8.064500000000000668, -0.3810000000000023368 ) ) ;
#12135 = EDGE_LOOP ( 'NONE', ( #4124, #1568, #7894, #12664 ) ) ;
#12136 = LINE ( 'NONE', #5165, #1909 ) ;
#12137 = DIRECTION ( 'NONE',  ( 0.000000000000000000, -1.000000000000000000, -2.548365665731588345E-16 ) ) ;
#12138 = CARTESIAN_POINT ( 'NONE',  ( 18.22449999999999903, 8.509000000000000341, -0.8255000000000036753 ) ) ;
#12139 = DIRECTION ( 'NONE',  ( 0.000000000000000000, -0.000000000000000000, -1.000000000000000000 ) ) ;
#12140 = VECTOR ( 'NONE', #5166, 1000.000000000000000 ) ;
#12141 = CARTESIAN_POINT ( 'NONE',  ( -16.89100000000000179, 8.064500000000000668, 0.3809999999999962861 ) ) ;
#12142 = SURFACE_STYLE_USAGE ( .BOTH. , #8162 ) ;
#12143 = ORIENTED_EDGE ( 'NONE', *, *, #12168, .F. ) ;
#12144 = FACE_BOUND ( 'NONE', #2254, .T. ) ;
#12145 = CARTESIAN_POINT ( 'NONE',  ( 27.05099999999999838, 7.239000000000000767, 0.3809999999999962861 ) ) ;
#12146 = FILL_AREA_STYLE ('',( #3143 ) ) ;
#12147 = FACE_OUTER_BOUND ( 'NONE', #1491, .T. ) ;
#12148 = VECTOR ( 'NONE', #12807, 1000.000000000000000 ) ;
#12149 = FACE_OUTER_BOUND ( 'NONE', #1714, .T. ) ;
#12150 = VECTOR ( 'NONE', #9683, 1000.000000000000000 ) ;
#12151 = EDGE_CURVE ( 'NONE', #12856, #1031, #4763, .T. ) ;
#12152 = CARTESIAN_POINT ( 'NONE',  ( 16.63699999999999690, 7.810500000000000220, -0.1270000000000020557 ) ) ;
#12153 = VERTEX_POINT ( 'NONE', #3759 ) ;
#12154 = DIRECTION ( 'NONE',  ( 0.000000000000000000, -0.7071067811865484609, 0.7071067811865465735 ) ) ;
#12155 = AXIS2_PLACEMENT_3D ( 'NONE', #11110, #8178, #2249 ) ;
#12156 = DIRECTION ( 'NONE',  ( -0.000000000000000000, 0.000000000000000000, 1.000000000000000000 ) ) ;
#12157 = DIRECTION ( 'NONE',  ( -1.000000000000000000, -0.000000000000000000, -0.000000000000000000 ) ) ;
#12158 = DIRECTION ( 'NONE',  ( 0.000000000000000000, -0.9659258262890699775, -0.2588190451025145222 ) ) ;
#12159 = CARTESIAN_POINT ( 'NONE',  ( 21.20899999999999963, 8.064500000000000668, -0.3810000000000023368 ) ) ;
#12160 = EDGE_CURVE ( 'NONE', #6990, #9646, #2859, .T. ) ;
#12161 = CARTESIAN_POINT ( 'NONE',  ( -0.1961031209927693586, -3.200400000000000134, -0.2032000000000002138 ) ) ;
#12162 = CARTESIAN_POINT ( 'NONE',  ( 21.20899999999999963, 7.239000000000000767, 0.3809999999999962861 ) ) ;
#12163 = ORIENTED_EDGE ( 'NONE', *, *, #10463, .F. ) ;
#12164 = AXIS2_PLACEMENT_3D ( 'NONE', #10823, #8989, #1886 ) ;
#12165 = VECTOR ( 'NONE', #8054, 999.9999999999998863 ) ;
#12166 = DIRECTION ( 'NONE',  ( 0.000000000000000000, 1.000000000000000000, 0.000000000000000000 ) ) ;
#12167 = EDGE_LOOP ( 'NONE', ( #7869, #2318, #1029, #2176, #9770, #382, #8534, #11948 ) ) ;
#12168 = EDGE_CURVE ( 'NONE', #9823, #6539, #8910, .T. ) ;
#12169 = CARTESIAN_POINT ( 'NONE',  ( -25.40000000000000568, 2.177422008883992879E-16, -0.8890000000000013447 ) ) ;
#12170 = CONTEXT_DEPENDENT_SHAPE_REPRESENTATION ( #3161, #339 ) ;
#12171 = ORIENTED_EDGE ( 'NONE', *, *, #1656, .F. ) ;
#12172 = VECTOR ( 'NONE', #4591, 1000.000000000000000 ) ;
#12173 = AXIS2_PLACEMENT_3D ( 'NONE', #7468, #12477, #11489 ) ;
#12174 = VECTOR ( 'NONE', #8847, 1000.000000000000000 ) ;
#12175 = CARTESIAN_POINT ( 'NONE',  ( -25.40000000000000568, -1.925929944387235853E-31, 0.8889999999999991243 ) ) ;
#12176 = EDGE_CURVE ( 'NONE', #9618, #9158, #9763, .T. ) ;
#12177 = CARTESIAN_POINT ( 'NONE',  ( 25.39999999999999858, 0.5080000000000002292, -0.7528818102449945648 ) ) ;
#12178 = CARTESIAN_POINT ( 'NONE',  ( 27.05099999999999838, 7.239000000000000767, -0.3810000000000025033 ) ) ;
#12179 = ORIENTED_EDGE ( 'NONE', *, *, #4032, .T. ) ;
#12180 = CARTESIAN_POINT ( 'NONE',  ( -25.40000000000000568, 3.110602869834277161E-16, -1.270000000000001128 ) ) ;
#12181 = VERTEX_POINT ( 'NONE', #7885 ) ;
#12182 = AXIS2_PLACEMENT_3D ( 'NONE', #7217, #2303, #11170 ) ;
#12183 =( GEOMETRIC_REPRESENTATION_CONTEXT ( 3 ) GLOBAL_UNCERTAINTY_ASSIGNED_CONTEXT ( ( #5530 ) ) GLOBAL_UNIT_ASSIGNED_CONTEXT ( ( #4166, #6134, #4306 ) ) REPRESENTATION_CONTEXT ( 'NONE', 'WORKASPACE' ) );
#12184 = EDGE_CURVE ( 'NONE', #7343, #5409, #1809, .T. ) ;
#12185 = ORIENTED_EDGE ( 'NONE', *, *, #4827, .T. ) ;
#12186 = DIRECTION ( 'NONE',  ( 0.000000000000000000, 0.9659258262890699775, 0.2588190451025145222 ) ) ;
#12187 = CARTESIAN_POINT ( 'NONE',  ( -22.86000000000000654, 0.5080000000000002292, -0.7528818102449945648 ) ) ;
#12188 = CARTESIAN_POINT ( 'NONE',  ( -19.43100000000000449, 7.239000000000000767, 0.3809999999999962861 ) ) ;
#12189 = VECTOR ( 'NONE', #139, 1000.000000000000000 ) ;
#12190 = VECTOR ( 'NONE', #6061, 1000.000000000000000 ) ;
#12191 = ADVANCED_FACE ( 'NONE', ( #4817 ), #5992, .F. ) ;
#12192 = LINE ( 'NONE', #8090, #12719 ) ;
#12193 = ORIENTED_EDGE ( 'NONE', *, *, #632, .T. ) ;
#12194 = EDGE_CURVE ( 'NONE', #5775, #8005, #952, .T. ) ;
#12195 = DIRECTION ( 'NONE',  ( 1.000000000000000000, 0.000000000000000000, 0.000000000000000000 ) ) ;
#12196 = EDGE_LOOP ( 'NONE', ( #4945, #3053, #2093, #5019 ) ) ;
#12197 = ORIENTED_EDGE ( 'NONE', *, *, #2939, .F. ) ;
#12198 = DIRECTION ( 'NONE',  ( 0.000000000000000000, 2.449293598294710852E-16, -1.000000000000000000 ) ) ;
#12199 = AXIS2_PLACEMENT_3D ( 'NONE', #5597, #4631, #12568 ) ;
#12200 = ORIENTED_EDGE ( 'NONE', *, *, #9147, .T. ) ;
#12201 = ORIENTED_EDGE ( 'NONE', *, *, #8395, .F. ) ;
#12202 = LINE ( 'NONE', #267, #8640 ) ;
#12203 = ORIENTED_EDGE ( 'NONE', *, *, #778, .F. ) ;
#12204 = CARTESIAN_POINT ( 'NONE',  ( -15.24000000000000554, 0.000000000000000000, 1.269999999999998908 ) ) ;
#12205 = CARTESIAN_POINT ( 'NONE',  ( -17.78000000000000469, 0.5080000000000002292, -0.7528818102449945648 ) ) ;
#12206 = ORIENTED_EDGE ( 'NONE', *, *, #4858, .F. ) ;
#12207 = CARTESIAN_POINT ( 'NONE',  ( 27.94000000000000128, 0.000000000000000000, 0.000000000000000000 ) ) ;
#12208 = DIRECTION ( 'NONE',  ( 0.000000000000000000, -1.000000000000000000, 0.000000000000000000 ) ) ;
#12209 = DIRECTION ( 'NONE',  ( 0.000000000000000000, -0.000000000000000000, -1.000000000000000000 ) ) ;
#12210 = SURFACE_STYLE_FILL_AREA ( #4251 ) ;
#12211 = ORIENTED_EDGE ( 'NONE', *, *, #3180, .F. ) ;
#12212 = PRODUCT_DEFINITION_SHAPE ( 'NONE', 'NONE',  #12880 ) ;
#12213 = DIRECTION ( 'NONE',  ( -0.000000000000000000, -0.000000000000000000, 1.000000000000000000 ) ) ;
#12214 = FACE_OUTER_BOUND ( 'NONE', #3208, .T. ) ;
#12215 = DIRECTION ( 'NONE',  ( 0.000000000000000000, 0.9659258262890700886, -0.2588190451025140781 ) ) ;
#12216 = ORIENTED_EDGE ( 'NONE', *, *, #4003, .T. ) ;
#12217 =( NAMED_UNIT ( * ) PLANE_ANGLE_UNIT ( ) SI_UNIT ( $, .RADIAN. ) );
#12218 = AXIS2_PLACEMENT_3D ( 'NONE', #8846, #12036, #7936 ) ;
#12219 = DIRECTION ( 'NONE',  ( -0.000000000000000000, 0.000000000000000000, -1.000000000000000000 ) ) ;
#12220 = ORIENTED_EDGE ( 'NONE', *, *, #8052, .T. ) ;
#12221 = EDGE_CURVE ( 'NONE', #8668, #10591, #824, .T. ) ;
#12222 = CARTESIAN_POINT ( 'NONE',  ( 12.69999999999999574, 8.509000000000000341, -1.270000000000001128 ) ) ;
#12223 = FACE_OUTER_BOUND ( 'NONE', #3834, .T. ) ;
#12224 = CARTESIAN_POINT ( 'NONE',  ( -20.32000000000000384, 8.509000000000000341, -1.270000000000001128 ) ) ;
#12225 = CARTESIAN_POINT ( 'NONE',  ( -14.35100000000000442, 7.239000000000000767, -0.3810000000000025033 ) ) ;
#12226 = DIRECTION ( 'NONE',  ( 0.000000000000000000, 1.733406087350420004E-16, -1.000000000000000000 ) ) ;
#12227 = CARTESIAN_POINT ( 'NONE',  ( 22.85999999999999943, 8.509000000000000341, 1.270000000000001128 ) ) ;
#12228 = CARTESIAN_POINT ( 'NONE',  ( -20.32000000000000384, 2.177422008883992879E-16, -0.8890000000000013447 ) ) ;
#12229 = ORIENTED_EDGE ( 'NONE', *, *, #11145, .T. ) ;
#12230 = VECTOR ( 'NONE', #5579, 1000.000000000000000 ) ;
#12231 = CARTESIAN_POINT ( 'NONE',  ( 3.936999999999992728, 7.810500000000001108, 0.1269999999999965878 ) ) ;
#12232 = AXIS2_PLACEMENT_3D ( 'NONE', #5230, #2430, #3332 ) ;
#12233 = LINE ( 'NONE', #6307, #9874 ) ;
#12234 = ORIENTED_EDGE ( 'NONE', *, *, #239, .F. ) ;
#12235 = EDGE_CURVE ( 'NONE', #9913, #11498, #7924, .T. ) ;
#12236 = CARTESIAN_POINT ( 'NONE',  ( -16.89100000000000179, 7.239000000000000767, 0.3809999999999962861 ) ) ;
#12237 = ORIENTED_EDGE ( 'NONE', *, *, #8739, .F. ) ;
#12238 = EDGE_CURVE ( 'NONE', #9589, #8932, #8950, .T. ) ;
#12239 = DIRECTION ( 'NONE',  ( 1.000000000000000000, 0.000000000000000000, -0.000000000000000000 ) ) ;
#12240 = VECTOR ( 'NONE', #10710, 1000.000000000000000 ) ;
#12241 = DIRECTION ( 'NONE',  ( 0.000000000000000000, 2.449293598294710852E-16, -1.000000000000000000 ) ) ;
#12242 = PLANE ( 'NONE',  #4299 ) ;
#12243 = ORIENTED_EDGE ( 'NONE', *, *, #6767, .T. ) ;
#12244 =( NAMED_UNIT ( * ) SI_UNIT ( $, .STERADIAN. ) SOLID_ANGLE_UNIT ( ) );
#12245 = ORIENTED_EDGE ( 'NONE', *, *, #5340, .T. ) ;
#12246 = ADVANCED_FACE ( 'NONE', ( #7986 ), #6364, .F. ) ;
#12247 = CARTESIAN_POINT ( 'NONE',  ( -5.080000000000004512, -1.925929944387235853E-31, 0.8889999999999991243 ) ) ;
#12248 = ORIENTED_EDGE ( 'NONE', *, *, #9861, .F. ) ;
#12249 = CARTESIAN_POINT ( 'NONE',  ( -1.651000000000003132, 7.239000000000000767, -0.3810000000000025033 ) ) ;
#12250 = CARTESIAN_POINT ( 'NONE',  ( -20.32000000000000384, 8.509000000000000341, -1.270000000000001128 ) ) ;
#12251 = LINE ( 'NONE', #972, #5742 ) ;
#12252 = CARTESIAN_POINT ( 'NONE',  ( -15.24000000000000554, 0.000000000000000000, 0.000000000000000000 ) ) ;
#12253 = ORIENTED_EDGE ( 'NONE', *, *, #11073, .F. ) ;
#12254 = LINE ( 'NONE', #1234, #8006 ) ;
#12255 = EDGE_CURVE ( 'NONE', #2877, #6544, #10051, .T. ) ;
#12256 = VERTEX_POINT ( 'NONE', #357 ) ;
#12257 = VERTEX_POINT ( 'NONE', #2369 ) ;
#12258 = LINE ( 'NONE', #3322, #1756 ) ;
#12259 = VERTEX_POINT ( 'NONE', #6093 ) ;
#12260 = ORIENTED_EDGE ( 'NONE', *, *, #237, .F. ) ;
#12261 = ADVANCED_FACE ( 'NONE', ( #5115 ), #1202, .F. ) ;
#12262 = EDGE_CURVE ( 'NONE', #12039, #2075, #9090, .T. ) ;
#12263 = CARTESIAN_POINT ( 'NONE',  ( 5.079999999999993854, -1.925929944387235853E-31, 0.8889999999999991243 ) ) ;
#12264 = EDGE_LOOP ( 'NONE', ( #933, #9400, #12351, #11515 ) ) ;
#12265 = CARTESIAN_POINT ( 'NONE',  ( 11.81099999999999461, 7.239000000000000767, 0.3809999999999962861 ) ) ;
#12266 = CARTESIAN_POINT ( 'NONE',  ( 0.3810000000000000053, 0.5079999999999997851, 0.2032000000000010465 ) ) ;
#12267 = EDGE_LOOP ( 'NONE', ( #8913, #3817, #7376, #5986 ) ) ;
#12268 = DIRECTION ( 'NONE',  ( 0.000000000000000000, 0.000000000000000000, -1.000000000000000000 ) ) ;
#12269 = DIRECTION ( 'NONE',  ( 0.000000000000000000, 0.9659258262890700886, -0.2588190451025140781 ) ) ;
#12270 = DIRECTION ( 'NONE',  ( 0.000000000000000000, -1.440069553722777130E-16, 1.000000000000000000 ) ) ;
#12271 = EDGE_CURVE ( 'NONE', #2877, #2838, #1393, .T. ) ;
#12272 = VERTEX_POINT ( 'NONE', #8055 ) ;
#12273 = FACE_OUTER_BOUND ( 'NONE', #3935, .T. ) ;
#12274 = LINE ( 'NONE', #2298, #12846 ) ;
#12275 = ORIENTED_EDGE ( 'NONE', *, *, #7059, .T. ) ;
#12276 = LINE ( 'NONE', #7333, #1769 ) ;
#12277 = ORIENTED_EDGE ( 'NONE', *, *, #10871, .F. ) ;
#12278 = DIRECTION ( 'NONE',  ( -1.000000000000000000, -0.000000000000000000, -0.000000000000000000 ) ) ;
#12279 = CARTESIAN_POINT ( 'NONE',  ( -2.540000000000004032, 3.110602869834277161E-16, -1.270000000000001128 ) ) ;
#12280 = DIRECTION ( 'NONE',  ( -0.000000000000000000, 0.000000000000000000, -1.000000000000000000 ) ) ;
#12281 = LINE ( 'NONE', #3349, #5050 ) ;
#12282 = DIRECTION ( 'NONE',  ( 0.000000000000000000, -0.9659258262890700886, 0.2588190451025140781 ) ) ;
#12283 = PLANE ( 'NONE',  #6409 ) ;
#12284 = DIRECTION ( 'NONE',  ( 0.000000000000000000, 2.449293598294710852E-16, -1.000000000000000000 ) ) ;
#12285 = ORIENTED_EDGE ( 'NONE', *, *, #10168, .F. ) ;
#12286 = DIRECTION ( 'NONE',  ( 0.000000000000000000, -1.733406087350420004E-16, 1.000000000000000000 ) ) ;
#12287 = ADVANCED_FACE ( 'NONE', ( #7150 ), #12021, .F. ) ;
#12288 = DIRECTION ( 'NONE',  ( 0.000000000000000000, -0.9659258262890699775, -0.2588190451025145222 ) ) ;
#12289 = VERTEX_POINT ( 'NONE', #6290 ) ;
#12290 = DIRECTION ( 'NONE',  ( -0.000000000000000000, 1.000000000000000000, 1.733406087350420004E-16 ) ) ;
#12291 = ADVANCED_FACE ( 'NONE', ( #2175 ), #6227, .T. ) ;
#12292 = CONTEXT_DEPENDENT_SHAPE_REPRESENTATION ( #5829, #12302 ) ;
#12293 = ORIENTED_EDGE ( 'NONE', *, *, #4816, .T. ) ;
#12294 = DIRECTION ( 'NONE',  ( -1.000000000000000000, -0.000000000000000000, -0.000000000000000000 ) ) ;
#12295 = VERTEX_POINT ( 'NONE', #3288 ) ;
#12296 = DIRECTION ( 'NONE',  ( 0.000000000000000000, -5.054934237236841843E-31, -1.000000000000000000 ) ) ;
#12297 = CARTESIAN_POINT ( 'NONE',  ( -4.191000000000003389, 8.064500000000000668, -0.3810000000000023368 ) ) ;
#12298 = VECTOR ( 'NONE', #8198, 1000.000000000000000 ) ;
#12299 = VERTEX_POINT ( 'NONE', #10632 ) ;
#12300 = DIRECTION ( 'NONE',  ( -0.000000000000000000, 0.2588190451025140781, 0.9659258262890700886 ) ) ;
#12301 = VERTEX_POINT ( 'NONE', #9346 ) ;
#12302 = PRODUCT_DEFINITION_SHAPE ( 'NONE', 'NONE',  #12892 ) ;
#12303 = DIRECTION ( 'NONE',  ( 0.5773502691896252870, -0.5773502691896251759, -0.5773502691896267303 ) ) ;
#12304 = EDGE_LOOP ( 'NONE', ( #3520, #6469, #5524, #11067 ) ) ;
#12305 = VECTOR ( 'NONE', #126, 1000.000000000000000 ) ;
#12306 = CARTESIAN_POINT ( 'NONE',  ( -19.43100000000000449, 7.239000000000000767, 0.3809999999999962861 ) ) ;
#12307 =( LENGTH_UNIT ( ) NAMED_UNIT ( * ) SI_UNIT ( .MILLI., .METRE. ) );
#12308 = EDGE_CURVE ( 'NONE', #7445, #10617, #1702, .T. ) ;
#12309 = LINE ( 'NONE', #8339, #1692 ) ;
#12310 = CARTESIAN_POINT ( 'NONE',  ( -27.94000000000000483, 3.110602869834277161E-16, -1.270000000000001128 ) ) ;
#12311 = EDGE_LOOP ( 'NONE', ( #1350, #102, #1629, #3463, #6365, #1490, #9746, #11527 ) ) ;
#12312 = AXIS2_PLACEMENT_3D ( 'NONE', #10391, #12360, #4413 ) ;
#12313 = EDGE_CURVE ( 'NONE', #8991, #5656, #7583, .T. ) ;
#12314 = VERTEX_POINT ( 'NONE', #3483 ) ;
#12315 = ORIENTED_EDGE ( 'NONE', *, *, #8012, .F. ) ;
#12316 = VERTEX_POINT ( 'NONE', #5621 ) ;
#12317 =( REPRESENTATION_RELATIONSHIP ('NONE','NONE', #7825, #3815 ) REPRESENTATION_RELATIONSHIP_WITH_TRANSFORMATION ( #9949 )SHAPE_REPRESENTATION_RELATIONSHIP( ) );
#12318 = DIRECTION ( 'NONE',  ( 0.000000000000000000, 0.000000000000000000, 1.000000000000000000 ) ) ;
#12319 = ORIENTED_EDGE ( 'NONE', *, *, #12767, .F. ) ;
#12320 = ORIENTED_EDGE ( 'NONE', *, *, #10332, .F. ) ;
#12321 = AXIS2_PLACEMENT_3D ( 'NONE', #1723, #1855, #6695 ) ;
#12322 = ADVANCED_FACE ( 'NONE', ( #3596 ), #10374, .F. ) ;
#12323 = PLANE ( 'NONE',  #7615 ) ;
#12324 = ORIENTED_EDGE ( 'NONE', *, *, #8953, .F. ) ;
#12325 = DIRECTION ( 'NONE',  ( 0.000000000000000000, 0.000000000000000000, -1.000000000000000000 ) ) ;
#12326 = CARTESIAN_POINT ( 'NONE',  ( -10.16000000000000547, 8.509000000000000341, -1.270000000000001128 ) ) ;
#12327 = VERTEX_POINT ( 'NONE', #5429 ) ;
#12328 = PLANE ( 'NONE',  #5314 ) ;
#12329 = FACE_OUTER_BOUND ( 'NONE', #133, .T. ) ;
#12330 = FACE_OUTER_BOUND ( 'NONE', #7299, .T. ) ;
#12331 = EDGE_CURVE ( 'NONE', #688, #11841, #1447, .T. ) ;
#12332 = ORIENTED_EDGE ( 'NONE', *, *, #317, .T. ) ;
#12333 = AXIS2_PLACEMENT_3D ( 'NONE', #6355, #7458, #1386 ) ;
#12334 = DIRECTION ( 'NONE',  ( -1.000000000000000000, -0.000000000000000000, -0.000000000000000000 ) ) ;
#12335 = VECTOR ( 'NONE', #7780, 999.9999999999998863 ) ;
#12336 = VECTOR ( 'NONE', #8800, 1000.000000000000000 ) ;
#12337 = VERTEX_POINT ( 'NONE', #2440 ) ;
#12338 = LINE ( 'NONE', #1510, #11581 ) ;
#12339 = DIRECTION ( 'NONE',  ( -0.000000000000000000, 1.000000000000000000, 1.440069553722777130E-16 ) ) ;
#12340 = ORIENTED_EDGE ( 'NONE', *, *, #5088, .T. ) ;
#12341 =( LENGTH_UNIT ( ) NAMED_UNIT ( * ) SI_UNIT ( .MILLI., .METRE. ) );
#12342 = CARTESIAN_POINT ( 'NONE',  ( -5.080000000000004512, 0.000000000000000000, 0.000000000000000000 ) ) ;
#12343 = ORIENTED_EDGE ( 'NONE', *, *, #4953, .T. ) ;
#12344 = VECTOR ( 'NONE', #10636, 1000.000000000000000 ) ;
#12345 = CARTESIAN_POINT ( 'NONE',  ( -7.620000000000005436, 8.509000000000000341, 0.8254999999999981242 ) ) ;
#12346 = DIRECTION ( 'NONE',  ( 0.000000000000000000, 1.440069553722777130E-16, -1.000000000000000000 ) ) ;
#12347 = CARTESIAN_POINT ( 'NONE',  ( 20.31999999999999673, 0.5080000000000002292, -0.7528818102449945648 ) ) ;
#12348 = LINE ( 'NONE', #6437, #5700 ) ;
#12349 = CARTESIAN_POINT ( 'NONE',  ( 22.85999999999999943, -1.925929944387235853E-31, 0.8889999999999991243 ) ) ;
#12350 = CARTESIAN_POINT ( 'NONE',  ( -24.51100000000000634, 7.239000000000000767, -0.3810000000000025033 ) ) ;
#12351 = ORIENTED_EDGE ( 'NONE', *, *, #5652, .F. ) ;
#12352 = CARTESIAN_POINT ( 'NONE',  ( 0.3810000000000000053, 0.5079999999999997851, 0.2032000000000010465 ) ) ;
#12353 = VECTOR ( 'NONE', #7700, 1000.000000000000000 ) ;
#12354 = ADVANCED_FACE ( 'NONE', ( #12534 ), #4392, .F. ) ;
#12355 = DIRECTION ( 'NONE',  ( 0.000000000000000000, 0.000000000000000000, -1.000000000000000000 ) ) ;
#12356 = ORIENTED_EDGE ( 'NONE', *, *, #10630, .F. ) ;
#12357 = CARTESIAN_POINT ( 'NONE',  ( -7.620000000000005436, 0.000000000000000000, 0.000000000000000000 ) ) ;
#12358 = ITEM_DEFINED_TRANSFORMATION ( 'NONE', 'NONE', #966,  #1564 ) ;
#12359 = VERTEX_POINT ( 'NONE', #10436 ) ;
#12360 = DIRECTION ( 'NONE',  ( 0.000000000000000000, -0.7071067811865484609, 0.7071067811865465735 ) ) ;
#12361 = ORIENTED_EDGE ( 'NONE', *, *, #8914, .T. ) ;
#12362 = DIRECTION ( 'NONE',  ( 0.000000000000000000, -1.000000000000000000, -2.548365665731588345E-16 ) ) ;
#12363 = AXIS2_PLACEMENT_3D ( 'NONE', #175, #11989, #10070 ) ;
#12364 = DIRECTION ( 'NONE',  ( 0.000000000000000000, 0.000000000000000000, -1.000000000000000000 ) ) ;
#12365 = CARTESIAN_POINT ( 'NONE',  ( -5.080000000000004512, 0.5080000000000000071, 0.7528818102449925664 ) ) ;
#12366 = ADVANCED_FACE ( 'NONE', ( #7397 ), #5497, .F. ) ;
#12367 = ORIENTED_EDGE ( 'NONE', *, *, #5172, .F. ) ;
#12368 = SURFACE_STYLE_USAGE ( .BOTH. , #312 ) ;
#12369 = ORIENTED_EDGE ( 'NONE', *, *, #12813, .T. ) ;
#12370 = CARTESIAN_POINT ( 'NONE',  ( -24.51100000000000634, 7.239000000000000767, -0.3810000000000025033 ) ) ;
#12371 = VECTOR ( 'NONE', #6065, 1000.000000000000000 ) ;
#12372 = ORIENTED_EDGE ( 'NONE', *, *, #7999, .T. ) ;
#12373 = AXIS2_PLACEMENT_3D ( 'NONE', #5020, #2931, #7062 ) ;
#12374 = VECTOR ( 'NONE', #6824, 1000.000000000000114 ) ;
#12375 = CARTESIAN_POINT ( 'NONE',  ( 12.69999999999999574, 8.509000000000000341, 1.270000000000001128 ) ) ;
#12376 = PLANE ( 'NONE',  #12523 ) ;
#12377 = ADVANCED_FACE ( 'NONE', ( #2635 ), #1583, .F. ) ;
#12378 = PRESENTATION_LAYER_ASSIGNMENT (  '', '', ( #8014 ) ) ;
#12379 = AXIS2_PLACEMENT_3D ( 'NONE', #2946, #12851, #4977 ) ;
#12380 = PLANE ( 'NONE',  #7017 ) ;
#12381 = ORIENTED_EDGE ( 'NONE', *, *, #5491, .T. ) ;
#12382 = SURFACE_STYLE_USAGE ( .BOTH. , #1487 ) ;
#12383 = ORIENTED_EDGE ( 'NONE', *, *, #2213, .T. ) ;
#12384 = ORIENTED_EDGE ( 'NONE', *, *, #9563, .T. ) ;
#12385 = DIRECTION ( 'NONE',  ( 0.000000000000000000, 0.000000000000000000, 1.000000000000000000 ) ) ;
#12386 = EDGE_LOOP ( 'NONE', ( #9689, #5325, #11927, #177 ) ) ;
#12387 = VERTEX_POINT ( 'NONE', #11360 ) ;
#12388 = VECTOR ( 'NONE', #10830, 1000.000000000000114 ) ;
#12389 = VECTOR ( 'NONE', #2873, 1000.000000000000000 ) ;
#12390 = ADVANCED_FACE ( 'NONE', ( #8433 ), #616, .T. ) ;
#12391 = VECTOR ( 'NONE', #11999, 1000.000000000000000 ) ;
#12392 = CARTESIAN_POINT ( 'NONE',  ( 1.650999999999996248, 7.239000000000000767, 0.3809999999999962861 ) ) ;
#12393 = ORIENTED_EDGE ( 'NONE', *, *, #5640, .T. ) ;
#12394 = CARTESIAN_POINT ( 'NONE',  ( 0.8889999999999974589, 7.239000000000000767, 0.3809999999999962861 ) ) ;
#12395 = LINE ( 'NONE', #3468, #10887 ) ;
#12396 = ORIENTED_EDGE ( 'NONE', *, *, #9388, .T. ) ;
#12397 = CARTESIAN_POINT ( 'NONE',  ( 1.650999999999996248, 7.239000000000000767, -0.3810000000000025033 ) ) ;
#12398 = PLANE ( 'NONE',  #12840 ) ;
#12399 = ORIENTED_EDGE ( 'NONE', *, *, #4032, .F. ) ;
#12400 =( GEOMETRIC_REPRESENTATION_CONTEXT ( 3 ) GLOBAL_UNCERTAINTY_ASSIGNED_CONTEXT ( ( #10461 ) ) GLOBAL_UNIT_ASSIGNED_CONTEXT ( ( #2535, #3449, #11198 ) ) REPRESENTATION_CONTEXT ( 'NONE', 'WORKASPACE' ) );
#12401 = CARTESIAN_POINT ( 'NONE',  ( 12.69999999999999574, 0.000000000000000000, 1.269999999999998908 ) ) ;
#12402 = CARTESIAN_POINT ( 'NONE',  ( 8.508999999999995012, 7.239000000000000767, -0.3810000000000025033 ) ) ;
#12403 = VECTOR ( 'NONE', #6387, 1000.000000000000000 ) ;
#12404 = AXIS2_PLACEMENT_3D ( 'NONE', #583, #11390, #2332 ) ;
#12405 = CARTESIAN_POINT ( 'NONE',  ( 1.650999999999996248, 8.064500000000000668, 0.3809999999999962861 ) ) ;
#12406 = ORIENTED_EDGE ( 'NONE', *, *, #9211, .F. ) ;
#12407 = PLANE ( 'NONE',  #4066 ) ;
#12408 = PLANE ( 'NONE',  #941 ) ;
#12409 = ORIENTED_EDGE ( 'NONE', *, *, #4795, .F. ) ;
#12410 = VECTOR ( 'NONE', #9081, 1000.000000000000000 ) ;
#12411 = CARTESIAN_POINT ( 'NONE',  ( -17.78000000000000469, 0.000000000000000000, 0.000000000000000000 ) ) ;
#12412 = CARTESIAN_POINT ( 'NONE',  ( 17.77999999999999758, 0.5080000000000000071, 0.7528818102449925664 ) ) ;
#12413 = CARTESIAN_POINT ( 'NONE',  ( -1.651000000000003132, 8.064500000000000668, -0.3810000000000023368 ) ) ;
#12414 = DIRECTION ( 'NONE',  ( 0.000000000000000000, -1.440069553722777130E-16, 1.000000000000000000 ) ) ;
#12415 = EDGE_CURVE ( 'NONE', #7490, #8247, #4531, .T. ) ;
#12416 = LINE ( 'NONE', #1455, #376 ) ;
#12417 = FACE_OUTER_BOUND ( 'NONE', #4931, .T. ) ;
#12418 = ORIENTED_EDGE ( 'NONE', *, *, #10392, .F. ) ;
#12419 = EDGE_CURVE ( 'NONE', #8163, #7633, #6620, .T. ) ;
#12420 = DIRECTION ( 'NONE',  ( 1.000000000000000000, 0.000000000000000000, 0.000000000000000000 ) ) ;
#12421 = CARTESIAN_POINT ( 'NONE',  ( 21.20899999999999963, 8.064500000000000668, 0.3809999999999962861 ) ) ;
#12422 = ORIENTED_EDGE ( 'NONE', *, *, #6493, .T. ) ;
#12423 = ADVANCED_FACE ( 'NONE', ( #3410 ), #3536, .F. ) ;
#12424 = DIRECTION ( 'NONE',  ( -0.000000000000000000, 0.000000000000000000, 1.000000000000000000 ) ) ;
#12425 = ADVANCED_FACE ( 'NONE', ( #6432 ), #12408, .F. ) ;
#12426 = ORIENTED_EDGE ( 'NONE', *, *, #5738, .F. ) ;
#12427 = ADVANCED_FACE ( 'NONE', ( #11482 ), #2566, .F. ) ;
#12428 = DIRECTION ( 'NONE',  ( 1.000000000000000000, 0.000000000000000000, 0.000000000000000000 ) ) ;
#12429 = ORIENTED_EDGE ( 'NONE', *, *, #6951, .F. ) ;
#12430 = CARTESIAN_POINT ( 'NONE',  ( -28.19400000000000617, 3.110602869834277161E-16, -1.270000000000001128 ) ) ;
#12431 = DIRECTION ( 'NONE',  ( -0.5773502691896253980, 0.5773502691896253980, -0.5773502691896265082 ) ) ;
#12432 = FACE_OUTER_BOUND ( 'NONE', #7199, .T. ) ;
#12433 = CARTESIAN_POINT ( 'NONE',  ( 23.74899999999999878, 8.064500000000000668, -0.3810000000000023368 ) ) ;
#12434 = VECTOR ( 'NONE', #11881, 1000.000000000000000 ) ;
#12435 = ORIENTED_EDGE ( 'NONE', *, *, #11019, .F. ) ;
#12436 = AXIS2_PLACEMENT_3D ( 'NONE', #1314, #1191, #7324 ) ;
#12437 = FILL_AREA_STYLE ('',( #2395 ) ) ;
#12438 = ORIENTED_EDGE ( 'NONE', *, *, #2223, .T. ) ;
#12439 = EDGE_CURVE ( 'NONE', #44, #4355, #12601, .T. ) ;
#12440 = LINE ( 'NONE', #3506, #10754 ) ;
#12441 = VECTOR ( 'NONE', #1312, 1000.000000000000000 ) ;
#12442 = UNCERTAINTY_MEASURE_WITH_UNIT (LENGTH_MEASURE( 1.000000000000000082E-05 ), #12049, 'distance_accuracy_value', 'NONE');
#12443 = ORIENTED_EDGE ( 'NONE', *, *, #11251, .T. ) ;
#12444 = DIRECTION ( 'NONE',  ( 0.000000000000000000, 1.440069553722777130E-16, -1.000000000000000000 ) ) ;
#12445 = DIRECTION ( 'NONE',  ( 0.000000000000000000, 0.000000000000000000, 1.000000000000000000 ) ) ;
#12446 = AXIS2_PLACEMENT_3D ( 'NONE', #2626, #2815, #3662 ) ;
#12447 = FACE_OUTER_BOUND ( 'NONE', #5509, .T. ) ;
#12448 = FACE_OUTER_BOUND ( 'NONE', #10352, .T. ) ;
#12449 = EDGE_LOOP ( 'NONE', ( #9819, #6825, #7145, #3980 ) ) ;
#12450 = CARTESIAN_POINT ( 'NONE',  ( 16.12899999999999778, 7.239000000000000767, -0.3810000000000025033 ) ) ;
#12451 = ORIENTED_EDGE ( 'NONE', *, *, #9880, .T. ) ;
#12452 = ORIENTED_EDGE ( 'NONE', *, *, #11460, .F. ) ;
#12453 = LINE ( 'NONE', #5666, #2605 ) ;
#12454 = ORIENTED_EDGE ( 'NONE', *, *, #4182, .F. ) ;
#12455 = EDGE_CURVE ( 'NONE', #6605, #10226, #8740, .T. ) ;
#12456 = EDGE_LOOP ( 'NONE', ( #1993, #837, #8726, #9753 ) ) ;
#12457 = DIRECTION ( 'NONE',  ( 0.000000000000000000, -0.9659258262890699775, -0.2588190451025145222 ) ) ;
#12458 = ADVANCED_FACE ( 'NONE', ( #12784 ), #6738, .F. ) ;
#12459 = ORIENTED_EDGE ( 'NONE', *, *, #10738, .T. ) ;
#12460 = AXIS2_PLACEMENT_3D ( 'NONE', #5252, #4080, #8318 ) ;
#12461 = DIRECTION ( 'NONE',  ( 1.000000000000000000, 0.000000000000000000, 0.000000000000000000 ) ) ;
#12462 = LINE ( 'NONE', #345, #2147 ) ;
#12463 = ORIENTED_EDGE ( 'NONE', *, *, #4203, .F. ) ;
#12464 = DIRECTION ( 'NONE',  ( -0.000000000000000000, 1.000000000000000000, 1.733406087350420004E-16 ) ) ;
#12465 = PLANE ( 'NONE',  #12446 ) ;
#12466 = EDGE_LOOP ( 'NONE', ( #7155, #12613, #10519, #8907 ) ) ;
#12467 = LINE ( 'NONE', #2495, #7548 ) ;
#12468 = CARTESIAN_POINT ( 'NONE',  ( 10.15999999999999481, 2.177422008883992879E-16, -0.8890000000000013447 ) ) ;
#12469 = EDGE_CURVE ( 'NONE', #1185, #3585, #6808, .T. ) ;
#12470 = PLANE ( 'NONE',  #12587 ) ;
#12471 = FACE_OUTER_BOUND ( 'NONE', #9378, .T. ) ;
#12472 = DIRECTION ( 'NONE',  ( 0.000000000000000000, 0.9659258262890700886, -0.2588190451025140781 ) ) ;
#12473 = ORIENTED_EDGE ( 'NONE', *, *, #3434, .T. ) ;
#12474 = DIRECTION ( 'NONE',  ( 0.000000000000000000, 1.000000000000000000, 2.548365665731588345E-16 ) ) ;
#12475 = EDGE_CURVE ( 'NONE', #7789, #1728, #932, .T. ) ;
#12476 = LINE ( 'NONE', #417, #3804 ) ;
#12477 = DIRECTION ( 'NONE',  ( 0.000000000000000000, 1.000000000000000000, -5.054934237236841843E-31 ) ) ;
#12478 = DIRECTION ( 'NONE',  ( 0.000000000000000000, -5.054934237236841843E-31, -1.000000000000000000 ) ) ;
#12479 = CARTESIAN_POINT ( 'NONE',  ( -25.40000000000000568, 2.177422008883992879E-16, -0.8890000000000013447 ) ) ;
#12480 = VECTOR ( 'NONE', #4384, 1000.000000000000000 ) ;
#12481 = PLANE ( 'NONE',  #1817 ) ;
#12482 = DIRECTION ( 'NONE',  ( 1.000000000000000000, 0.000000000000000000, 0.000000000000000000 ) ) ;
#12483 = ORIENTED_EDGE ( 'NONE', *, *, #9211, .T. ) ;
#12484 = EDGE_CURVE ( 'NONE', #11723, #284, #5881, .T. ) ;
#12485 = PLANE ( 'NONE',  #7035 ) ;
#12486 = CARTESIAN_POINT ( 'NONE',  ( -27.05100000000000549, 7.239000000000000767, -0.3810000000000025033 ) ) ;
#12487 = ORIENTED_EDGE ( 'NONE', *, *, #4605, .F. ) ;
#12488 = CARTESIAN_POINT ( 'NONE',  ( -16.89100000000000179, 8.064500000000000668, -0.3810000000000023368 ) ) ;
#12489 = ORIENTED_EDGE ( 'NONE', *, *, #9718, .T. ) ;
#12490 = PLANE ( 'NONE',  #8145 ) ;
#12491 = EDGE_CURVE ( 'NONE', #10824, #5585, #7846, .T. ) ;
#12492 = EDGE_LOOP ( 'NONE', ( #11760, #11716, #8649, #3761 ) ) ;
#12493 = DIRECTION ( 'NONE',  ( 0.000000000000000000, 1.000000000000000000, -5.054934237236841843E-31 ) ) ;
#12494 = LINE ( 'NONE', #6512, #12814 ) ;
#12495 = LINE ( 'NONE', #1472, #3197 ) ;
#12496 = VERTEX_POINT ( 'NONE', #9730 ) ;
#12497 = DIRECTION ( 'NONE',  ( 0.000000000000000000, -1.440069553722777130E-16, 1.000000000000000000 ) ) ;
#12498 = EDGE_LOOP ( 'NONE', ( #12179, #10417, #6804, #12720 ) ) ;
#12499 = CARTESIAN_POINT ( 'NONE',  ( -15.24000000000000554, 8.509000000000000341, -0.8255000000000036753 ) ) ;
#12500 = EDGE_CURVE ( 'NONE', #7242, #1474, #1771, .T. ) ;
#12501 = ADVANCED_FACE ( 'NONE', ( #995 ), #863, .F. ) ;
#12502 = ORIENTED_EDGE ( 'NONE', *, *, #1329, .F. ) ;
#12503 = AXIS2_PLACEMENT_3D ( 'NONE', #9320, #2341, #3317 ) ;
#12504 = ADVANCED_FACE ( 'NONE', ( #1897 ), #12718, .F. ) ;
#12505 = CARTESIAN_POINT ( 'NONE',  ( -3.469446951953614189E-15, 2.177422008883992879E-16, -0.8890000000000013447 ) ) ;
#12506 = CARTESIAN_POINT ( 'NONE',  ( 13.96999999999999709, 0.000000000000000000, 0.000000000000000000 ) ) ;
#12507 = EDGE_LOOP ( 'NONE', ( #10446, #6395, #1369, #1034 ) ) ;
#12508 =( GEOMETRIC_REPRESENTATION_CONTEXT ( 3 ) GLOBAL_UNCERTAINTY_ASSIGNED_CONTEXT ( ( #2077 ) ) GLOBAL_UNIT_ASSIGNED_CONTEXT ( ( #9894, #1028, #8864 ) ) REPRESENTATION_CONTEXT ( 'NONE', 'WORKASPACE' ) );
#12509 = DIRECTION ( 'NONE',  ( 0.000000000000000000, -2.449293598294710852E-16, 1.000000000000000000 ) ) ;
#12510 = DIRECTION ( 'NONE',  ( 0.000000000000000000, 1.000000000000000000, 1.733406087350420004E-16 ) ) ;
#12511 = ORIENTED_EDGE ( 'NONE', *, *, #643, .F. ) ;
#12512 = LINE ( 'NONE', #4638, #4007 ) ;
#12513 = ORIENTED_EDGE ( 'NONE', *, *, #1496, .F. ) ;
#12514 = ORIENTED_EDGE ( 'NONE', *, *, #5896, .F. ) ;
#12515 = EDGE_CURVE ( 'NONE', #9358, #5799, #6937, .T. ) ;
#12516 = VECTOR ( 'NONE', #7364, 1000.000000000000000 ) ;
#12517 = DIRECTION ( 'NONE',  ( -1.000000000000000000, -0.000000000000000000, -0.000000000000000000 ) ) ;
#12518 = ORIENTED_EDGE ( 'NONE', *, *, #3905, .F. ) ;
#12519 = ADVANCED_FACE ( 'NONE', ( #9849 ), #4845, .F. ) ;
#12520 = EDGE_LOOP ( 'NONE', ( #12502, #12550, #7890, #11255 ) ) ;
#12521 = DIRECTION ( 'NONE',  ( 0.000000000000000000, -1.000000000000000000, 0.000000000000000000 ) ) ;
#12522 = VERTEX_POINT ( 'NONE', #8814 ) ;
#12523 = AXIS2_PLACEMENT_3D ( 'NONE', #5792, #10804, #6711 ) ;
#12524 = CARTESIAN_POINT ( 'NONE',  ( 10.15999999999999481, -1.925929944387235853E-31, 0.8889999999999991243 ) ) ;
#12525 = CARTESIAN_POINT ( 'NONE',  ( -2.984500000000004594, 8.509000000000000341, -0.8255000000000036753 ) ) ;
#12526 = ORIENTED_EDGE ( 'NONE', *, *, #1688, .F. ) ;
#12527 = LINE ( 'NONE', #9274, #7664 ) ;
#12528 = CARTESIAN_POINT ( 'NONE',  ( -26.28900000000000858, 7.239000000000000767, -0.3810000000000025033 ) ) ;
#12529 = ORIENTED_EDGE ( 'NONE', *, *, #1982, .T. ) ;
#12530 = FACE_OUTER_BOUND ( 'NONE', #9645, .T. ) ;
#12531 = PLANE ( 'NONE',  #6160 ) ;
#12532 = VECTOR ( 'NONE', #10321, 1000.000000000000000 ) ;
#12533 = VECTOR ( 'NONE', #3858, 1000.000000000000000 ) ;
#12534 = FACE_OUTER_BOUND ( 'NONE', #964, .T. ) ;
#12535 = CARTESIAN_POINT ( 'NONE',  ( -10.16000000000000547, 0.5080000000000002292, -0.7528818102449945648 ) ) ;
#12536 = VERTEX_POINT ( 'NONE', #4728 ) ;
#12537 = DIRECTION ( 'NONE',  ( 0.000000000000000000, -1.440069553722777130E-16, 1.000000000000000000 ) ) ;
#12538 = DIRECTION ( 'NONE',  ( -1.000000000000000000, -0.000000000000000000, -0.000000000000000000 ) ) ;
#12539 = CARTESIAN_POINT ( 'NONE',  ( 27.94000000000000128, 3.110602869834277161E-16, -1.270000000000001128 ) ) ;
#12540 = VECTOR ( 'NONE', #10819, 1000.000000000000114 ) ;
#12541 = CARTESIAN_POINT ( 'NONE',  ( 16.12899999999999778, 8.064500000000000668, 0.3809999999999964526 ) ) ;
#12542 = AXIS2_PLACEMENT_3D ( 'NONE', #1001, #7011, #6151 ) ;
#12543 = CARTESIAN_POINT ( 'NONE',  ( 27.94000000000000128, 3.110602869834277161E-16, -1.270000000000001128 ) ) ;
#12544 = FACE_OUTER_BOUND ( 'NONE', #9263, .T. ) ;
#12545 = ORIENTED_EDGE ( 'NONE', *, *, #2634, .F. ) ;
#12546 = CARTESIAN_POINT ( 'NONE',  ( -5.524500000000005073, 8.509000000000000341, -0.8255000000000036753 ) ) ;
#12547 = VECTOR ( 'NONE', #12852, 1000.000000000000114 ) ;
#12548 = EDGE_CURVE ( 'NONE', #943, #5254, #11868, .T. ) ;
#12549 = FACE_OUTER_BOUND ( 'NONE', #7252, .T. ) ;
#12550 = ORIENTED_EDGE ( 'NONE', *, *, #481, .F. ) ;
#12551 = VECTOR ( 'NONE', #6961, 1000.000000000000000 ) ;
#12552 = CARTESIAN_POINT ( 'NONE',  ( 20.31999999999999673, 2.177422008883992879E-16, -0.8890000000000013447 ) ) ;
#12553 = ORIENTED_EDGE ( 'NONE', *, *, #1824, .T. ) ;
#12554 = DIRECTION ( 'NONE',  ( 0.000000000000000000, 1.440069553722777130E-16, -1.000000000000000000 ) ) ;
#12555 = EDGE_CURVE ( 'NONE', #9769, #2481, #1962, .T. ) ;
#12556 = EDGE_LOOP ( 'NONE', ( #439, #9828, #12435, #4005 ) ) ;
#12557 = DIRECTION ( 'NONE',  ( -0.000000000000000000, 1.000000000000000000, 1.440069553722777130E-16 ) ) ;
#12558 = CARTESIAN_POINT ( 'NONE',  ( -27.05100000000000549, 7.239000000000000767, 0.3809999999999962861 ) ) ;
#12559 = CARTESIAN_POINT ( 'NONE',  ( 2.539999999999996927, 3.110602869834277161E-16, -1.270000000000001128 ) ) ;
#12560 = DIRECTION ( 'NONE',  ( 0.000000000000000000, 1.440069553722777130E-16, -1.000000000000000000 ) ) ;
#12561 = VERTEX_POINT ( 'NONE', #2941 ) ;
#12562 = VECTOR ( 'NONE', #6859, 1000.000000000000000 ) ;
#12563 = DIRECTION ( 'NONE',  ( -1.000000000000000000, -0.000000000000000000, -0.000000000000000000 ) ) ;
#12564 = CARTESIAN_POINT ( 'NONE',  ( 23.30449999999999733, 8.509000000000000341, 0.8254999999999981242 ) ) ;
#12565 = ORIENTED_EDGE ( 'NONE', *, *, #655, .F. ) ;
#12566 = AXIS2_PLACEMENT_3D ( 'NONE', #12365, #7424, #2466 ) ;
#12567 = CARTESIAN_POINT ( 'NONE',  ( 16.89099999999999469, 8.064500000000000668, 0.3809999999999962861 ) ) ;
#12568 = DIRECTION ( 'NONE',  ( 1.000000000000000000, 0.000000000000000000, 0.000000000000000000 ) ) ;
#12569 = ORIENTED_EDGE ( 'NONE', *, *, #725, .F. ) ;
#12570 = VECTOR ( 'NONE', #10995, 1000.000000000000000 ) ;
#12571 = CARTESIAN_POINT ( 'NONE',  ( 9.270999999999993690, 7.239000000000000767, 0.3809999999999962861 ) ) ;
#12572 = CARTESIAN_POINT ( 'NONE',  ( -6.731000000000004313, 7.239000000000000767, 0.3809999999999962861 ) ) ;
#12573 = FACE_OUTER_BOUND ( 'NONE', #5750, .T. ) ;
#12574 = ORIENTED_EDGE ( 'NONE', *, *, #4365, .F. ) ;
#12575 = FACE_OUTER_BOUND ( 'NONE', #11357, .T. ) ;
#12576 = EDGE_CURVE ( 'NONE', #4810, #8515, #7004, .T. ) ;
#12577 = ORIENTED_EDGE ( 'NONE', *, *, #931, .F. ) ;
#12578 = ORIENTED_EDGE ( 'NONE', *, *, #11596, .F. ) ;
#12579 = VECTOR ( 'NONE', #10719, 1000.000000000000000 ) ;
#12580 = FACE_OUTER_BOUND ( 'NONE', #8190, .T. ) ;
#12581 = ORIENTED_EDGE ( 'NONE', *, *, #1111, .F. ) ;
#12582 = ORIENTED_EDGE ( 'NONE', *, *, #8208, .T. ) ;
#12583 = EDGE_CURVE ( 'NONE', #5678, #4573, #8933, .T. ) ;
#12584 = DIRECTION ( 'NONE',  ( -1.000000000000000000, -0.000000000000000000, -0.000000000000000000 ) ) ;
#12585 = ORIENTED_EDGE ( 'NONE', *, *, #12855, .F. ) ;
#12586 = EDGE_CURVE ( 'NONE', #4959, #7919, #9666, .T. ) ;
#12587 = AXIS2_PLACEMENT_3D ( 'NONE', #5490, #2563, #671 ) ;
#12588 = VECTOR ( 'NONE', #1452, 1000.000000000000000 ) ;
#12589 = ADVANCED_FACE ( 'NONE', ( #7707 ), #11675, .F. ) ;
#12590 = CARTESIAN_POINT ( 'NONE',  ( 2.539999999999993818, 0.000000000000000000, 1.269999999999998908 ) ) ;
#12591 = CARTESIAN_POINT ( 'NONE',  ( 21.20899999999999963, 7.239000000000000767, -0.3810000000000025033 ) ) ;
#12592 = VERTEX_POINT ( 'NONE', #1241 ) ;
#12593 = CARTESIAN_POINT ( 'NONE',  ( -6.731000000000004313, 7.239000000000000767, -0.3810000000000025033 ) ) ;
#12594 = ORIENTED_EDGE ( 'NONE', *, *, #5403, .F. ) ;
#12595 = PRESENTATION_STYLE_ASSIGNMENT (( #5488 ) ) ;
#12596 = CARTESIAN_POINT ( 'NONE',  ( -18.66900000000000404, 7.239000000000000767, -0.3810000000000025033 ) ) ;
#12597 = ADVANCED_FACE ( 'NONE', ( #9268 ), #8294, .F. ) ;
#12598 = VECTOR ( 'NONE', #5756, 999.9999999999998863 ) ;
#12599 = DIRECTION ( 'NONE',  ( 0.000000000000000000, -0.000000000000000000, -1.000000000000000000 ) ) ;
#12600 = VECTOR ( 'NONE', #9286, 1000.000000000000000 ) ;
#12601 = LINE ( 'NONE', #8685, #8848 ) ;
#12602 = EDGE_LOOP ( 'NONE', ( #10701, #206, #6926, #10788, #10801, #7947, #7751, #10958 ) ) ;
#12603 = DIRECTION ( 'NONE',  ( 1.000000000000000000, 0.000000000000000000, 0.000000000000000000 ) ) ;
#12604 = PRESENTATION_LAYER_ASSIGNMENT (  '', '', ( #10940 ) ) ;
#12605 = DIRECTION ( 'NONE',  ( -0.000000000000000000, 1.000000000000000000, 1.440069553722777130E-16 ) ) ;
#12606 = MECHANICAL_DESIGN_GEOMETRIC_PRESENTATION_REPRESENTATION (  '', ( #6343 ), #5705 ) ;
#12607 = AXIS2_PLACEMENT_3D ( 'NONE', #12177, #10999, #2059 ) ;
#12608 = CARTESIAN_POINT ( 'NONE',  ( -22.86000000000000654, 0.000000000000000000, 1.269999999999998908 ) ) ;
#12609 = CARTESIAN_POINT ( 'NONE',  ( 0.3810000000000000053, -3.200400000000000134, 0.2032000000000001583 ) ) ;
#12610 = CARTESIAN_POINT ( 'NONE',  ( 12.69999999999999574, 2.177422008883992879E-16, -0.8890000000000013447 ) ) ;
#12611 = CARTESIAN_POINT ( 'NONE',  ( -2.540000000000004032, -1.925929944387235853E-31, 0.8889999999999991243 ) ) ;
#12612 = FACE_OUTER_BOUND ( 'NONE', #7507, .T. ) ;
#12613 = ORIENTED_EDGE ( 'NONE', *, *, #6493, .F. ) ;
#12614 = CARTESIAN_POINT ( 'NONE',  ( 11.04899999999999594, 7.239000000000000767, 0.3809999999999962861 ) ) ;
#12615 = EDGE_CURVE ( 'NONE', #845, #12272, #7182, .T. ) ;
#12616 = ORIENTED_EDGE ( 'NONE', *, *, #12221, .F. ) ;
#12617 = ADVANCED_FACE ( 'NONE', ( #4174 ), #7131, .F. ) ;
#12618 = LINE ( 'NONE', #10787, #12150 ) ;
#12619 = ORIENTED_EDGE ( 'NONE', *, *, #10828, .F. ) ;
#12620 = DIRECTION ( 'NONE',  ( 0.000000000000000000, -1.000000000000000000, -2.548365665731588345E-16 ) ) ;
#12621 = PRODUCT_RELATED_PRODUCT_CATEGORY ( 'part', '', ( #10429 ) ) ;
#12622 = VERTEX_POINT ( 'NONE', #7069 ) ;
#12623 = CARTESIAN_POINT ( 'NONE',  ( -3.469446951953614189E-15, 2.177422008883992879E-16, -0.8890000000000013447 ) ) ;
#12624 = CARTESIAN_POINT ( 'NONE',  ( 17.77999999999999758, 0.000000000000000000, 0.000000000000000000 ) ) ;
#12625 = LINE ( 'NONE', #4871, #10057 ) ;
#12626 = FACE_OUTER_BOUND ( 'NONE', #4500, .T. ) ;
#12627 = VERTEX_POINT ( 'NONE', #4052 ) ;
#12628 = VECTOR ( 'NONE', #10196, 1000.000000000000000 ) ;
#12629 = CARTESIAN_POINT ( 'NONE',  ( 28.19400000000000617, 8.509000000000000341, -1.270000000000001128 ) ) ;
#12630 = ADVANCED_FACE ( 'NONE', ( #6076 ), #2227, .F. ) ;
#12631 = CARTESIAN_POINT ( 'NONE',  ( -2.540000000000004032, 0.5080000000000002292, -0.7528818102449945648 ) ) ;
#12632 = VERTEX_POINT ( 'NONE', #3131 ) ;
#12633 = DIRECTION ( 'NONE',  ( 0.000000000000000000, 1.000000000000000000, 2.548365665731588345E-16 ) ) ;
#12634 = DIRECTION ( 'NONE',  ( 0.000000000000000000, 0.000000000000000000, 1.000000000000000000 ) ) ;
#12635 = ORIENTED_EDGE ( 'NONE', *, *, #5880, .F. ) ;
#12636 = PLANE ( 'NONE',  #2109 ) ;
#12637 = VECTOR ( 'NONE', #12420, 1000.000000000000000 ) ;
#12638 = VECTOR ( 'NONE', #9023, 1000.000000000000000 ) ;
#12639 = CARTESIAN_POINT ( 'NONE',  ( 27.94000000000000128, 8.509000000000000341, 1.270000000000001128 ) ) ;
#12640 = EDGE_LOOP ( 'NONE', ( #7291, #6932, #4410, #1755 ) ) ;
#12641 = DIRECTION ( 'NONE',  ( 0.000000000000000000, -1.000000000000000000, -2.548365665731588345E-16 ) ) ;
#12642 = VERTEX_POINT ( 'NONE', #8998 ) ;
#12643 = ORIENTED_EDGE ( 'NONE', *, *, #6282, .F. ) ;
#12644 = VECTOR ( 'NONE', #3145, 1000.000000000000000 ) ;
#12645 = PLANE ( 'NONE',  #4062 ) ;
#12646 = ORIENTED_EDGE ( 'NONE', *, *, #10618, .T. ) ;
#12647 = ORIENTED_EDGE ( 'NONE', *, *, #6627, .T. ) ;
#12648 = ADVANCED_FACE ( 'NONE', ( #5095 ), #3076, .F. ) ;
#12649 = FILL_AREA_STYLE_COLOUR ( '', #2825 ) ;
#12650 = VERTEX_POINT ( 'NONE', #12134 ) ;
#12651 = CARTESIAN_POINT ( 'NONE',  ( 9.715499999999995140, 8.509000000000000341, -1.270000000000001128 ) ) ;
#12652 = EDGE_CURVE ( 'NONE', #10551, #3733, #12202, .T. ) ;
#12653 = AXIS2_PLACEMENT_3D ( 'NONE', #872, #4855, #755 ) ;
#12654 = FACE_OUTER_BOUND ( 'NONE', #12052, .T. ) ;
#12655 = ORIENTED_EDGE ( 'NONE', *, *, #3743, .F. ) ;
#12656 = FACE_OUTER_BOUND ( 'NONE', #11473, .T. ) ;
#12657 = ORIENTED_EDGE ( 'NONE', *, *, #10916, .T. ) ;
#12658 = CARTESIAN_POINT ( 'NONE',  ( 8.508999999999995012, 8.064500000000000668, 0.3809999999999964526 ) ) ;
#12659 = EDGE_CURVE ( 'NONE', #6047, #12039, #8098, .T. ) ;
#12660 = CARTESIAN_POINT ( 'NONE',  ( -12.70000000000000462, -1.925929944387235853E-31, 0.8889999999999991243 ) ) ;
#12661 = EDGE_CURVE ( 'NONE', #7832, #3839, #9971, .T. ) ;
#12662 = ADVANCED_FACE ( 'NONE', ( #4116 ), #2153, .F. ) ;
#12663 = DIRECTION ( 'NONE',  ( 0.000000000000000000, 0.000000000000000000, 1.000000000000000000 ) ) ;
#12664 = ORIENTED_EDGE ( 'NONE', *, *, #2327, .T. ) ;
#12665 = CARTESIAN_POINT ( 'NONE',  ( 22.85999999999999943, 2.177422008883992879E-16, -0.8890000000000013447 ) ) ;
#12666 = EDGE_CURVE ( 'NONE', #3035, #10840, #1184, .T. ) ;
#12667 = CARTESIAN_POINT ( 'NONE',  ( -28.19400000000000617, 0.5080000000000002292, -0.7528818102449945648 ) ) ;
#12668 = LINE ( 'NONE', #867, #4888 ) ;
#12669 = FACE_OUTER_BOUND ( 'NONE', #11588, .T. ) ;
#12670 = CARTESIAN_POINT ( 'NONE',  ( -5.969000000000005635, 7.239000000000000767, -0.3810000000000025033 ) ) ;
#12671 = DIRECTION ( 'NONE',  ( 0.000000000000000000, -1.733406087350420004E-16, 1.000000000000000000 ) ) ;
#12672 = PLANE ( 'NONE',  #5272 ) ;
#12673 = ORIENTED_EDGE ( 'NONE', *, *, #9821, .T. ) ;
#12674 = CARTESIAN_POINT ( 'NONE',  ( 17.77999999999999758, 0.5080000000000002292, -0.7528818102449945648 ) ) ;
#12675 = CARTESIAN_POINT ( 'NONE',  ( -24.51100000000000634, 8.064500000000000668, -0.3810000000000023368 ) ) ;
#12676 = ORIENTED_EDGE ( 'NONE', *, *, #8946, .T. ) ;
#12677 = CARTESIAN_POINT ( 'NONE',  ( -11.04900000000000659, 7.239000000000000767, -0.3810000000000025033 ) ) ;
#12678 = VERTEX_POINT ( 'NONE', #3268 ) ;
#12679 = DIRECTION ( 'NONE',  ( -1.000000000000000000, -0.000000000000000000, -0.000000000000000000 ) ) ;
#12680 = ORIENTED_EDGE ( 'NONE', *, *, #10718, .T. ) ;
#12681 = PLANE ( 'NONE',  #3388 ) ;
#12682 = DIRECTION ( 'NONE',  ( 1.000000000000000000, 0.000000000000000000, 0.000000000000000000 ) ) ;
#12683 = LINE ( 'NONE', #3813, #3822 ) ;
#12684 = CARTESIAN_POINT ( 'NONE',  ( 15.23999999999999666, 0.5080000000000002292, -0.7528818102449945648 ) ) ;
#12685 = DIRECTION ( 'NONE',  ( 1.000000000000000000, 0.000000000000000000, 0.000000000000000000 ) ) ;
#12686 = ORIENTED_EDGE ( 'NONE', *, *, #953, .F. ) ;
#12687 = EDGE_CURVE ( 'NONE', #12536, #8172, #205, .T. ) ;
#12688 = FACE_OUTER_BOUND ( 'NONE', #7070, .T. ) ;
#12689 = EDGE_CURVE ( 'NONE', #5215, #10122, #7202, .T. ) ;
#12690 = LINE ( 'NONE', #8773, #724 ) ;
#12691 = ORIENTED_EDGE ( 'NONE', *, *, #12583, .T. ) ;
#12692 = CARTESIAN_POINT ( 'NONE',  ( 17.77999999999999758, 2.177422008883992879E-16, -0.8890000000000013447 ) ) ;
#12693 = DIRECTION ( 'NONE',  ( 0.000000000000000000, 0.000000000000000000, 1.000000000000000000 ) ) ;
#12694 = ORIENTED_EDGE ( 'NONE', *, *, #8765, .T. ) ;
#12695 = LINE ( 'NONE', #838, #4190 ) ;
#12696 = ADVANCED_FACE ( 'NONE', ( #10159, #2023 ), #1305, .F. ) ;
#12697 = DIRECTION ( 'NONE',  ( -1.000000000000000000, -0.000000000000000000, -0.000000000000000000 ) ) ;
#12698 = EDGE_LOOP ( 'NONE', ( #10413, #7602, #6809, #11459 ) ) ;
#12699 = PLANE ( 'NONE',  #6715 ) ;
#12700 = ORIENTED_EDGE ( 'NONE', *, *, #7321, .F. ) ;
#12701 = ORIENTED_EDGE ( 'NONE', *, *, #5900, .T. ) ;
#12702 = VECTOR ( 'NONE', #2330, 1000.000000000000000 ) ;
#12703 = ADVANCED_FACE ( 'NONE', ( #6270 ), #10222, .F. ) ;
#12704 = EDGE_LOOP ( 'NONE', ( #5196, #3250, #10068, #3385 ) ) ;
#12705 = LINE ( 'NONE', #3840, #8242 ) ;
#12706 = EDGE_LOOP ( 'NONE', ( #8904, #3353, #6028, #2052 ) ) ;
#12707 = CARTESIAN_POINT ( 'NONE',  ( -20.32000000000000384, 3.110602869834277161E-16, -1.270000000000001128 ) ) ;
#12708 = EDGE_CURVE ( 'NONE', #7896, #7118, #602, .T. ) ;
#12709 = CARTESIAN_POINT ( 'NONE',  ( 22.85999999999999943, 0.5080000000000000071, 0.7528818102449925664 ) ) ;
#12710 = EDGE_LOOP ( 'NONE', ( #6136, #1176, #4641, #10786 ) ) ;
#12711 = DIRECTION ( 'NONE',  ( -0.000000000000000000, 0.000000000000000000, -1.000000000000000000 ) ) ;
#12712 = AXIS2_PLACEMENT_3D ( 'NONE', #10816, #2872, #9541 ) ;
#12713 = ORIENTED_EDGE ( 'NONE', *, *, #4100, .T. ) ;
#12714 = CARTESIAN_POINT ( 'NONE',  ( -25.40000000000000568, 0.5080000000000002292, -0.7528818102449945648 ) ) ;
#12715 = LINE ( 'NONE', #6073, #731 ) ;
#12716 = LINE ( 'NONE', #672, #8644 ) ;
#12717 = VECTOR ( 'NONE', #7105, 1000.000000000000000 ) ;
#12718 = PLANE ( 'NONE',  #1153 ) ;
#12719 = VECTOR ( 'NONE', #3460, 1000.000000000000000 ) ;
#12720 = ORIENTED_EDGE ( 'NONE', *, *, #9436, .F. ) ;
#12721 = DIRECTION ( 'NONE',  ( -0.000000000000000000, 1.000000000000000000, 1.733406087350420004E-16 ) ) ;
#12722 = EDGE_CURVE ( 'NONE', #12830, #6240, #7378, .T. ) ;
#12723 = LINE ( 'NONE', #1707, #2134 ) ;
#12724 = CARTESIAN_POINT ( 'NONE',  ( -17.78000000000000469, 0.5080000000000000071, 0.7528818102449925664 ) ) ;
#12725 = DIRECTION ( 'NONE',  ( -0.7071067811865475727, -0.7071067811865475727, 0.000000000000000000 ) ) ;
#12726 = DIRECTION ( 'NONE',  ( 0.5773502691896252870, -0.5773502691896251759, -0.5773502691896267303 ) ) ;
#12727 = VECTOR ( 'NONE', #3087, 1000.000000000000000 ) ;
#12728 = CARTESIAN_POINT ( 'NONE',  ( 25.39999999999999858, 0.5080000000000000071, 0.7528818102449925664 ) ) ;
#12729 = CARTESIAN_POINT ( 'NONE',  ( 2.539999999999993818, 3.110602869834277161E-16, -1.270000000000001128 ) ) ;
#12730 = ORIENTED_EDGE ( 'NONE', *, *, #6250, .F. ) ;
#12731 = AXIS2_PLACEMENT_3D ( 'NONE', #9987, #12154, #10983 ) ;
#12732 = EDGE_CURVE ( 'NONE', #6334, #11002, #3654, .T. ) ;
#12733 = DIRECTION ( 'NONE',  ( 0.000000000000000000, 0.000000000000000000, -1.000000000000000000 ) ) ;
#12734 = VECTOR ( 'NONE', #8691, 1000.000000000000000 ) ;
#12735 = ORIENTED_EDGE ( 'NONE', *, *, #11682, .F. ) ;
#12736 = CARTESIAN_POINT ( 'NONE',  ( 22.85999999999999943, 0.5080000000000002292, -0.7528818102449945648 ) ) ;
#12737 = ORIENTED_EDGE ( 'NONE', *, *, #4644, .F. ) ;
#12738 = VECTOR ( 'NONE', #4444, 1000.000000000000000 ) ;
#12739 = CARTESIAN_POINT ( 'NONE',  ( 7.619999999999994778, -1.925929944387235853E-31, 0.8889999999999991243 ) ) ;
#12740 = ADVANCED_FACE ( 'NONE', ( #4442 ), #7449, .F. ) ;
#12741 = CARTESIAN_POINT ( 'NONE',  ( -3.469446951953614189E-15, 0.5080000000000002292, -0.7528818102449945648 ) ) ;
#12742 = ADVANCED_FACE ( 'NONE', ( #3465, #8605 ), #12323, .F. ) ;
#12743 = PLANE ( 'NONE',  #3653 ) ;
#12744 = CARTESIAN_POINT ( 'NONE',  ( -11.81100000000000527, 8.064500000000000668, -0.3810000000000023368 ) ) ;
#12745 = ORIENTED_EDGE ( 'NONE', *, *, #200, .T. ) ;
#12746 = ADVANCED_FACE ( 'NONE', ( #9389 ), #7503, .T. ) ;
#12747 = CARTESIAN_POINT ( 'NONE',  ( -2.095500000000003471, 8.509000000000000341, -0.8255000000000036753 ) ) ;
#12748 = AXIS2_PLACEMENT_3D ( 'NONE', #8063, #11966, #7994 ) ;
#12749 = AXIS2_PLACEMENT_3D ( 'NONE', #5706, #4868, #7793 ) ;
#12750 = DIRECTION ( 'NONE',  ( -0.000000000000000000, -2.667820306312751888E-16, 1.000000000000000000 ) ) ;
#12751 = VERTEX_POINT ( 'NONE', #11409 ) ;
#12752 = CARTESIAN_POINT ( 'NONE',  ( -8.763000000000007006, 7.810500000000000220, -0.1270000000000020557 ) ) ;
#12753 = CARTESIAN_POINT ( 'NONE',  ( -11.43000000000000682, 0.000000000000000000, 0.000000000000000000 ) ) ;
#12754 = VERTEX_POINT ( 'NONE', #1567 ) ;
#12755 = EDGE_CURVE ( 'NONE', #4640, #11905, #6412, .T. ) ;
#12756 = DIRECTION ( 'NONE',  ( 1.000000000000000000, 0.000000000000000000, 0.000000000000000000 ) ) ;
#12757 = AXIS2_PLACEMENT_3D ( 'NONE', #9019, #8176, #1206 ) ;
#12758 = LINE ( 'NONE', #8719, #5840 ) ;
#12759 = ORIENTED_EDGE ( 'NONE', *, *, #5586, .T. ) ;
#12760 = CARTESIAN_POINT ( 'NONE',  ( 22.85999999999999943, 2.177422008883992879E-16, -0.8890000000000013447 ) ) ;
#12761 = VERTEX_POINT ( 'NONE', #9524 ) ;
#12762 = ORIENTED_EDGE ( 'NONE', *, *, #8990, .T. ) ;
#12763 = FACE_OUTER_BOUND ( 'NONE', #8354, .T. ) ;
#12764 = VERTEX_POINT ( 'NONE', #9331 ) ;
#12765 = VECTOR ( 'NONE', #7639, 1000.000000000000000 ) ;
#12766 = ORIENTED_EDGE ( 'NONE', *, *, #565, .T. ) ;
#12767 = EDGE_CURVE ( 'NONE', #4291, #8337, #5357, .T. ) ;
#12768 =( NAMED_UNIT ( * ) SI_UNIT ( $, .STERADIAN. ) SOLID_ANGLE_UNIT ( ) );
#12769 =( NAMED_UNIT ( * ) SI_UNIT ( $, .STERADIAN. ) SOLID_ANGLE_UNIT ( ) );
#12770 = ORIENTED_EDGE ( 'NONE', *, *, #5857, .T. ) ;
#12771 = LINE ( 'NONE', #12524, #6723 ) ;
#12772 = CARTESIAN_POINT ( 'NONE',  ( 25.39999999999999858, 2.177422008883992879E-16, -0.8890000000000013447 ) ) ;
#12773 = VERTEX_POINT ( 'NONE', #3391 ) ;
#12774 = VERTEX_POINT ( 'NONE', #10359 ) ;
#12775 = VECTOR ( 'NONE', #8325, 1000.000000000000000 ) ;
#12776 = DIRECTION ( 'NONE',  ( 0.000000000000000000, -1.000000000000000000, -2.548365665731588345E-16 ) ) ;
#12777 = ORIENTED_EDGE ( 'NONE', *, *, #9394, .T. ) ;
#12778 = PLANE ( 'NONE',  #4704 ) ;
#12779 = LINE ( 'NONE', #12843, #5716 ) ;
#12780 = DIRECTION ( 'NONE',  ( 0.000000000000000000, 0.2588190451025145222, -0.9659258262890699775 ) ) ;
#12781 = VECTOR ( 'NONE', #3128, 999.9999999999998863 ) ;
#12782 = VECTOR ( 'NONE', #7776, 1000.000000000000000 ) ;
#12783 = COLOUR_RGB ( '',0.2509803921568627416, 0.2509803921568627416, 0.2509803921568627416 ) ;
#12784 = FACE_OUTER_BOUND ( 'NONE', #7787, .T. ) ;
#12785 = ORIENTED_EDGE ( 'NONE', *, *, #11117, .T. ) ;
#12786 = DIRECTION ( 'NONE',  ( 0.000000000000000000, 0.9659258262890700886, -0.2588190451025140781 ) ) ;
#12787 = CARTESIAN_POINT ( 'NONE',  ( 11.04899999999999594, 7.239000000000000767, -0.3810000000000025033 ) ) ;
#12788 = CARTESIAN_POINT ( 'NONE',  ( 0.3810000000000000053, -2.692399999999995686, 0.2032000000000002693 ) ) ;
#12789 = DIRECTION ( 'NONE',  ( -1.000000000000000000, -0.000000000000000000, -0.000000000000000000 ) ) ;
#12790 = EDGE_LOOP ( 'NONE', ( #661, #7942, #3850, #3932 ) ) ;
#12791 = CARTESIAN_POINT ( 'NONE',  ( 0.3810000000000000053, -3.200400000000000134, 0.2032000000000001583 ) ) ;
#12792 = VECTOR ( 'NONE', #10771, 1000.000000000000000 ) ;
#12793 = DIRECTION ( 'NONE',  ( 0.000000000000000000, 0.000000000000000000, -1.000000000000000000 ) ) ;
#12794 = VERTEX_POINT ( 'NONE', #2485 ) ;
#12795 = LINE ( 'NONE', #1976, #9101 ) ;
#12796 = VECTOR ( 'NONE', #1903, 1000.000000000000000 ) ;
#12797 = CARTESIAN_POINT ( 'NONE',  ( -16.89100000000000179, 7.239000000000000767, 0.3809999999999962861 ) ) ;
#12798 = ORIENTED_EDGE ( 'NONE', *, *, #2631, .T. ) ;
#12799 = DIRECTION ( 'NONE',  ( 0.000000000000000000, 2.548365665731588345E-16, -1.000000000000000000 ) ) ;
#12800 = ORIENTED_EDGE ( 'NONE', *, *, #5089, .F. ) ;
#12801 = VECTOR ( 'NONE', #3522, 1000.000000000000000 ) ;
#12802 = CARTESIAN_POINT ( 'NONE',  ( -25.40000000000000568, 0.5080000000000002292, -0.7528818102449945648 ) ) ;
#12803 = ORIENTED_EDGE ( 'NONE', *, *, #7053, .F. ) ;
#12804 = EDGE_CURVE ( 'NONE', #4640, #7369, #6476, .T. ) ;
#12805 = CARTESIAN_POINT ( 'NONE',  ( -20.76450000000000529, 8.509000000000000341, -0.8255000000000036753 ) ) ;
#12806 = LINE ( 'NONE', #9623, #11777 ) ;
#12807 = DIRECTION ( 'NONE',  ( 0.000000000000000000, 0.000000000000000000, 1.000000000000000000 ) ) ;
#12808 = EDGE_CURVE ( 'NONE', #10218, #2118, #1498, .T. ) ;
#12809 = DIRECTION ( 'NONE',  ( 0.000000000000000000, -0.9659258262890699775, -0.2588190451025145222 ) ) ;
#12810 = ORIENTED_EDGE ( 'NONE', *, *, #5209, .F. ) ;
#12811 = DIRECTION ( 'NONE',  ( 0.000000000000000000, 0.2588190451025145222, -0.9659258262890699775 ) ) ;
#12812 = ORIENTED_EDGE ( 'NONE', *, *, #10462, .F. ) ;
#12813 = EDGE_CURVE ( 'NONE', #430, #6323, #11274, .T. ) ;
#12814 = VECTOR ( 'NONE', #2523, 1000.000000000000000 ) ;
#12815 = EDGE_CURVE ( 'NONE', #440, #186, #2353, .T. ) ;
#12816 = PLANE ( 'NONE',  #11952 ) ;
#12817 = EDGE_LOOP ( 'NONE', ( #5664, #4626, #1117, #12315 ) ) ;
#12818 = ADVANCED_FACE ( 'NONE', ( #3584 ), #6538, .F. ) ;
#12819 = PLANE ( 'NONE',  #6120 ) ;
#12820 = PRODUCT_CONTEXT ( 'NONE', #1412, 'mechanical' ) ;
#12821 = ORIENTED_EDGE ( 'NONE', *, *, #1346, .F. ) ;
#12822 = EDGE_CURVE ( 'NONE', #2146, #2437, #2619, .T. ) ;
#12823 = DIRECTION ( 'NONE',  ( 1.000000000000000000, 0.000000000000000000, 0.000000000000000000 ) ) ;
#12824 = AXIS2_PLACEMENT_3D ( 'NONE', #5511, #9488, #11628 ) ;
#12825 = LINE ( 'NONE', #3900, #855 ) ;
#12826 = VERTEX_POINT ( 'NONE', #1632 ) ;
#12827 = ORIENTED_EDGE ( 'NONE', *, *, #6921, .F. ) ;
#12828 = EDGE_LOOP ( 'NONE', ( #10084, #2892, #2047, #9437 ) ) ;
#12829 = LINE ( 'NONE', #7824, #2822 ) ;
#12830 = VERTEX_POINT ( 'NONE', #9585 ) ;
#12831 = EDGE_LOOP ( 'NONE', ( #9801, #9356, #15, #11036 ) ) ;
#12832 = DIRECTION ( 'NONE',  ( -0.000000000000000000, 0.000000000000000000, 1.000000000000000000 ) ) ;
#12833 = CARTESIAN_POINT ( 'NONE',  ( -13.14450000000000429, 8.509000000000000341, 0.8254999999999981242 ) ) ;
#12834 = EDGE_LOOP ( 'NONE', ( #5204, #1871, #9061, #4650 ) ) ;
#12835 = CARTESIAN_POINT ( 'NONE',  ( 22.85999999999999943, 8.509000000000000341, -1.270000000000001128 ) ) ;
#12836 = DIRECTION ( 'NONE',  ( -0.000000000000000000, 0.000000000000000000, -1.000000000000000000 ) ) ;
#12837 = ORIENTED_EDGE ( 'NONE', *, *, #6846, .F. ) ;
#12838 = DIRECTION ( 'NONE',  ( 0.000000000000000000, 0.000000000000000000, -1.000000000000000000 ) ) ;
#12839 = VERTEX_POINT ( 'NONE', #10298 ) ;
#12840 = AXIS2_PLACEMENT_3D ( 'NONE', #2431, #3471, #6420 ) ;
#12841 = LINE ( 'NONE', #1764, #6373 ) ;
#12842 = ADVANCED_FACE ( 'NONE', ( #1375 ), #4377, .F. ) ;
#12843 = CARTESIAN_POINT ( 'NONE',  ( -3.429000000000005155, 7.239000000000000767, 0.3809999999999962861 ) ) ;
#12844 = VECTOR ( 'NONE', #5363, 1000.000000000000000 ) ;
#12845 = VERTEX_POINT ( 'NONE', #9899 ) ;
#12846 = VECTOR ( 'NONE', #1318, 1000.000000000000000 ) ;
#12847 = DIRECTION ( 'NONE',  ( -1.000000000000000000, -0.000000000000000000, -0.000000000000000000 ) ) ;
#12848 = VERTEX_POINT ( 'NONE', #7116 ) ;
#12849 = CARTESIAN_POINT ( 'NONE',  ( -15.24000000000000554, -1.925929944387235853E-31, 0.8889999999999991243 ) ) ;
#12850 = DIRECTION ( 'NONE',  ( 0.000000000000000000, 0.000000000000000000, -1.000000000000000000 ) ) ;
#12851 = DIRECTION ( 'NONE',  ( 0.000000000000000000, -1.000000000000000000, 0.000000000000000000 ) ) ;
#12852 = DIRECTION ( 'NONE',  ( 0.5773502691896252870, -0.5773502691896251759, -0.5773502691896267303 ) ) ;
#12853 = CARTESIAN_POINT ( 'NONE',  ( -27.05100000000000549, 7.239000000000000767, 0.3809999999999962861 ) ) ;
#12854 = ADVANCED_FACE ( 'NONE', ( #8018 ), #1943, .F. ) ;
#12855 = EDGE_CURVE ( 'NONE', #8515, #1370, #11064, .T. ) ;
#12856 = VERTEX_POINT ( 'NONE', #2925 ) ;
#12857 = CARTESIAN_POINT ( 'NONE',  ( -25.40000000000000568, 0.5080000000000000071, 0.7528818102449925664 ) ) ;
#12858 = PLANE ( 'NONE',  #8152 ) ;
#12859 = ORIENTED_EDGE ( 'NONE', *, *, #8002, .F. ) ;
#12860 = VERTEX_POINT ( 'NONE', #8918 ) ;
#12861 = LINE ( 'NONE', #8051, #12434 ) ;
#12862 = FACE_OUTER_BOUND ( 'NONE', #7040, .T. ) ;
#12863 = VERTEX_POINT ( 'NONE', #6122 ) ;
#12864 = EDGE_CURVE ( 'NONE', #11846, #2131, #2067, .T. ) ;
#12865 = CARTESIAN_POINT ( 'NONE',  ( -5.080000000000004512, 2.177422008883992879E-16, -0.8890000000000013447 ) ) ;
#12866 = DIRECTION ( 'NONE',  ( -1.000000000000000000, -0.000000000000000000, -0.000000000000000000 ) ) ;
#12867 = ORIENTED_EDGE ( 'NONE', *, *, #4109, .F. ) ;
#12868 = DIRECTION ( 'NONE',  ( -0.000000000000000000, 0.000000000000000000, 1.000000000000000000 ) ) ;
#12869 = VERTEX_POINT ( 'NONE', #2991 ) ;
#12870 = PLANE ( 'NONE',  #9216 ) ;
#12871 = DIRECTION ( 'NONE',  ( 0.000000000000000000, 0.000000000000000000, 1.000000000000000000 ) ) ;
#12872 = DIRECTION ( 'NONE',  ( -0.000000000000000000, 0.000000000000000000, -1.000000000000000000 ) ) ;
#12873 = LINE ( 'NONE', #3039, #5268 ) ;
#12874 = EDGE_CURVE ( 'NONE', #11337, #4595, #6058, .T. ) ;
#12875 = PLANE ( 'NONE',  #10570 ) ;
#12876 = ORIENTED_EDGE ( 'NONE', *, *, #11909, .F. ) ;
#12877 = LINE ( 'NONE', #5985, #10542 ) ;
#12878 = CARTESIAN_POINT ( 'NONE',  ( 14.79549999999999699, 8.509000000000000341, -1.270000000000001128 ) ) ;
#12879 = ORIENTED_EDGE ( 'NONE', *, *, #9940, .T. ) ;
#12880 = NEXT_ASSEMBLY_USAGE_OCCURRENCE ( 'NAUO1', ' ', ' ', #4339, #1625, $ ) ;
#12881 = NEXT_ASSEMBLY_USAGE_OCCURRENCE ( 'NAUO2', ' ', ' ', #4339, #6659, $ ) ;
#12882 = NEXT_ASSEMBLY_USAGE_OCCURRENCE ( 'NAUO3', ' ', ' ', #4339, #6659, $ ) ;
#12883 = NEXT_ASSEMBLY_USAGE_OCCURRENCE ( 'NAUO4', ' ', ' ', #4339, #6659, $ ) ;
#12884 = NEXT_ASSEMBLY_USAGE_OCCURRENCE ( 'NAUO5', ' ', ' ', #4339, #6659, $ ) ;
#12885 = NEXT_ASSEMBLY_USAGE_OCCURRENCE ( 'NAUO6', ' ', ' ', #4339, #6659, $ ) ;
#12886 = NEXT_ASSEMBLY_USAGE_OCCURRENCE ( 'NAUO7', ' ', ' ', #4339, #6659, $ ) ;
#12887 = NEXT_ASSEMBLY_USAGE_OCCURRENCE ( 'NAUO8', ' ', ' ', #4339, #6659, $ ) ;
#12888 = NEXT_ASSEMBLY_USAGE_OCCURRENCE ( 'NAUO9', ' ', ' ', #4339, #6659, $ ) ;
#12889 = NEXT_ASSEMBLY_USAGE_OCCURRENCE ( 'NAUO10', ' ', ' ', #4339, #6659, $ ) ;
#12890 = NEXT_ASSEMBLY_USAGE_OCCURRENCE ( 'NAUO11', ' ', ' ', #4339, #6659, $ ) ;
#12891 = NEXT_ASSEMBLY_USAGE_OCCURRENCE ( 'NAUO12', ' ', ' ', #4339, #6659, $ ) ;
#12892 = NEXT_ASSEMBLY_USAGE_OCCURRENCE ( 'NAUO13', ' ', ' ', #4339, #6659, $ ) ;
#12893 = NEXT_ASSEMBLY_USAGE_OCCURRENCE ( 'NAUO14', ' ', ' ', #4339, #6659, $ ) ;
#12894 = NEXT_ASSEMBLY_USAGE_OCCURRENCE ( 'NAUO15', ' ', ' ', #4339, #6659, $ ) ;
#12895 = NEXT_ASSEMBLY_USAGE_OCCURRENCE ( 'NAUO16', ' ', ' ', #4339, #6659, $ ) ;
#12896 = NEXT_ASSEMBLY_USAGE_OCCURRENCE ( 'NAUO17', ' ', ' ', #4339, #6659, $ ) ;
#12897 = NEXT_ASSEMBLY_USAGE_OCCURRENCE ( 'NAUO18', ' ', ' ', #4339, #6659, $ ) ;
#12898 = NEXT_ASSEMBLY_USAGE_OCCURRENCE ( 'NAUO19', ' ', ' ', #4339, #6659, $ ) ;
#12899 = NEXT_ASSEMBLY_USAGE_OCCURRENCE ( 'NAUO20', ' ', ' ', #4339, #6659, $ ) ;
#12900 = NEXT_ASSEMBLY_USAGE_OCCURRENCE ( 'NAUO21', ' ', ' ', #4339, #6659, $ ) ;
#12901 = NEXT_ASSEMBLY_USAGE_OCCURRENCE ( 'NAUO22', ' ', ' ', #4339, #6659, $ ) ;
#12902 = NEXT_ASSEMBLY_USAGE_OCCURRENCE ( 'NAUO23', ' ', ' ', #4339, #6659, $ ) ;
ENDSEC;
END-ISO-10303-21;
